{
  "id" : 100,
  "nbAya" : 11,
  "name" : "العَادِيَات",
  "type" : "مكيَّة",
  "ayets" : [ {
    "id" : 1,
    "eya" : "وَالْعَادِيَاتِ ضَبْحًا (1) ",
    "tafsir" : "تفسير سورة العاديات وهي مكية .\nيقسم تعالى بالخيل إذا أجريت في سبيله فعدت وضبحت ، وهو : الصوت الذي يسمع من الفرس حين تعدو .\nقال ابن أبي حاتم : حدثنا أبو سعيد الأشج ، حدثنا عبدة ، عن الأعمش ، عن إبراهيم عن عبد الله : ( والعاديات ضبحا ) قال : الإبل .\nوقال علي : هي الإبل . وقال ابن عباس : هي الخيل . فبلغ عليا قول ابن عباس ، فقال : ما كانت لنا خيل يوم بدر . قال ابن عباس : إنما كان ذلك في سرية بعثت .\nقال ابن أبي حاتم وابن جرير : حدثنا يونس ، أخبرنا ابن وهب ، أخبرني أبو صخر ، عن أبي معاوية البجلي ، عن سعيد بن جبير ، عن ابن عباس حدثه ، قال : بينا أنا في الحجر جالسا ، جاءني رجل فسألني عن : ( والعاديات ضبحا ) فقلت له : الخيل حين تغير في سبيل الله ، ثم تأوي إلى الليل ، فيصنعون طعامهم ، ويورون نارهم . فانفتل عني فذهب إلى علي رضي الله عنه ، وهو عند سقاية زمزم فسأله عن ( والعاديات ضبحا ) فقال : سألت عنها أحدا قبلي ؟ قال : نعم ، سألت ابن عباس فقال : الخيل حين تغير في سبيل الله . قال : اذهب فادعه لي . فلما وقف على رأسه قال : تفتي الناس بما لا علم لك ، والله لئن كان أول غزوة في الإسلام بدر ، وما كان معنا إلا فرسان : فرس للزبير وفرس للمقداد ، فكيف تكون العاديات ضبحا ؟ إنما العاديات ضبحا من عرفة إلى المزدلفة ، ومن المزدلفة إلى منى .\nقال ابن عباس : فنزعت عن قولي ورجعت إلى الذي قال علي رضي الله عنه .\nوبهذا الإسناد عن ابن عباس قال : قال علي : إنما ( والعاديات ضبحا ) من عرفة إلى المزدلفة ، فإذا أووا إلى المزدلفة أوروا النيران .\nوقال العوفي ، عن ابن عباس : هي الخيل .\nوقد قال بقول علي : إنها الإبل جماعة . منهم : إبراهيم وعبيد بن عمير وبقول ابن عباس آخرون ، منهم : مجاهد ، وعكرمة ، وعطاء ، وقتادة ، والضحاك . واختاره ابن جرير .\nقال ابن عباس وعطاء : ما ضبحت دابة قط إلا فرس أو كلب .\nوقال ابن جريج ، عن عطاء : سمعت ابن عباس يصف الضبح : أح أح ."
  }, {
    "id" : 2,
    "eya" : "فَالْمُورِيَاتِ قَدْحًا (2) ",
    "tafsir" : "\"فالموريات قدحا\" يعني اصطكاك نعالها للصخر فتقدح منه النار.\nوقال أكثر هؤلاء في قوله : ( فالموريات قدحا ) يعني : بحوافرها . وقيل : أسعرن الحرب بين ركبانهن . قاله قتادة .\nوعن ابن عباس ومجاهد : ( فالموريات قدحا ) يعني : مكر الرجال .\nوقيل : هو إيقاد النار إذا رجعوا إلى منازلهم من الليل .\nوقيل : المراد بذلك : نيران القبائل .\nوقال من فسرها بالخيل : هو إيقاد النار بالمزدلفة .\nوقال ابن جرير : والصواب الأول ; أنها الخيل حين تقدح بحوافرها ."
  }, {
    "id" : 3,
    "eya" : "فَالْمُغِيرَاتِ صُبْحًا (3) ",
    "tafsir" : "يعني الإغارة وقت الصباح كما كان رسول الله صلى الله عليه وسلم يغير صباحا ويستمع الأذان فإن سمع أذانا وإلا أغار.( فالمغيرات صبحا ) قال ابن عباس ومجاهد وقتادة : يعني إغارة الخيل صبحا في سبيل الله .\nوقال من فسرها بالإبل : هو الدفع صبحا من المزدلفة إلى منى ."
  }, {
    "id" : 4,
    "eya" : "فَأَثَرْنَ بِهِ نَقْعًا (4) ",
    "tafsir" : "يعني غبارا فى مكان معترك الخيول.\nوقالوا كلهم في قوله : ( فأثرن به نقعا ) هو : المكان الذي إذا حلت فيه أثارت به الغبار ، إما في حج أو غزو ."
  }, {
    "id" : 5,
    "eya" : "فَوَسَطْنَ بِهِ جَمْعًا (5) ",
    "tafsir" : "أي توسطن ذلك المكان كلهن جمع."
  }, {
    "id" : 6,
    "eya" : "إِنَّ الْإِنسَانَ لِرَبِّهِ لَكَنُودٌ (6) ",
    "tafsir" : "وقوله : ( إن الإنسان لربه لكنود ) هذا هو المقسم عليه ، بمعنى : أنه لنعم ربه لجحود كفور .\nقال ابن عباس ، ومجاهد ، وإبراهيم النخعي ، وأبو الجوزاء ، وأبو العالية ، وأبو الضحى ، وسعيد بن جبير ، ومحمد بن قيس ، والضحاك ، والحسن ، وقتادة ، والربيع بن أنس ، وابن زيد : الكنود : الكفور . قال الحسن : هو الذي يعد المصائب ، وينسى نعم ربه .\nوقال ابن أبي حاتم : حدثنا أبو كريب ، حدثنا عبيد الله ، عن إسرائيل ، عن جعفر بن الزبير ، عن القاسم ، عن أبي أمامة قال : قال رسول الله صلى الله عليه وسلم : ( إن الإنسان لربه لكنود )\" الكفور الذي يأكل وحده ، ويضرب عبده ، ويمنع رفده \"\nورواه ابن أبي حاتم ، من طريق جعفر بن الزبير - وهو متروك - فهذا إسناد ضعيف . وقد رواه ابن جرير أيضا من حديث حريز بن عثمان ، عن حمزة بن هانئ ، عن أبي أمامة موقوفا ."
  }, {
    "id" : 7,
    "eya" : "وَإِنَّهُ عَلَىٰ ذَٰلِكَ لَشَهِيدٌ (7) ",
    "tafsir" : "وقوله : ( وإنه على ذلك لشهيد ) قال قتادة وسفيان الثوري : وإن الله على ذلك لشهيد . ويحتمل أن يعود الضمير على الإنسان ، قاله محمد بن كعب القرظي ، فيكون تقديره : وإن الإنسان على كونه كنودا لشهيد ، أي : بلسان حاله ، أي : ظاهر ذلك عليه في أقواله وأفعاله ، كما قال تعالى : ( ما كان للمشركين أن يعمروا مساجد الله شاهدين على أنفسهم بالكفر )[ التوبة : 17 ]"
  }, {
    "id" : 8,
    "eya" : "وَإِنَّهُ لِحُبِّ الْخَيْرِ لَشَدِيدٌ (8) ",
    "tafsir" : "وقوله : ( وإنه لحب الخير لشديد ) أي : وإنه لحب الخير - وهو : المال - لشديد . وفيه مذهبان :\nأحدهما : أن المعنى : وإنه لشديد المحبة للمال .\nوالثاني : وإنه لحريص بخيل ; من محبة المال . وكلاهما صحيح ."
  }, {
    "id" : 9,
    "eya" : "۞ أَفَلَا يَعْلَمُ إِذَا بُعْثِرَ مَا فِي الْقُبُورِ (9) ",
    "tafsir" : "أي أخرج ما فيها من الأموات."
  }, {
    "id" : 10,
    "eya" : "وَحُصِّلَ مَا فِي الصُّدُورِ (10) ",
    "tafsir" : "قال ابن عباس وغيره يعني أبرز وأظهر ما كانوا يسرون في نفوسهم."
  }, {
    "id" : 11,
    "eya" : "إِنَّ رَبَّهُم بِهِمْ يَوْمَئِذٍ لَّخَبِيرٌ (11) ",
    "tafsir" : "أي لعالم بجميع ما كانوا يصنعون ويعملون ومجازيهم عليه أوفر الجزاء ولا يظلم مثقال ذرة.\nآخر تفسير سورة العاديات ولله الحمد و المنة."
  } ]
}