{
  "id" : 104,
  "nbAya" : 9,
  "name" : "الهُمَزَة",
  "type" : "مكيَّة",
  "ayets" : [ {
    "id" : 1,
    "eya" : "وَيْلٌ لِّكُلِّ هُمَزَةٍ لُّمَزَةٍ (1) ",
    "tafsir" : "فسير سورة ويل لكل همزة لمزة وهي مكية .\nالهماز : بالقول ، واللماز : بالفعل . يعني : يزدري بالناس وينتقص بهم . وقد تقدم بيان ذلك في قوله : ( هماز مشاء بنميم )[ القلم : 11 ]\nقال ابن عباس : ( همزة لمزة ) طعان معياب . وقال الربيع بن أنس : الهمزة ، يهمزه في وجه ، واللمزة من خلفه . وقال قتادة : يهمزه ويلمزه بلسانه وعينه ، ويأكل لحوم الناس ، ويطعن عليهم .\nوقال مجاهد : الهمزة : باليد والعين ، واللمزة : باللسان . وهكذا قال ابن زيد . وقال مالك ، عن زيد بن أسلم : همزة : لحوم الناس .\nثم قال بعضهم : المراد بذلك الأخنس بن شريق . وقيل غيره . وقال مجاهد : هي عامة ."
  }, {
    "id" : 2,
    "eya" : "الَّذِي جَمَعَ مَالًا وَعَدَّدَهُ (2) ",
    "tafsir" : "وقوله : ( الذي جمع مالا وعدده ) أي : جمعه بعضه على بعض ، وأحصى عدده كقوله : ( وجمع فأوعى )[ المعارج : 18 ] قاله السدي وابن جرير .\nوقال محمد بن كعب في قوله : ( جمع مالا وعدده ) ألهاه ماله بالنهار ، هذا إلى هذا ، فإذا كان الليل ، نام كأنه جيفة ."
  }, {
    "id" : 3,
    "eya" : "يَحْسَبُ أَنَّ مَالَهُ أَخْلَدَهُ (3) ",
    "tafsir" : "وقوله : ( يحسب أن ماله أخلده ) أي : يظن أن جمعه المال يخلده في هذه الدار ؟ ( كلا ) أي : ليس الأمر كما زعم ولا كما حسب"
  }, {
    "id" : 4,
    "eya" : "كَلَّا ۖ لَيُنبَذَنَّ فِي الْحُطَمَةِ (4) ",
    "tafsir" : "أي ليلقين هذا الذي جمع مالا فعدده في الحطمة وهي اسم طبقة من أسماء النار لأنها تحطم من فيها."
  }, {
    "id" : 5,
    "eya" : "وَمَا أَدْرَاكَ مَا الْحُطَمَةُ (5) ",
    "tafsir" : "قال \"وما أدراك ما الحطمة نار الله الموقدة التي تطلع على الأفئدة\" قال ثابت البناني تحرقهم إلى الأفئدة وهم أحياء ثم يقول لقد بلغ منهم العذاب ثم يبكي وقال محمد بن كعب تأكل كل شيء من جسده حتى إذا بلغت فؤاده حذو حلقه ترجع على جسده."
  }, {
    "id" : 6,
    "eya" : "نَارُ اللَّهِ الْمُوقَدَةُ (6) ",
    "tafsir" : "تأكل كل شيء من جسده حتى إذا بلغت فؤاده حذو حلقه ترجع على جسده."
  }, {
    "id" : 7,
    "eya" : "الَّتِي تَطَّلِعُ عَلَى الْأَفْئِدَةِ (7) ",
    "tafsir" : "قال \"وما أدراك ما الحطمة نار الله الموقدة التي تطلع على الأفئدة\" قال ثابت البناني تحرقهم إلى الأفئدة وهم أحياء ثم يقول لقد بلغ منهم العذاب ثم يبكي وقال محمد بن كعب تأكل كل شيء من جسده حتى إذا بلغت فؤاده حذو حلقه ترجع على جسده."
  }, {
    "id" : 8,
    "eya" : "إِنَّهَا عَلَيْهِم مُّؤْصَدَةٌ (8) ",
    "tafsir" : "وقوله : ( إنها عليهم مؤصدة ) أي : مطبقة كما تقدم تفسيره في سورة البلد .\nوقال ابن مردويه : حدثنا عبد الله بن محمد ، حدثنا علي بن سراج ، حدثنا عثمان بن خرزاذ ، حدثنا شجاع بن أشرس ، حدثنا شريك ، عن عاصم ، عن أبي صالح عن أبي هريرة ، عن النبي صلى الله عليه وسلم : ( إنها عليهم مؤصدة )\" مطبقة \"\nوقد رواه أبو بكر بن أبي شيبة ، عن عبد الله بن أسيد ، عن إسماعيل بن خالد ، عن أبي صالح ، قوله ، ولم يرفعه ."
  }, {
    "id" : 9,
    "eya" : "فِي عَمَدٍ مُّمَدَّدَةٍ (9) ",
    "tafsir" : "( في عمد ممددة ) قال عطية العوفي : عمد من حديد . وقال السدي : من نار . وقال شبيب بن بشر ، عن عكرمة عن ابن عباس : ( في عمد ممددة ) يعني : الأبواب هي الممدوة .\nوقال قتادة في قراءة عبد الله بن مسعود : إنها عليهم مؤصدة بعمد ممدة .\nوقال العوفي ، عن ابن عباس : أدخلهم في عمد فمدت عليهم بعماد ، وفي أعناقهم السلاسل فسدت بها الأبواب .\nوقال قتادة : كنا نحدث أنهم يعذبون بعمد في النار . واختاره ابن جرير .\nوقال أبو صالح : ( في عمد ممددة ) يعني القيود الطوال . آخر تفسير سورة \" ويل لكل همزة لمزة \""
  } ]
}