{
  "id" : 106,
  "nbAya" : 4,
  "name" : "قُرَيْش",
  "type" : "مكيَّة",
  "ayets" : [ {
    "id" : 1,
    "eya" : "لِإِيلَافِ قُرَيْشٍ (1) ",
    "tafsir" : "تفسير سورة لإيلاف قريش وهي مكية .\nذكر حديث غريب في فضلها : قال البيهقي في كتاب \" الخلافيات \" : حدثنا أبو عبد الله الحافظ ، حدثنا بكر بن محمد بن حمدان الصيرفي بمرو ، حدثنا أحمد بن عبيد الله النرسي ، حدثنا يعقوب بن محمد الزهري ، حدثنا إبراهيم بن محمد بن ثابت بن شرحبيل ، حدثني عثمان بن عبد الله [ بن ] أبي عتيق ، عن سعيد بن عمرو بن جعدة بن هبيرة ، عن أبيه ، عن جدته أم هانئ بنت أبي طالب ; أن رسول الله صلى الله عليه وسلم قال : \" فضل الله قريشا بسبع خلال : أني منهم وأن النبوة فيهم ، والحجابة والسقاية فيهم ، وأن الله نصرهم على الفيل ، وأنهم عبدوا الله عز وجل عشر سنين لا يعبده غيرهم ، وأن الله أنزل فيهم سورة من القرآن \" ثم تلاها رسول الله : بسم الله الرحمن الرحيم \" لإيلاف قريش إيلافهم رحلة الشتاء والصيف فليعبدوا رب هذا البيت الذي أطعمهم من جوع وآمنهم من خوف \"\nهذه السورة مفصولة عن التي قبلها في المصحف الإمام ، كتبوا بينهما سطر بسم الله الرحمن الرحيم ، وإن كانت متعلقة بما قبلها . كما صرح بذلك محمد بن إسحاق وعبد الرحمن بن زيد بن أسلم ; لأن المعنى عندهما : حبسنا عن مكة الفيل وأهلكنا أهله ( لإيلاف قريش ) أي : لائتلافهم واجتماعهم في بلدهم آمنين ."
  }, {
    "id" : 2,
    "eya" : "إِيلَافِهِمْ رِحْلَةَ الشِّتَاءِ وَالصَّيْفِ (2) ",
    "tafsir" : "وقيل : المراد بذلك ما كانوا يألفونه من الرحلة في الشتاء إلى اليمن ، وفي الصيف إلى الشام في المتاجر وغير ذلك ، ثم يرجعون إلى بلدهم آمنين في أسفارهم ; لعظمتهم عند الناس ، لكونهم سكان حرم الله ، فمن عرفهم احترمهم ، بل من صوفي إليهم وسار معهم أمن بهم . هذا حالهم في أسفارهم ورحلتهم في شتائهم وصيفهم . وأما في حال إقامتهم في البلد ، فكما قال الله : ( أولم يروا أنا جعلنا حرما آمنا ويتخطف الناس من حولهم )[ العنكبوت : 67 ] ولهذا قال : ( لإيلاف قريش ) بدل من الأول ومفسر ولهذا قال : ( إيلافهم رحلة الشتاء والصيف )\nوقال ابن جرير : الصواب أن \" اللام \" لام التعجب ، كأنه يقول : اعجبوا لإيلاف قريش ونعمتي عليهم في ذلك . قال : وذلك لإجماع المسلمين على أنهما سورتان منفصلتان مستقلتان ."
  }, {
    "id" : 3,
    "eya" : "فَلْيَعْبُدُوا رَبَّ هَٰذَا الْبَيْتِ (3) ",
    "tafsir" : "ثم أرشدهم إلى شكر هذه النعمة العظيمة فقال : ( فليعبدوا رب هذا البيت ) أي : فليوحدوه بالعبادة ، كما جعل لهم حرما آمنا وبيتا محرما ، كما قال تعالى : ( إنما أمرت أن أعبد رب هذه البلدة الذي حرمها وله كل شيء وأمرت أن أكون من المسلمين )[ النمل : 91 ]"
  }, {
    "id" : 4,
    "eya" : "الَّذِي أَطْعَمَهُم مِّن جُوعٍ وَآمَنَهُم مِّنْ خَوْفٍ (4) ",
    "tafsir" : "وقوله : ( الذي أطعمهم من جوع ) أي : هو رب البيت ، وهو \" الذي أطعمهم من جوع وآمنهم من خوف \" أي : تفضل عليهم بالأمن والرخص فليفردوه بالعبادة وحده لا شريك له ، ولا يعبدوا من دونه صنما ولا ندا ولا وثنا . ولهذا من استجاب لهذا الأمر جمع الله له بين أمن الدنيا وأمن الآخرة ، ومن عصاه سلبهما منه ، كما قال تعالى : ( وضرب الله مثلا قرية كانت آمنة مطمئنة يأتيها رزقها رغدا من كل مكان فكفرت بأنعم الله فأذاقها الله لباس الجوع والخوف بما كانوا يصنعون ولقد جاءهم رسول منهم فكذبوه فأخذهم العذاب وهم ظالمون )[ النحل : 112 - 113 ]\nوقد قال ابن أبي حاتم : حدثنا عبد الله بن عمرو العدني ، حدثنا قبيصة ، حدثنا سفيان ، عن ليث ، عن شهر بن حوشب ، عن أسماء بنت يزيد قالت : سمعت رسول الله صلى الله عليه وسلم يقول : \" ويل أمكم قريش ، لإيلاف قريش \"\nحدثنا أبي ، حدثنا المؤمل بن الفضل الحراني ، حدثنا عيسى - يعني ابن يونس - ، عن عبيد الله بن أبي زياد ، عن شهر بن حوشب ، عن أسامة بن زيد قال : سمعت رسول الله صلى الله عليه وسلم يقول : \" لإيلاف قريش إيلافهم رحلة الشتاء والصيف . ويحكم يا معشر قريش ، اعبدوا رب هذا البيت الذي أطعمكم من جوع وآمنكم من خوف \"\nهكذا رأيته عن أسامة بن زيد ، وصوابه عن أسماء بنت يزيد بن السكن ، أم سلمة الأنصارية ، رضي الله عنها ، فلعله وقع غلط في النسخة أو في أصل الرواية ، والله أعلم .\nآخر تفسير سورة \" لإيلاف قريش \""
  } ]
}