{
  "id" : 112,
  "nbAya" : 4,
  "name" : "الإخْلَاص",
  "type" : "مكيَّة",
  "ayets" : [ {
    "id" : 1,
    "eya" : "قُلْ هُوَ اللَّهُ أَحَدٌ (1) ",
    "tafsir" : "تفسير سورة الإخلاص وهي مكية .\nذكر سبب نزولها وفضيلتها\nقال الإمام أحمد : حدثنا أبو سعد محمد بن ميسر الصاغاني ، حدثنا أبو جعفر الرازي ، حدثنا الربيع بن أنس ، عن أبي العالية ، عن أبي بن كعب : أن المشركين قالوا للنبي صلى الله عليه وسلم : يا محمد ، انسب لنا ربك . فأنزل الله : \" قل هو الله أحد الله الصمد لم يلد ولم يولد ولم يكن له كفوا أحد \"\nوكذا رواه الترمذي وابن جرير ، عن أحمد بن منيع - زاد ابن جرير : ومحمود بن خداش - عن أبي سعد محمد بن ميسر به - زاد ابن جرير والترمذي - قال : \" الصمد \" الذي لم يلد ولم يولد ، لأنه ليس شيء يولد إلا سيموت ، وليس شيء يموت إلا سيورث ، وإن الله جل جلاله لا يموت ولا يورث ، \" ولم يكن له كفوا أحد \" ولم يكن له شبه ولا عدل ، وليس كمثله شيء .\nورواه ابن أبي حاتم ، من حديث أبي سعد محمد بن ميسر به . ثم رواه الترمذي ، عن عبد بن حميد ، عن عبيد الله بن موسى ، عن أبي جعفر ، عن الربيع ، عن أبي العالية ، فذكره مرسلا ولم يذكر \" أخبرنا \" . ثم قال الترمذي : هذا أصح من حديث أبي سعد .\nحديث آخر في معناه : قال الحافظ أبو يعلى الموصلي : حدثنا سريج بن يونس ، حدثنا إسماعيل بن مجالد ، عن مجالد ، عن الشعبي ، عن جابر : أن أعرابيا جاء إلى النبي صلى الله عليه وسلم ، فقال : انسب لنا ربك . فأنزل الله عز وجل : \" قل هو الله أحد \" إلى آخرها . إسناده مقارب .\nوقد رواه ابن جرير ، عن محمد بن عوف ، عن سريج فذكره . وقد أرسله غير واحد من السلف .\nوروى عبيد بن إسحاق العطار ، عن قيس بن الربيع ، عن عاصم ، عن أبي وائل ، عن ابن مسعود قال : قالت قريش لرسول الله صلى الله عليه وسلم : انسب لنا ربك ، فنزلت هذه السورة : \" قل هو الله أحد \"\nقال الطبراني : رواه الفريابي وغيره ، عن قيس ، عن أبي عاصم ، عن أبي وائل ، مرسلا .\nثم روى الطبراني من حديث عبد الرحمن بن عثمان الطائفي ، عن الوازع بن نافع ، عن أبي سلمة ، عن أبي هريرة قال : قال رسول الله صلى الله عليه وسلم : \" لكل شيء نسبة ، ونسبة الله : \" قل هو الله أحد الله الصمد \" والصمد ليس بأجوف ] .\nحديث آخر في فضلها : قال البخاري : حدثنا محمد - هو الذهلي - ، حدثنا أحمد بن صالح ، حدثنا ابن وهب ، أخبرنا عمرو ، عن ابن أبي هلال : أن أبا الرجال محمد بن عبد الرحمن حدثه ، عن أمه عمرة بنت عبد الرحمن - وكانت في حجر عائشة زوج النبي صلى الله عليه وسلم - عن عائشة : أن النبي صلى الله عليه وسلم بعث رجلا على سرية ، وكان يقرأ لأصحابه في صلاتهم ، فيختم ب \" قل هو الله أحد \" فلما رجعوا ذكروا ذلك للنبي صلى الله عليه وسلم ، فقال : \" سلوه : لأي شيء يصنع ذلك ؟ \" . فسألوه ، فقال : لأنها صفة الرحمن ، وأنا أحب أن أقرأ بها . فقال النبي صلى الله عليه وسلم : \" أخبروه أن الله تعالى يحبه \"\nهكذا رواه في كتاب \" التوحيد \" . ومنهم من يسقط ذكر \" محمد الذهلي \" . ويجعله من روايته عن أحمد بن صالح . وقد رواه مسلم والنسائي أيضا من حديث عبد الله بن وهب ، عن عمرو بن الحارث ، عن سعيد بن أبي هلال به .\nحديث آخر : قال البخاري في كتاب الصلاة : \" وقال عبيد الله ، عن ثابت عن أنس قال : كان رجل من الأنصار يؤمهم في مسجد قباء ، فكان كلما افتتح سورة يقرأ بها لهم في الصلاة مما يقرأ به افتتح ب \" قل هو الله أحد \" حتى يفرغ منها ، ثم يقرأ سورة أخرى معها ، وكان يصنع ذلك في كل ركعة . فكلمه أصحابه فقالوا : إنك تفتتح بهذه السورة ثم لا ترى أنها تجزئك حتى تقرأ بالأخرى ، فإما أن تقرأ بها ، وإما أن تدعها وتقرأ بأخرى . فقال : ما أنا بتاركها ، إن أحببتم أن أؤمكم بذلك فعلت ، وإن كرهتم تركتكم . وكانوا يرون أنه من أفضلهم ، وكرهوا أن يؤمهم غيره . فلما أتاهم النبي صلى الله عليه وسلم أخبروه الخبر ، فقال : \" يا فلان ، ما يمنعك أن تفعل ما يأمرك به أصحابك ، وما حملك على لزوم هذه السورة في كل ركعة ؟ \" . قال : إني أحبها . قال : \" حبك إياها أدخلك الجنة \" .\nهكذا رواه البخاري تعليقا مجزوما به . وقد رواه أبو عيسى الترمذي في جامعه ، عن البخاري ، عن إسماعيل بن أبي أويس ، عن عبد العزيز بن محمد الدراوردي ، عن عبيد الله بن عمر ، فذكر بإسناده مثله سواء . ثم قال الترمذي : غريب من حديث عبيد الله ، عن ثابت . قال : وروى مبارك بن فضالة ، عن ثابت عن أنس أن رجلا قال : يا رسول الله ، إني أحب هذه السورة : \" قل هو الله أحد \"\" إن حبك إياها أدخلك الجنة \"\nوهذا الذي علقه الترمذي قد رواه الإمام أحمد في مسنده متصلا فقال :\nحدثنا أبو النضر ، حدثنا مبارك بن فضالة ، عن ثابت ، عن أنس قال : جاء رجل إلى رسول الله صلى الله عليه وسلم فقال : إني أحب هذه السورة : \" قل هو الله أحد \" فقال رسول الله صلى الله عليه وسلم : \" حبك إياها أدخلك الجنة \"\nحديث في كونها تعدل ثلث القرآن : قال البخاري : حدثنا إسماعيل ، حدثني مالك ، عن عبد الرحمن بن عبد الله بن عبد الرحمن بن أبي صعصعة ، عن أبيه ، عن أبي سعيد . أن رجلا سمع رجلا يقرأ : \" قل هو الله أحد \" يرددها ، فلما أصبح جاء إلى النبي صلى الله عليه وسلم ، فذكر ذلك له ، وكأن الرجل يتقالها ، فقال النبي صلى الله عليه وسلم : \" والذي نفسي بيده ، إنها لتعدل ثلث القرآن \" . زاد إسماعيل بن جعفر ، عن مالك ، عن عبد الرحمن بن عبد الله ، عن أبيه ، عن أبي سعيد قال : أخبرني أخي قتادة بن النعمان ، عن النبي صلى الله عليه وسلم .\nوقد رواه البخاري أيضا عن عبد الله بن يوسف والقعنبي . ورواه أبو داود ، عن القعنبي . والنسائي ، عن قتيبة ، كلهم عن مالك به . وحديث قتادة بن النعمان أسنده النسائي من طريقين ، عن إسماعيل بن جعفر ، عن مالك به .\nحديث آخر : قال البخاري : حدثنا عمر بن حفص ، حدثنا أبي ، حدثنا الأعمش ، حدثنا إبراهيم والضحاك المشرقي ، عن أبي سعيد قال : قال رسول الله صلى الله عليه وسلم لأصحابه : \" أيعجز أحدكم أن يقرأ ثلث القرآن في ليلة ؟ \" . فشق ذلك عليهم وقالوا : أينا يطيق ذلك يا رسول الله ؟ فقال : \" الله الواحد الصمد ثلث القرآن \"\nتفرد بإخراجه البخاري من حديث إبراهيم بن يزيد النخعي والضحاك بن شرحبيل الهمداني المشرقي ، كلاهما عن أبي سعيد ، قال القربري : سمعت أبا جعفر محمد بن أبي حاتم وراق أبي عبد الله قال : قال أبو عبد الله البخاري : عن إبراهيم مرسل ، وعن الضحاك مسند .\nحديث آخر : قال الإمام أحمد : حدثنا يحيى بن إسحاق ، حدثنا ابن لهيعة ، عن الحارث بن يزيد ، عن أبي الهيثم ، عن أبي سعيد الخدري قال : بات قتادة بن النعمان يقرأ الليل كله ب \" قل هو الله أحد \" فذكر ذلك للنبي صلى الله عليه وسلم ، فقال : \" والذي نفسي بيده ، لتعدل نصف القرآن ، أو ثلثه \"\nحديث آخر : قال الإمام أحمد : حدثنا حسن ، حدثنا ابن لهيعة ، حدثنا حيي بن عبد الله ، عن أبي عبد الرحمن الحبلي ، عن عبد الله بن عمرو : أن أبا أيوب الأنصاري كان في مجلس وهو يقول : ألا يستطيع أحدكم أن يقوم بثلث القرآن كل ليلة ؟ فقالوا : وهل يستطيع ذلك أحد ؟ قال : فإن \" قل هو الله أحد \" ثلث القرآن . قال : فجاء النبي صلى الله عليه وسلم وهو يسمع أبا أيوب ، فقال : \" صدق أبو أيوب \"\nحديث آخر : قال أبو عيسى الترمذي : حدثنا محمد بن بشار ، حدثنا يحيى بن سعيد ، حدثنا يزيد بن كيسان ، أخبرني أبو حازم ، عن أبي هريرة قال : قال رسول الله صلى الله عليه وسلم : \" احشدوا ، فإني سأقرأ عليكم ثلث القرآن \" . فحشد من حشد ، ثم خرج نبي الله صلى الله عليه وسلم فقرأ : \" قل هو الله أحد \" ثم دخل فقال بعضنا لبعض : قال رسول الله صلى الله عليه وسلم : \" فإني سأقرأ عليكم ثلث القرآن \" . إني لأرى هذا خبرا جاء من السماء ، ثم خرج نبي الله صلى الله عليه وسلم فقال : \" إني قلت : سأقرأ عليكم ثلث القرآن ، ألا وإنها تعدل ثلث القرآن \"\nوهكذا رواه مسلم في صحيحه ، عن محمد بن بشار به ، وقال الترمذي : حسن صحيح غريب ، واسم أبي حازم سلمان .\nحديث آخر : قال الإمام أحمد : حدثنا عبد الرحمن بن مهدي ، عن زائدة بن قدامة ، عن منصور ، عن هلال بن يساف ، عن الربيع بن خثيم ، عن عمرو بن ميمون ، عن عبد الرحمن بن أبي ليلى ، عن امرأة من الأنصار ، عن أبي أيوب ، عن النبي صلى الله عليه وسلم قال : \" أيعجز أحدكم أن يقرأ ثلث القرآن في ليلة ؟ فإنه من قرأ : \" قل هو الله أحد الله الصمد \" في ليلة ، فقد قرأ ليلتئذ ثلث القرآن \"\nهذا حديث تساعي الإسناد للإمام أحمد . ورواه الترمذي والنسائي ، كلاهما عن محمد بن بشار بندار - زاد الترمذي وقتيبة - كلاهما عن عبد الرحمن بن مهدي به . فصار لهما عشاريا . وفي رواية الترمذي : \" عن امرأة أبى أيوب ، عن أبي أيوب \"[ وحسنه ] . ثم قال : وفي الباب عن أبي الدرداء وأبي سعيد وقتادة بن النعمان وأبي هريرة وأنس وابن عمر وأبي مسعود . وهذا حديث حسن ، ولا نعلم أحدا روى هذا الحديث أحسن من رواية \" زائدة \" . وتابعه على روايته إسرائيل والفضيل بن عياض . وقد روى شعبة وغير واحد من الثقات هذا الحديث عن منصور واضطربوا فيه .\nحديث آخر : قال أحمد : حدثنا هشيم ، عن حصين ، عن هلال بن يساف ، عن عبد الرحمن بن أبي ليلى ، عن أبي بن كعب - أو : رجل من الأنصار - قال : قال رسول الله صلى الله عليه وسلم : \" من قرأ ب \" قل هو الله أحد \" فكأنما قرأ بثلث القرآن \"\nورواه النسائي في \" اليوم والليلة \" ، من حديث هشيم ، عن حصين ، عن ابن أبي ليلى به . ولم يقع في روايته : هلال بن يساف .\nحديث آخر : قال الإمام أحمد : حدثنا وكيع ، عن سفيان ، عن أبي قيس ، عن عمرو بن ميمون ، عن أبي مسعود قال : قال رسول الله صلى الله عليه وسلم : \" \" قل هو الله أحد \" تعدل ثلث القرآن \"\nوهكذا رواه ابن ماجه ، عن علي بن محمد الطنافسي ، عن وكيع به . ورواه النسائي في \" اليوم والليلة \" من طرق أخر ، عن عمرو بن ميمون ، مرفوعا وموقوفا .\nحديث آخر : قال الإمام أحمد : حدثنا بهز ، حدثنا بكير بن أبي السميط ، حدثنا قتادة ، عن سالم بن أبي الجعد ، عن معدان بن أبي طلحة ، عن أبي الدرداء ، أن رسول الله صلى الله عليه وسلم قال : \" أيعجز أحدكم أن يقرأ كل يوم ثلث القرآن ؟ \" . قالوا : نعم يا رسول الله ، نحن أضعف من ذلك وأعجز . قال : \" فإن الله جزأ القرآن ثلاثة أجزاء ، ف \" قل هو الله أحد \" ثلث القرآن \"\nورواه مسلم والنسائي من حديث قتادة به .\nحديث آخر : قال الإمام أحمد : حدثنا أمية بن خالد ، حدثنا محمد بن عبد الله بن مسلم - ابن أخي ابن شهاب - عن عمه الزهري ، عن حميد بن عبد الرحمن - هو ابن عوف - عن أمه - وهي : أم كلثوم بنت عقبة بن أبي معيط - قالت : قال رسول الله صلى الله عليه وسلم : \" \" قل هو الله أحد \" تعدل ثلث القرآن \"\nوكذا رواه النسائي في \" اليوم والليلة \" ، عن عمرو بن علي ، عن أمية بن خالد به . ثم رواه من طريق مالك ، عن الزهري ، عن حميد بن عبد الرحمن ، قوله . ورواه النسائي أيضا في \" اليوم والليلة \" من حديث محمد بن إسحاق ، عن الحارث بن الفضيل الأنصاري ، عن الزهري ، عن حميد بن عبد الرحمن : أن نفرا من أصحاب محمد صلى الله عليه وسلم حدثوه عن النبي صلى الله عليه وسلم أنه قال : \" قل هو الله أحد \" تعدل ثلث القرآن لمن صلى بها \" .\nحديث آخر في كون قراءتها توجب الجنة : قال الإمام مالك بن أنس ، عن عبيد الله بن عبد الرحمن ، عن عبيد بن حنين قال : سمعت أبا هريرة يقول : أقبلت مع النبي صلى الله عليه وسلم ، فسمع رجلا يقرأ \" قل هو الله أحد \" فقال رسول الله صلى الله عليه وسلم : \" وجبت \" . قلت : وما وجبت ؟ قال : \" الجنة \"\nورواه الترمذي والنسائي من حديث مالك . وقال الترمذي : حسن صحيح غريب ، لا نعرفه إلا من حديث مالك .\nوتقدم حديث : \" حبك إياها أدخلك الجنة \"\nحديث في تكرار قراءتها : قال الحافظ أبو يعلى الموصلي : حدثنا قطن بن نسير ، حدثنا عيسى بن ميمون القرشي ، حدثنا يزيد الرقاشي ، عن أنس قال : سمعت رسول الله صلى الله عليه وسلم يقول : \" أما يستطيع أحدكم أن يقرأ : \" قل هو الله أحد \" ثلاث مرات في ليلة ، فإنها تعدل ثلث القرآن ؟ \"\nهذا إسناد ضعيف ، وأجود منه حديث آخر ، قال عبد الله بن الإمام أحمد :\nحدثنا محمد بن أبي بكر المقدمي ، حدثنا الضحاك بن مخلد ، حدثنا ابن أبي ذئب ، عن أسيد بن أبي أسيد ، عن معاذ بن عبد الله بن خبيب ، عن أبيه قال : أصابنا طش وظلمة ، فانتظرنا رسول الله صلى الله عليه وسلم يصلي بنا ، فخرج فأخذ بيدي ، فقال : \" قل \" . فسكت . قال : \" قل \" . قلت : ما أقول ؟ قال : \" \" قل هو الله أحد \" والمعوذتين حين تمسي وحين تصبح ثلاثا ، تكفك كل يوم مرتين \"\nورواه أبو داود والترمذي والنسائي من حديث ابن أبي ذئب به . وقال الترمذي : حسن صحيح غريب من هذا الوجه . وقد رواه النسائي من طريق أخرى ، عن معاذ بن عبد الله بن خبيب ، عن أبيه ، عن عقبة بن عامر ، فذكره [ ولفظه : \" يكفك كل شيء \"\nحديث آخر في ذلك : قال الإمام أحمد : حدثنا إسحاق بن عيسى ، حدثنا ليث بن سعد ، حدثني الخليل بن مرة ، عن الأزهر بن عبد الله ، عن تميم الداري قال : قال رسول الله صلى الله عليه وسلم : \" من قال : لا إله إلا الله واحدا أحدا صمدا ، لم يتخذ صاحبة ولا ولدا ، ولم يكن له كفوا أحد ، عشر مرات ، كتب له أربعون ألف ألف حسنة \"\nتفرد به أحمد والخليل بن مرة : ضعفه البخاري وغيره بمرة .\nحديث آخر : قال أحمد أيضا : حدثنا حسن بن موسى ، حدثنا ابن لهيعة ، حدثنا زبان بن فائد ، عن سهل بن معاذ بن أنس الجهني ، عن أبيه ، عن رسول الله صلى الله عليه وسلم قال : \" من قرأ \" قل هو الله أحد \" حتى يختمها ، عشر مرات ، بنى الله له قصرا في الجنة \" . فقال عمر : إذن نستكثر يا رسول الله . فقال صلى الله عليه وسلم : \" الله أكثر وأطيب \" . تفرد به أحمد .\nورواه أبو محمد الدارمي في مسنده فقال : حدثنا عبد الله بن يزيد ، حدثنا حيوة ، حدثنا أبو عقيل زهرة بن معبد - قال الدارمي : وكان من الأبدال - أنه سمع سعيد بن المسيب يقول : إن نبي الله صلى الله عليه وسلم قال : \" من قرأ \" قل هو الله أحد \" عشر مرات ، بنى الله له قصرا في الجنة ، ومن قرأها عشرين مرة بنى الله له قصرين في الجنة ، ومن قرأها ثلاثين مرة بنى الله له ثلاثة قصور في الجنة \" . فقال عمر بن الخطاب : إذا لتكثر قصورنا ؟ فقال رسول الله صلى الله عليه وسلم : \" الله أوسع من ذلك \" . وهذا مرسل جيد .\nحديث آخر : قال الحافظ أبو يعلى : حدثنا نصر بن علي ، حدثني نوح بن قيس ، أخبرني محمد العطار ، أخبرتني أم كثير الأنصارية ، عن أنس بن مالك ، عن رسول الله صلى الله عليه وسلم قال : \" من قرأ \" قل هو الله أحد \" خمسين مرة غفرت له ذنوب خمسين سنة \" إسناده ضعيف .\nحديث آخر : قال أبو يعلى : حدثنا أبو الربيع ، حدثنا حاتم بن ميمون ، حدثنا ثابت ، عن أنس قال : قال رسول الله صلى الله عليه وسلم : \" من قرأ في يوم : \" قل هو الله أحد \" مائتي مرة ، كتب الله له ألفا وخمسمائة حسنة إلا أن يكون عليه دين \" . إسناده ضعيف حاتم بن ميمون : ضعفه البخاري وغيره . ورواه الترمذي ، عن محمد بن مرزوق البصري ، عن حاتم بن ميمون به . ولفظه : \" من قرأ كل يوم ، مائتي مرة : \" قل هو الله أحد \" محي عنه ذنوب خمسين سنة ، إلا أن يكون عليه دين \"\nقال الترمذي : وبهذا الإسناد عن النبي صلى الله عليه وسلم قال : \" من أراد أن ينام على فراشه ، فنام على يمينه ، ثم قرأ : \" قل هو الله أحد \" مائة مرة ، فإذا كان يوم القيامة يقول له الرب عز وجل : يا عبدي ، ادخل على يمينك الجنة \" . ثم قال : غريب من حديث ثابت وقد روي من غير هذا الوجه ، عنه .\nوقال أبو بكر البزار : حدثنا سهل بن بحر ، حدثنا حبان بن أغلب ، حدثنا أبي ، حدثنا ثابت ، عن أنس قال : قال رسول الله صلى الله عليه وسلم : \" من قرأ : \" قل هو الله أحد \" مائتي مرة ، حط الله عنه ذنوب مائتي سنة \" . ثم قال : لا نعلم رواه عن ثابت إلا الحسن بن أبي جعفر والأغلب بن تميم ، وهما متقاربان في سوء الحفظ .\nحديث آخر في الدعاء بما تضمنته من الأسماء : قال النسائي عند تفسيرها : حدثنا عبد الرحمن بن خالد ، حدثنا زيد بن الحباب ، حدثني مالك بن مغول ، حدثنا عبد الله بن بريدة ، عن أبيه : أنه دخل مع رسول الله صلى الله عليه وسلم المسجد فإذا رجل يصلي ، يدعو يقول : اللهم ، إني أسألك بأني أشهد أن لا إله إلا أنت ، الأحد الصمد ، الذي لم يلد ولم يولد ، ولم يكن له كفوا أحد . قال : \" والذي نفسي بيده ، لقد سأله باسمه الأعظم ، الذي إذا سئل به أعطى ، وإذا دعي به أجاب \"\nوقد أخرجه بقية أصحاب السنن من طرق ، عن مالك بن مغول ، عن عبد الله بن بريدة ، عن أبيه ، به . وقال الترمذي : حسن غريب .\nحديث آخر في قراءتها عشر مرات بعد المكتوبة : قال الحافظ أبو يعلى [ الموصلي ] : حدثنا عبد الأعلى ، حدثنا بشر بن منصور ، عن عمر بن نبهان ، عن أبي شداد ، عن جابر بن عبد الله قال : قال رسول الله صلى الله عليه وسلم : \" ثلاث من جاء بهن مع الإيمان دخل من أي أبواب الجنة شاء ، وزوج من الحور العين حيث شاء : من عفا عن قاتله ، وأدى دينا خفيا ، وقرأ في دبر كل صلاة مكتوبة عشر مرات : \" قل هو الله أحد \" . قال : فقال أبو بكر : أو إحداهن يا رسول الله ؟ قال : \" أو إحداهن \"\nحديث في قراءتها عند دخول المنزل : قال الحافظ أبو القاسم الطبراني : حدثنا محمد بن عبد الله بن بكر السراج العسكري ، حدثنا محمد بن الفرج ، حدثنا محمد بن الزبرقان ، عن مروان بن سالم ، عن أبي زرعة بن عمرو بن جرير ، عن جرير بن عبد الله قال : قال رسول الله صلى الله عليه وسلم : \" من قرأ : \" قل هو الله أحد \" حين يدخل منزله ، نفت الفقر عن أهل ذلك المنزل والجيران \" . إسناده ضعيف .\nحديث في الإكثار من قراءتها في سائر الأحوال : قال الحافظ أبو يعلى : حدثنا محمد بن إسحاق المسيبي ، حدثنا يزيد بن هارون ، عن العلاء بن محمد الثقفي قال : سمعت أنس بن مالك يقول : كنا مع رسول الله صلى الله عليه وسلم بتبوك فطلعت الشمس بضياء وشعاع ونور لم نرها طلعت فيما مضى بمثله ، فأتى جبريل النبي صلى الله عليه وسلم فقال : يا جبريل ، ما لي أرى الشمس طلعت اليوم بضياء ونور وشعاع لم أرها طلعت بمثله فيما مضى ؟ \" . قال : إن ذلك معاوية بن معاوية الليثي ، مات بالمدينة اليوم ، فبعث الله إليه سبعين ألف ملك يصلون عليه . قال : \" وفيم ذلك ؟ \" قال : كان يكثر قراءة : \" قل هو الله أحد \" في الليل وفي النهار ، وفي ممشاه وقيامه وقعوده ، فهل لك يا رسول الله أن أقبض لك الأرض فتصلي عليه ؟ قال : \" نعم \" . فصلى عليه .\nوكذا رواه الحافظ أبو بكر البيهقي في [ كتاب ] دلائل النبوة \" من طريق يزيد بن هارون ، عن العلاء أبي محمد - وهو متهم بالوضع - فالله أعلم .\nطريق أخرى : قال أبو يعلى : حدثنا محمد بن إبراهيم الشامي أبو عبد الله ، حدثنا عثمان بن الهيثم - مؤذن مسجد الجامع بالبصرة عندي - عن محمود أبي عبد الله ، عن عطاء بن أبي ميمونة ، عن أنس قال : نزل جبريل على النبي صلى الله عليه وسلم فقال : مات معاوية بن معاوية الليثي ، فتحب أن تصلي عليه ؟ قال : \" نعم \" . فضرب بجناحه الأرض ، فلم تبق شجرة ولا أكمة إلا تضعضعت ، فرفع سريره فنظر إليه ، فكبر عليه وخلفه صفان من الملائكة ، في كل صف سبعون ألف ملك ، فقال النبي صلى الله عليه وسلم : \" يا جبريل ، بم نال هذه المنزلة من الله تعالى ؟ \" . قال بحبه : \" قل هو الله أحد \" وقراءته إياها ذاهبا وجائيا قائما وقاعدا ، وعلى كل حال .\nورواه البيهقي من رواية عثمان بن الهيثم المؤذن ، عن محبوب بن هلال ، عن عطاء بن أبي ميمونة ، عن أنس فذكره . وهذا هو الصواب ، ومحبوب بن هلال قال أبو حاتم الرازي : \" ليس بالمشهور \" . وقد روي هذا من طرق أخر ، تركناها اختصارا ، وكلها ضعيفة .\nحديث آخر في فضلها مع المعوذتين : قال الإمام أحمد : حدثنا أبو المغيرة ، حدثنا معاذ بن رفاعة ، حدثني علي بن يزيد ، عن القاسم ، عن أبي أمامة عن عقبة بن عامر قال : لقيت رسول الله صلى الله عليه وسلم ، فابتدأته فأخذت بيده ، فقلت : يا رسول الله ، بم نجاة المؤمن ؟ قال : \" يا عقبة ، احرس لسانك وليسعك بيتك ، وابك على خطيئتك \" . قال : ثم لقيني رسول الله صلى الله عليه وسلم ، فابتدأني فأخذ بيدي ، فقال : \" يا عقبة بن عامر ، ألا أعلمك خير ثلاث سور أنزلت في التوراة ، والإنجيل والزبور ، والقرآن العظيم ؟ \" . قال : قلت : بلى ، جعلني الله فداك . قال : فأقرأني : \" قل هو الله أحد \"\" قل أعوذ برب الفلق \"\" قل أعوذ برب الناس \" ثم قال : \" يا عقبة ، لا تنسهن ولا تبت ليلة حتى تقرأهن \" . قال : فما نسيتهن منذ قال : \" لا تنسهن \" ، وما بت ليلة قط حتى أقرأهن . قال عقبة ثم لقيت رسول الله صلى الله عليه وسلم فابتدأته ، فأخذت بيده ، فقلت : يا رسول الله ، أخبرني بفواضل الأعمال . فقال : \" يا عقبة ، صل من قطعك ، وأعط من حرمك ، وأعرض عمن ظلمك \"\nروى الترمذي بعضه في \" الزهد \" ، من حديث عبيد الله بن زحر ، عن علي بن يزيد وقال : هذا حديث حسن . وقد رواه أحمد من طريق آخر :\nحدثنا حسين بن محمد ، حدثنا ابن عياش ، عن أسيد بن عبد الرحمن الخثعمي ، عن فروة بن مجاهد اللخمي ، عن عقبة بن عامر ، عن النبي صلى الله عليه وسلم ، فذكر مثله سواء . تفرد به أحمد .\nحديث آخر في الاستشفاء بهن : قال البخاري : حدثنا قتيبة ، حدثنا المفضل ، عن عقيل ، عن ابن شهاب ، عن عروة عن عائشة أن النبي صلى الله عليه وسلم كان إذا أوى إلى فراشه كل ليلة جمع كفيه ، ثم نفث فيهما فقرأ فيهما : \"قل هو الله أحد \"\" قل أعوذ برب الفلق \"\" قل أعوذ برب الناس \" ثم يمسح بهما ما استطاع من جسده ، يبدأ بهما على رأسه ووجهه ، وما أقبل من جسده ، يفعل ذلك ثلاث مرات .\nوهكذا رواه أهل السنن ، من حديث عقيل به .\nقد تقدم ذكر سبب نزولها . وقال عكرمة : لما قالت اليهود : نحن نعبد عزيرا ابن الله . وقالت النصارى : نحن نعبد المسيح ابن الله . وقالت المجوس : نحن نعبد الشمس والقمر . وقالت المشركون : نحن نعبد الأوثان - أنزل الله على رسوله صلى الله عليه وسلم : ( قل هو الله أحد )\nيعني : هو الواحد الأحد ، الذي لا نظير له ولا وزير ، ولا نديد ولا شبيه ولا عديل ، ولا يطلق هذا اللفظ على أحد في الإثبات إلا على الله عز وجل ; لأنه الكامل في جميع صفاته وأفعاله ."
  }, {
    "id" : 2,
    "eya" : "اللَّهُ الصَّمَدُ (2) ",
    "tafsir" : "وقوله : ( الله الصمد ) قال عكرمة ، عن ابن عباس : يعني الذي يصمد الخلائق إليه في حوائجهم ومسائلهم .\nقال علي بن أبي طلحة ، عن ابن عباس : هو السيد الذي قد كمل في سؤدده ، والشريف الذي قد كمل في شرفه ، والعظيم الذي قد كمل في عظمته ، والحليم الذي قد كمل في حلمه ، والعليم الذي قد كمل في علمه ، والحكيم الذي قد كمل في حكمته ، وهو الذي قد كمل في أنواع الشرف والسؤدد ، وهو الله سبحانه ، هذه صفته لا تنبغي إلا له ، ليس له كفء ، وليس كمثله شيء ، سبحان الله الواحد القهار .\nوقال الأعمش ، عن شقيق عن أبي وائل : ( الصمد ) السيد الذي قد انتهى سؤدده ورواه عاصم ، عن أبي وائل ، عن ابن مسعود مثله .\nوقال مالك عن زيد بن أسلم : ( الصمد ) السيد . وقال الحسن وقتادة : هو الباقي بعد خلقه . وقال الحسن أيضا : ( الصمد ) الحي القيوم الذي لا زوال له . وقال عكرمة : ( الصمد ) الذي لم يخرج منه شيء ولا يطعم .\nوقال الربيع بن أنس : هو الذي لم يلد ولم يولد . كأنه جعل ما بعده تفسيرا له ، وهو قوله : ( لم يلد ولم يولد ) وهو تفسير جيد . وقد تقدم الحديث من رواية ابن جرير ، عن أبي بن كعب في ذلك ، وهو صريح فيه .\nوقال ابن مسعود ، وابن عباس ، وسعيد بن المسيب ، ومجاهد ، وعبد الله بن بريدة ، وعكرمة أيضا ، وسعيد بن جبير ، وعطاء بن أبي رباح ، وعطية العوفي ، والضحاك ، والسدي : ( الصمد ) الذي لا جوف له .\nقال سفيان ، عن منصور ، عن مجاهد : ( الصمد ) المصمت الذي لا جوف له .\nوقال الشعبي : هو الذي لا يأكل الطعام ، ولا يشرب الشراب .\nوقال عبد الله بن بريدة أيضا : ( الصمد ) نور يتلألأ .\nروى ذلك كله وحكاه : ابن أبي حاتم والبيهقي والطبراني ، وكذا أبو جعفر بن جرير ساق أكثر ذلك بأسانيده ، وقال :\nحدثني العباس بن أبي طالب ، حدثنا محمد بن عمرو بن رومي ، عن عبيد الله بن سعيد قائد الأعمش ، حدثني صالح بن حيان ، عن عبد الله بن بريدة ، عن أبيه قال - لا أعلم إلا قد رفعه - قال : ( الصمد ) الذي لا جوف له .\nوهذا غريب جدا ، والصحيح أنه موقوف على عبد الله بن بريدة .\nوقد قال الحافظ أبو القاسم الطبراني في كتاب السنة له ، بعد إيراده كثيرا من هذه الأقوال في تفسير \" الصمد \" : وكل هذه صحيحة ، وهي صفات ربنا عز وجل ، وهو الذي يصمد إليه في الحوائج ، وهو الذي قد انتهى سؤدده ، وهو الصمد الذي لا جوف له ، ولا يأكل ولا يشرب ، وهو الباقي بعد خلقه . وقال البيهقي نحو ذلك [ أيضا ]"
  }, {
    "id" : 3,
    "eya" : "لَمْ يَلِدْ وَلَمْ يُولَدْ (3) ",
    "tafsir" : "وقوله : ( لم يلد ولم يولد ولم يكن له كفوا أحد ) أي : ليس له ولد ولا والد ولا صاحبة ."
  }, {
    "id" : 4,
    "eya" : "وَلَمْ يَكُن لَّهُ كُفُوًا أَحَدٌ (4) ",
    "tafsir" : "ال مجاهد : ( ولم يكن له كفوا أحد ) يعني : لا صاحبة له .\nوهذا كما قال تعالى : ( بديع السماوات والأرض أنى يكون له ولد ولم تكن له صاحبة وخلق كل شيء )[ الأنعام : 101 ] أي : هو مالك كل شيء وخالقه ، فكيف يكون له من خلقه نظير يساميه ، أو قريب يدانيه ، تعالى وتقدس وتنزه . قال الله تعالى : ( وقالوا اتخذ الرحمن ولدا لقد جئتم شيئا إدا تكاد السماوات يتفطرن منه وتنشق الأرض وتخر الجبال هدا أن دعوا للرحمن ولدا وما ينبغي للرحمن أن يتخذ ولدا إن كل من في السماوات والأرض إلا آتي الرحمن عبدا لقد أحصاهم وعدهم عدا وكلهم آتيه يوم القيامة فردا )[ مريم : 88 - 95 ] وقال تعالى : ( وقالوا اتخذ الرحمن ولدا سبحانه بل عباد مكرمون لا يسبقونه بالقول وهم بأمره يعملون )[ الأنبياء : 26 ، 27 ] وقال تعالى : ( وجعلوا بينه وبين الجنة نسبا ولقد علمت الجنة إنهم لمحضرون سبحان الله عما يصفون )[ الصافات : 158 ، 159 ] وفي الصحيح - صحيح البخاري - : \" لا أحد أصبر على أذى سمعه من الله ، إنهم يجعلون له ولدا ، وهو يرزقهم ويعافيهم \"\nوقال البخاري : حدثنا أبو اليمان ، حدثنا شعيب ، حدثنا أبو الزناد ، عن الأعرج ، عن أبي هريرة ، عن النبي صلى الله عليه وسلم قال : \" قال الله عز وجل : كذبني ابن آدم ولم يكن له ذلك ، وشتمني ولم يكن له ذلك ، فأما تكذيبه إياي فقوله : لن يعيدني كما بدأني ، وليس أول الخلق بأهون علي من إعادته ، وأما شتمه إياي فقوله : اتخذ الله ولدا ، وأنا الأحد الصمد الذي لم يلد ولم يولد ولم يكن له كفوا أحد \"\nورواه أيضا من حديث عبد الرزاق ، عن معمر ، عن همام بن منبه ، عن أبي هريرة ، مرفوعا بمثله . تفرد بهما من هذين الوجهين .\nآخر تفسير سورة \" الإخلاص \""
  } ]
}