{
  "id" : 44,
  "nbAya" : 59,
  "name" : "الدُّخَان",
  "type" : "مكيَّة",
  "ayets" : [ {
    "id" : 1,
    "eya" : "حم (1) ",
    "tafsir" : "تفسير سورة الدخان وهي مكية .\nقال الترمذي : حدثنا سفيان بن وكيع ، حدثنا زيد بن الحباب ، عن عمر بن أبي خثعم ، عن يحيى بن أبى كثير ، عن أبي سلمة ، عن أبي هريرة - رضي الله عنه - قال : قال رسول الله - صلى الله عليه وسلم - : \" من قرأ ( حم الدخان ) في ليلة أصبح يستغفر له سبعون ألف ملك \"\nثم قال : غريب لا نعرفه إلا من هذا الوجه ، وعمر بن أبي خثعم يضعف . قال البخاري : منكر الحديث .\nثم قال : حدثنا نصر بن عبد الرحمن الكوفي ، حدثنا زيد بن الحباب ، عن هشام أبي المقدام ، عن الحسن ، عن أبي هريرة - رضي الله عنه - قال : قال رسول الله - صلى الله عليه وسلم - : \" من قرأ ( حم الدخان ) في ليلة الجمعة ، غفر له \"\nثم قال : غريب لا نعرفه إلا من هذا الوجه ، وهشام أبو المقدام يضعف ، والحسن لم يسمع من أبي هريرة كذا قال أيوب ، ويونس بن عبيد ، وعلي بن زيد .\nوفي مسند البزار من رواية أبي الطفيل عامر بن واثلة ، عن زيد بن حارثة ; أن رسول الله - صلى الله عليه وسلم - قال لابن صياد : \" إني قد خبأت خبأ فما هو ؟ \" وخبأ له رسول الله - صلى الله عليه وسلم - سورة الدخان ، فقال : هو الدخ . فقال : \" اخسأ ما شاء الله كان \" . ثم انصرف .\nبسم الله الرحمن الرحيم يقول تعالى مخبرا عن القرآن العظيم."
  }, {
    "id" : 2,
    "eya" : "وَالْكِتَابِ الْمُبِينِ (2) ",
    "tafsir" : "يقول تعالى مخبرا عن القرآن العظيم."
  }, {
    "id" : 3,
    "eya" : "إِنَّا أَنزَلْنَاهُ فِي لَيْلَةٍ مُّبَارَكَةٍ ۚ إِنَّا كُنَّا مُنذِرِينَ (3) ",
    "tafsir" : "إنه أنزله في ليلة مباركة ، وهي ليلة القدر ، كما قال تعالى : ( إنا أنزلناه في ليلة القدر )[ القدر : 1 ] وكان ذلك في شهر رمضان ، كما قال : تعالى : ( شهر رمضان الذي أنزل فيه القرآن )[ البقرة : 185 ] وقد ذكرنا الأحاديث الواردة في ذلك في \" سورة البقرة \" بما أغنى عن إعادته .\nومن قال : إنها ليلة النصف من شعبان - كما روي عن عكرمة - فقد أبعد النجعة فإن نص القرآن أنها في رمضان . والحديث الذي رواه عبد الله بن صالح ، عن الليث ، عن عقيل عن الزهري : أخبرني عثمان بن محمد بن المغيرة بن الأخنس أن رسول الله - صلى الله عليه وسلم - قال : \" تقطع الآجال من شعبان إلى شعبان ، حتى إن الرجل لينكح ويولد له ، وقد أخرج اسمه في الموتى \" فهو حديث مرسل ، ومثله لا يعارض به النصوص .( إنا كنا منذرين ) أي : معلمين الناس ما ينفعهم ويضرهم شرعا ، لتقوم حجة الله على عباده ."
  }, {
    "id" : 4,
    "eya" : "فِيهَا يُفْرَقُ كُلُّ أَمْرٍ حَكِيمٍ (4) ",
    "tafsir" : "وقوله : ( فيها يفرق كل أمر حكيم ) أي : في ليلة القدر يفصل من اللوح المحفوظ إلى الكتبة أمر السنة ، وما يكون فيها من الآجال والأرزاق ، وما يكون فيها إلى آخرها . وهكذا روي عن ابن عمر ، وأبي مالك ، ومجاهد ، والضحاك ، وغير واحد من السلف .( حكيم ) أي : محكم لا يبدل ولا يغير"
  }, {
    "id" : 5,
    "eya" : "أَمْرًا مِّنْ عِندِنَا ۚ إِنَّا كُنَّا مُرْسِلِينَ (5) ",
    "tafsir" : "ولهذا قال : ( أمرا من عندنا ) أي : جميع ما يكون ويقدره الله تعالى وما يوحيه فبأمره وإذنه وعلمه ، ( إنا كنا مرسلين ) أي : إلى الناس رسولا يتلو عليهم آيات الله مبينات ، فإن الحاجة كانت ماسة إليه ;"
  }, {
    "id" : 6,
    "eya" : "رَحْمَةً مِّن رَّبِّكَ ۚ إِنَّهُ هُوَ السَّمِيعُ الْعَلِيمُ (6) ",
    "tafsir" : "ولهذا قال : ( رحمة من ربك إنه هو السميع العليم )"
  }, {
    "id" : 7,
    "eya" : "رَبِّ السَّمَاوَاتِ وَالْأَرْضِ وَمَا بَيْنَهُمَا ۖ إِن كُنتُم مُّوقِنِينَ (7) ",
    "tafsir" : "(رب السموات والأرض وما بينهما ) أي : الذي أنزل هذا القرآن هو رب السموات والأرض وخالقهما ومالكهما وما فيهما ، ( إن كنتم موقنين ) أي : إن كنتم متحققين ."
  }, {
    "id" : 8,
    "eya" : "لَا إِلَٰهَ إِلَّا هُوَ يُحْيِي وَيُمِيتُ ۖ رَبُّكُمْ وَرَبُّ آبَائِكُمُ الْأَوَّلِينَ (8) ",
    "tafsir" : "ثم قال : ( لا إله إلا هو يحيي ويميت ربكم ورب آبائكم الأولين ) وهذه الآية كقوله تعالى : ( قل يا أيها الناس إني رسول الله إليكم جميعا الذي له ملك السموات والأرض لا إله إلا هو يحيي ويميت [ فآمنوا بالله ورسوله ][ الأعراف : 158 ]"
  }, {
    "id" : 9,
    "eya" : "بَلْ هُمْ فِي شَكٍّ يَلْعَبُونَ (9) ",
    "tafsir" : "يقول تعالى : بل هؤلاء المشركون في شك يلعبون ، أي : قد جاءهم اليقين ، وهم يشكون فيه ، ويمترون ولا يصدقون به ،"
  }, {
    "id" : 10,
    "eya" : "فَارْتَقِبْ يَوْمَ تَأْتِي السَّمَاءُ بِدُخَانٍ مُّبِينٍ (10) ",
    "tafsir" : "ثم قال متوعدا لهم ومتهددا : ( فارتقب يوم تأتي السماء بدخان مبين )\nقال سليمان بن مهران الأعمش ، عن أبي الضحى مسلم بن صبيح ، عن مسروق قال : دخلنا المسجد - يعني مسجد الكوفة - عند أبواب كندة ، فإذا رجل يقص على أصحابه : ( يوم تأتي السماء بدخان مبين ) تدرون ما ذلك الدخان ؟ ذلك دخان يأتي يوم القيامة ، فيأخذ بأسماع المنافقين وأبصارهم ، ويأخذ المؤمنين منه شبه الزكام . قال : فأتينا ابن مسعود فذكرنا ذلك له ، وكان مضطجعا ففزع فقعد ، وقال إن الله عز وجل قال لنبيكم - صلى الله عليه وسلم - : ( قل ما أسألكم عليه من أجر وما أنا من المتكلفين ) ، إن من العلم أن يقول الرجل لما لا يعلم : \" الله أعلم \" سأحدثكم عن ذلك ، إن قريشا لما أبطأت عن الإسلام واستعصت على رسول الله - صلى الله عليه وسلم - دعا عليهم بسنين كسني يوسف ، فأصابهم من الجهد والجوع حتى أكلوا العظام والميتة ، وجعلوا يرفعون أبصارهم إلى السماء فلا يرون إلا الدخان - وفي رواية : فجعل الرجل ينظر إلى السماء ، فيرى ما بينه وبينها كهيئة الدخان من الجهد -[ قال ] قال الله تعالى : ( فارتقب يوم تأتي السماء بدخان مبين يغشى الناس هذا عذاب أليم ) ، فأتي رسول الله - صلى الله عليه وسلم - فقيل : يا رسول الله استسق الله لمضر ، فإنها قد هلكت . فاستسقى لهم فسقوا فأنزل الله : ( إنا كاشفو العذاب قليلا إنكم عائدون ) قال : ابن مسعود : فيكشف العذاب عنهم يوم القيامة ، فلما أصابهم الرفاهية عادوا إلى حالهم ، فأنزل الله : ( يوم نبطش البطشة الكبرى إنا منتقمون ) ، قال : يعني يوم بدر .\nقال ابن مسعود : فقد مضى خمسة : الدخان ، والروم ، والقمر ، والبطشة ، واللزام . وهذا الحديث مخرج في الصحيحين . ورواه الإمام أحمد في مسنده ، وهو عند الترمذي والنسائي في تفسيرهما ، وعند ابن جرير وابن أبي حاتم من طرق متعددة ، عن الأعمش ، به وقد وافق ابن مسعود على تفسير الآية بهذا ، وأن الدخان مضى ، جماعة من السلف كمجاهد ، وأبي العالية ، وإبراهيم النخعي ، والضحاك ، وعطية العوفي ، وهو اختيار ابن جرير .\nوقال ابن أبي حاتم : حدثنا أبي ، حدثنا جعفر بن مسافر ، حدثنا يحيى بن حسان ، حدثنا ابن لهيعة ، حدثنا عبد الرحمن الأعرج في قوله : ( يوم تأتي السماء بدخان مبين ) قال : كان يوم فتح مكة .\nوهذا القول غريب جدا بل منكر .\nوقال آخرون : لم يمض الدخان بعد ، بل هو من أمارات الساعة ، كما تقدم من حديث أبي سريحة حذيفة بن أسيد الغفاري - رضي الله عنه - قال : أشرف علينا رسول الله - صلى الله عليه وسلم - من غرفة ونحن نتذاكر الساعة ، فقال : \" لا تقوم الساعة حتى تروا عشر آيات : طلوع الشمس من مغربها ، والدخان ، والدابة ، وخروج يأجوج ومأجوج ، وخروج عيسى ابن مريم ، والدجال ، وثلاثة خسوف : خسف بالمشرق ، وخسف بالمغرب ، وخسف بجزيرة العرب ، ونار تخرج من قعر عدن تسوق الناس - أو : تحشر الناس - : تبيت معهم حيث باتوا وتقيل معهم حيث قالوا \" تفرد بإخراجه مسلم في صحيحه .\nوفي الصحيحين أن رسول الله - صلى الله عليه وسلم - قال لابن الصياد : \" إني خبأت لك خبأ \" قال : هو الدخ . فقال له : \" اخسأ فلن تعدو قدرك \" قال : وخبأ له رسول الله - صلى الله عليه وسلم - : ( فارتقب يوم تأتي السماء بدخان مبين )\nوهذا فيه إشعار بأنه من المنتظر المرتقب ، وابن صياد كاشف على طريقة الكهان بلسان الجان ، وهم يقرطمون العبارة ; ولهذا قال : \" هو الدخ \" يعني : الدخان . فعندها عرف رسول الله - صلى الله عليه وسلم - مادته وأنها شيطانية ، فقال له : \" اخسأ فلن تعدو قدرك \"\nثم قال ابن جرير : وحدثني عصام بن رواد بن الجراح ، حدثنا أبي ، حدثنا سفيان بن سعيد الثوري ، حدثنا منصور بن المعتمر ، عن ربعي بن حراش قال : سمعت حذيفة بن اليمان يقول : قال رسول الله - صلى الله عليه وسلم - : \" إن أول الآيات الدجال ، ونزول عيسى ابن مريم ، ونار تخرج من قعر عدن أبين ، تسوق الناس إلى المحشر ، تقيل معهم إذا قالوا ، والدخان - قال حذيفة : يا رسول الله ، وما الدخان ؟ فتلا رسول الله - صلى الله عليه وسلم - هذه الآية : ( فارتقب يوم تأتي السماء بدخان مبين يغشى الناس هذا عذاب أليم ) - يملأ ما بين المشرق والمغرب ، يمكث أربعين يوما وليلة ، أما المؤمن فيصيبه منه كهيئة الزكمة ، وأما الكافر فيكون بمنزلة السكران ، يخرج من منخريه وأذنيه ودبره \"\nقال ابن جرير : لو صح هذا الحديث لكان فاصلا وإنما لم أشهد له بالصحة ; لأن محمد بن خلف العسقلاني حدثني أنه سأل روادا عن هذا الحديث : هل سمعه من سفيان ؟ فقال له : لا قال : فقلت : أقرأته عليه ؟ قال : لا قال : فقلت له : فقرئ عليه وأنت حاضر فأقر به ؟ فقال : لا فقلت له : فمن أين جئت به ؟ فقال : جاءني به قوم فعرضوه علي ، وقالوا لي : اسمعه منا . فقرءوه علي ثم ذهبوا به ، فحدثوا به عني ، أو كما قال .\nوقد أجاد ابن جرير في هذا الحديث هاهنا ، فإنه موضوع بهذا السند ، وقد أكثر ابن جرير من سياقه في أماكن من هذا التفسير ، وفيه منكرات كثيرة جدا ، ولا سيما في أول سورة \" بني إسرائيل \" في ذكر المسجد الأقصى ، والله أعلم .\nوقال ابن أبي حاتم : حدثنا أبو زرعة ، حدثنا صفوان ، حدثنا الوليد ، حدثنا خليل ، عن الحسن ، عن أبي سعيد الخدري - رضي الله عنه - أن رسول الله - صلى الله عليه وسلم - قال : \" يهيج الدخان بالناس ، فأما المؤمن فيأخذه كالزكمة ، وأما الكافر فينفخه حتى يخرج من كل مسمع منه \"\nورواه سعيد بن أبي عروبة ، عن قتادة ، عن الحسن ، عن أبي سعيد الخدري موقوفا . ورواه عوف ، عن الحسن قوله .\nوقال ابن جرير أيضا : حدثني محمد بن عوف ، حدثنا محمد بن إسماعيل بن عياش ، حدثني أبي ، حدثني ضمضم بن زرعة ، عن شريح بن عبيد ، عن أبي مالك الأشعري قال : قال رسول الله - صلى الله عليه وسلم - : \" إن ربكم أنذركم ثلاثا : الدخان يأخذ المؤمن كالزكمة ، ويأخذ الكافر فينتفخ حتى يخرج من كل مسمع منه والثانية الدابة والثالثة الدجال \"\nورواه الطبراني عن هاشم بن يزيد ، عن محمد بن إسماعيل بن عياش ، به وهذا\nوقال ابن أبي حاتم : حدثنا أبي ، حدثنا عبد الله بن صالح بن مسلم ، حدثنا إسرائيل ، عن أبي إسحاق ، عن الحارث ، عن علي ، رضي الله عنه ، قال : لم تمض آية الدخان بعد ، يأخذ المؤمن كهيئة الزكام ، وتنفخ الكافر حتى ينفد .\nوروى ابن جرير من حديث الوليد بن جميع ، عن عبد الملك بن المغيرة ، عن عبد الرحمن بن البيلماني ، عن ابن عمر قال : يخرج الدخان فيأخذ المؤمن كهيئة الزكام ، ويدخل في مسامع الكافر والمنافق حتى يكون كالرأس الحنيذ ، أي : المشوي على الرضف .\nثم قال ابن جرير : حدثني يعقوب ، حدثنا ابن علية عن ابن جريج ، عن عبد الله بن أبي مليكة قال : غدوت على ابن عباس ، رضي الله عنهما ، ذات يوم فقال : ما نمت الليلة حتى أصبحت . قلت : لم ؟ قال : قالوا طلع الكوكب ذو الذنب ، فخشيت أن يكون الدخان قد طرق ، فما نمت حتى أصبحت وهكذا رواه ابن أبي حاتم ، عن أبيه ، عن ابن عمر ، عن سفيان ، عن عبد الله بن أبي يزيد ، عن عبد الله بن أبي مليكة ، عن ابن عباس فذكره . وهذا إسناد صحيح إلى ابن عباس حبر الأمة وترجمان القرآن . وهكذا قول من وافقه من الصحابة والتابعين أجمعين ، مع الأحاديث المرفوعة من الصحاح والحسان وغيرهما ، التي أوردناها مما فيه مقنع ودلالة ظاهرة على أن الدخان من الآيات المنتظرة ، مع أنه ظاهر القرآن .\nقال الله تعالى : ( فارتقب يوم تأتي السماء بدخان مبين ) أي بين واضح يراه كل أحد . وعلى ما فسر به ابن مسعود ، رضي الله عنه : إنما هو خيال رأوه في أعينهم من شدة الجوع والجهد ."
  }, {
    "id" : 11,
    "eya" : "يَغْشَى النَّاسَ ۖ هَٰذَا عَذَابٌ أَلِيمٌ (11) ",
    "tafsir" : "وهكذا قوله : ( يغشى الناس ) أي : يتغشاهم ويعمهم ، ولو كان أمرا خياليا يخص أهل مكة المشركين لما قيل فيه : ( يغشى الناس )( هذا عذاب أليم ) أي : يقال لهم ذلك تقريعا وتوبيخا ، كقوله تعالى : ( يوم يدعون إلى نار جهنم دعا هذه النار التي كنتم بها تكذبون )[ الطور : 13 ، 14 ] ، أو يقول بعضهم لبعض ذلك ."
  }, {
    "id" : 12,
    "eya" : "رَّبَّنَا اكْشِفْ عَنَّا الْعَذَابَ إِنَّا مُؤْمِنُونَ (12) ",
    "tafsir" : "وقوله : ( ربنا اكشف عنا العذاب إنا مؤمنون ) أي : يقول الكافرون إذا عاينوا عذاب الله وعقابه سائلين رفعه وكشفه عنهم ، كقوله : ( ولو ترى إذ وقفوا على النار فقالوا ياليتنا نرد ولا نكذب بآيات ربنا ونكون من المؤمنين )[ الأنعام : 27 ] . وكذا قوله : ( وأنذر الناس يوم يأتيهم العذاب فيقول الذين ظلموا ربنا أخرنا إلى أجل قريب نجب دعوتك ونتبع الرسل أولم تكونوا أقسمتم من قبل ما لكم من زوال )[ إبراهيم : 44 ]"
  }, {
    "id" : 13,
    "eya" : "أَنَّىٰ لَهُمُ الذِّكْرَىٰ وَقَدْ جَاءَهُمْ رَسُولٌ مُّبِينٌ (13) ",
    "tafsir" : "قال جل وعلا ههنا \"أنى لهم الذكرى وقد جاءهم رسول مبين\" يقول كيف لهم بالتذكر وقد أرسلنا إليهم رسولا بين الرسالة والنذارة."
  }, {
    "id" : 14,
    "eya" : "ثُمَّ تَوَلَّوْا عَنْهُ وَقَالُوا مُعَلَّمٌ مَّجْنُونٌ (14) ",
    "tafsir" : "(ثم تولوا عنه وقالوا معلم مجنون )\nيقول : كيف لهم بالتذكر ، وقد أرسلنا إليهم رسولا بين الرسالة والنذارة ، ومع هذا تولوا عنه وما وافقوه ، بل كذبوه وقالوا : معلم مجنون . وهذا كقوله تعالى : ( يومئذ يتذكر الإنسان وأنى له الذكرى يقول يا ليتني قدمت لحياتي )[ الفجر : 23 ، 24 ] ، وقوله تعالى : ( ولو ترى إذ فزعوا فلا فوت وأخذوا من مكان قريب وقالوا آمنا به وأنى لهم التناوش من مكان بعيد . وقد كفروا به من قبل ويقذفون بالغيب من مكان بعيد . وحيل بينهم وبين ما يشتهون كما فعل بأشياعهم من قبل إنهم كانوا في شك مريب )[ سبأ : 51 - 54 ]"
  }, {
    "id" : 15,
    "eya" : "إِنَّا كَاشِفُو الْعَذَابِ قَلِيلًا ۚ إِنَّكُمْ عَائِدُونَ (15) ",
    "tafsir" : "وقوله : ( إنا كاشفو العذاب قليلا إنكم عائدون ) يحتمل معنيين :\nأحدهما : أنه يقوله تعالى : ولو كشفنا عنكم العذاب ورجعناكم إلى الدار الدنيا ، لعدتم إلى ما كنتم فيه من الكفر والتكذيب ، كقوله : ( ولو رحمناهم وكشفنا ما بهم من ضر للجوا في طغيانهم يعمهون )[ المؤمنون : 75 ] ، وكقوله : ( ولو ردوا لعادوا لما نهوا عنه وإنهم لكاذبون )[ الأنعام : 28 ]\nوالثاني : أن يكون المراد : إنا مؤخرو العذاب عنكم قليلا بعد انعقاد أسبابه ووصوله إليكم ، وأنتم مستمرون فيما أنتم فيه من الطغيان والضلال ، ولا يلزم من الكشف عنهم أن يكون باشرهم ، كقوله تعالى : ( إلا قوم يونس لما آمنوا كشفنا عنهم عذاب الخزي في الحياة الدنيا ومتعناهم إلى حين )[ يونس : 98 ] ، ولم يكن العذاب باشرهم ، واتصل بهم بل كان قد انعقد سببه [ ووصوله ] عليهم ، ولا يلزم أيضا أن يكونوا قد أقلعوا عن كفرهم ثم عادوا إليه ، قال الله تعالى إخبارا عن شعيب أنه قال لقومه حين قالوا : ( لنخرجنك يا شعيب والذين آمنوا معك من قريتنا أو لتعودن في ملتنا قال أولو كنا كارهين قد افترينا على الله كذبا إن عدنا في ملتكم بعد إذ نجانا الله منها )[ الأعراف : 88 ، 89 ][ عليه السلام ] لم يكن قط على ملتهم وطريقتهم .\nوقال قتادة : ( إنكم عائدون ) إلى عذاب الله ."
  }, {
    "id" : 16,
    "eya" : "يَوْمَ نَبْطِشُ الْبَطْشَةَ الْكُبْرَىٰ إِنَّا مُنتَقِمُونَ (16) ",
    "tafsir" : "وقوله تعالى : ( يوم نبطش البطشة الكبرى إنا منتقمون ) فسر ذلك ابن مسعود بيوم بدر . وهذا قول جماعة ممن وافق ابن مسعود على تفسيره الدخان بما تقدم ، وروي أيضا عن ابن عباس [ وجماعة ] من رواية العوفي ، عنه . وعن أبي بن كعب وجماعة ، وهو محتمل .\nوالظاهر أن ذلك يوم القيامة ، وإن كان يوم بدر يوم بطشة أيضا .\nقال ابن جرير : حدثني يعقوب ، حدثنا ابن علية ، حدثنا خالد الحذاء عن عكرمة قال : قال ابن عباس : قال ابن مسعود : البطشة الكبرى يوم بدر ، وأنا أقول : هي يوم القيامة .\nوهذا إسناد صحيح عنه ، وبه يقول الحسن البصري ، وعكرمة في أصح الروايتين ، عنه ."
  }, {
    "id" : 17,
    "eya" : "۞ وَلَقَدْ فَتَنَّا قَبْلَهُمْ قَوْمَ فِرْعَوْنَ وَجَاءَهُمْ رَسُولٌ كَرِيمٌ (17) ",
    "tafsir" : "يقول تعالى : ولقد اختبرنا قبل هؤلاء المشركين قوم فرعون ، وهم قبط مصر ، ( وجاءهم رسول كريم ) يعني موسى كليمه ، عليه السلام ،"
  }, {
    "id" : 18,
    "eya" : "أَنْ أَدُّوا إِلَيَّ عِبَادَ اللَّهِ ۖ إِنِّي لَكُمْ رَسُولٌ أَمِينٌ (18) ",
    "tafsir" : "\"أن أدوا إلى عباد الله\" كقوله عز وجل \"أن أرسل معنا بني إسرائيل ولا تعذبهم قد جئناك بأية من ربك والسلام على من اتبع الهدى\" وقوله جل وعلا \"إني لكم رسول أمين\" أي مأمون على ما أبلغكموه."
  }, {
    "id" : 19,
    "eya" : "وَأَن لَّا تَعْلُوا عَلَى اللَّهِ ۖ إِنِّي آتِيكُم بِسُلْطَانٍ مُّبِينٍ (19) ",
    "tafsir" : "وقوله : ( وأن لا تعلوا على الله ) أي : لا تستكبروا عن اتباع آياته ، والانقياد لحججه والإيمان ببراهينه ، كقوله : ( إن الذين يستكبرون عن عبادتي سيدخلون جهنم داخرين )[ غافر : 60 ]( إني آتيكم بسلطان [ مبين ] أي : بحجة ظاهرة واضحة ، وهي ما أرسله الله به من الآيات البينات والأدلة القاطعة ."
  }, {
    "id" : 20,
    "eya" : "وَإِنِّي عُذْتُ بِرَبِّي وَرَبِّكُمْ أَن تَرْجُمُونِ (20) ",
    "tafsir" : "( وإني عذت بربي وربكم أن ترجمون ) قال ابن عباس ، وأبو صالح : هو الرجم باللسان وهو الشتم .\nوقال قتادة : [ هو ] الرجم بالحجارة .\nأي أعوذ بالله الذي خلقني وخلقكم [ من ] أن تصلوا إلي بسوء من قول أو فعل ."
  }, {
    "id" : 21,
    "eya" : "وَإِن لَّمْ تُؤْمِنُوا لِي فَاعْتَزِلُونِ (21) ",
    "tafsir" : "( وإن لم تؤمنوا لي فاعتزلون ) أي : فلا تتعرضوا إلي ، ودعوا الأمر بيني وبينكم مسالمة إلى أن يقضي الله بيننا . فلما طال مقامه بين أظهرهم ، وأقام حجج الله عليهم ، كل ذلك وما زادهم ذلك إلا كفرا وعنادا ، دعا ربه عليهم دعوة نفذت فيهم ، كما قال تعالى : ( وقال موسى ربنا إنك آتيت فرعون وملأه زينة وأموالا في الحياة الدنيا ربنا ليضلوا عن سبيلك ربنا اطمس على أموالهم واشدد على قلوبهم فلا يؤمنوا حتى يروا العذاب الأليم قال قد أجيبت دعوتكما فاستقيما )[ يونس : 88 ، 89 ]"
  }, {
    "id" : 22,
    "eya" : "فَدَعَا رَبَّهُ أَنَّ هَٰؤُلَاءِ قَوْمٌ مُّجْرِمُونَ (22) ",
    "tafsir" : "وهكذا قال هاهنا : ( فدعا ربه أن هؤلاء قوم مجرمون ) فعند ذلك أمره الله تعالى أن يخرج ببني إسرائيل من بين أظهرهم من غير أمر فرعون ومشاورته واستئذانه ; ولهذا قال :"
  }, {
    "id" : 23,
    "eya" : "فَأَسْرِ بِعِبَادِي لَيْلًا إِنَّكُم مُّتَّبَعُونَ (23) ",
    "tafsir" : "( فأسر بعبادي ليلا إنكم متبعون ) كما قال : ( ولقد أوحينا إلى موسى أن أسر بعبادي فاضرب لهم طريقا في البحر يبسا لا تخاف دركا ولا تخشى )[ طه : 77 ]"
  }, {
    "id" : 24,
    "eya" : "وَاتْرُكِ الْبَحْرَ رَهْوًا ۖ إِنَّهُمْ جُندٌ مُّغْرَقُونَ (24) ",
    "tafsir" : "وقوله هاهنا : ( واترك البحر رهوا إنهم جند مغرقون ) وذلك أن موسى ، عليه السلام ، لما جاوز هو وبنو إسرائيل البحر ، أراد موسى أن يضربه بعصاه حتى يعود كما كان ، ليصير حائلا بينهم وبين فرعون ، فلا يصل إليهم . فأمره الله أن يتركه على حاله ساكنا ، وبشره بأنهم جند مغرقون فيه ، وأنه لا يخاف دركا ولا يخشى .\nقال ابن عباس : ( واترك البحر رهوا ) كهيئته وامضه . وقال مجاهد ) رهوا ) طريقا يبسا كهيئته ، يقول : لا تأمره يرجع ، اتركه حتى يرجع آخرهم . وكذا قال عكرمة ، والربيع بن أنس ، والضحاك ، وقتادة ، وابن زيد وكعب الأحبار وسماك بن حرب ، وغير واحد ."
  }, {
    "id" : 25,
    "eya" : "كَمْ تَرَكُوا مِن جَنَّاتٍ وَعُيُونٍ (25) ",
    "tafsir" : "وهي البساتين \"وعيون وزروع\" والمراد بها الأنهار والآبار."
  }, {
    "id" : 26,
    "eya" : "وَزُرُوعٍ وَمَقَامٍ كَرِيمٍ (26) ",
    "tafsir" : "( وزروع ) والمراد بها الأنهار والآبار ، ( ومقام كريم ) وهي المساكن الكريمة الأنيقة والأماكن الحسنة .\nوقال مجاهد ، وسعيد بن جبير : ( ومقام كريم ) : المنابر .\nوقال ابن لهيعة ، عن وهب بن عبد الله المعافري ، عن عبد الله بن عمرو قال : نيل مصر سيد الأنهار ، سخر الله له كل نهر بين المشرق والمغرب ، وذلله له ، فإذا أراد الله أن يجري نيل مصر أمر كل نهر أن يمده ، فأمدته الأنهار بمائها ، وفجر الله له الأرض عيونا ، فإذا انتهى جريه إلى ما أراد الله ، أوحى الله إلى كل ماء أن يرجع إلى عنصره .\nوقال في قوله تعالى : ( كم تركوا من جنات وعيون . وزروع ومقام كريم . ونعمة كانوا فيها فاكهين ) قال : كانت الجنان بحافتي هذا النيل من أوله إلى آخره في الشقين جميعا ، ما بين أسوان إلى رشيد ، وكان له تسعة خلج : خليج الإسكندرية ، وخليج دمياط ، وخليج سردوس ، وخليج منف ، وخليج الفيوم ، وخليج المنهى ، متصلة لا ينقطع منها شيء عن شيء ، وزروع ما بين الجبلين ، كله من أول مصر إلى آخر ما يبلغه الماء ، وكانت جميع أرض مصر تروى من ستة عشر ذراعا ، لما قدروا ودبروا من قناطرها وجسورها وخلجها ."
  }, {
    "id" : 27,
    "eya" : "وَنَعْمَةٍ كَانُوا فِيهَا فَاكِهِينَ (27) ",
    "tafsir" : "( ونعمة كانوا فيها فاكهين ) أي عيشة كانوا يتفكهون فيها فيأكلون ما شاءوا ويلبسون ما أحبوا مع الأموال والجاهات والحكم في البلاد ، فسلبوا ذلك جميعه في صبيحة واحدة ، وفارقوا الدنيا وصاروا إلى جهنم وبئس المصير ، واستولى على البلاد المصرية وتلك الحواصل الفرعونية والممالك القبطية بنو إسرائيل ، كما قال تعالى : ( كذلك وأورثناها بني إسرائيل )[ الشعراء : 59 ] وقال في موضع آخر : ( وأورثنا القوم الذين كانوا يستضعفون مشارق الأرض ومغاربها التي باركنا فيها وتمت كلمة ربك الحسنى على بني إسرائيل بما صبروا ودمرنا ما كان يصنع فرعون وقومه وما كانوا يعرشون )[ الأعراف : 137 ]"
  }, {
    "id" : 28,
    "eya" : "كَذَٰلِكَ ۖ وَأَوْرَثْنَاهَا قَوْمًا آخَرِينَ (28) ",
    "tafsir" : "وقال هاهنا : ( كذلك وأورثناها قوما آخرين ) وهم بنو إسرائيل ، كما تقدم ."
  }, {
    "id" : 29,
    "eya" : "فَمَا بَكَتْ عَلَيْهِمُ السَّمَاءُ وَالْأَرْضُ وَمَا كَانُوا مُنظَرِينَ (29) ",
    "tafsir" : "وقوله : ( فما بكت عليهم السماء والأرض ) أي : لم تكن لهم أعمال صالحة تصعد في أبواب السماء فتبكي على فقدهم ، ولا لهم في الأرض بقاع عبدوا الله فيها فقدتهم ; فلهذا استحقوا ألا ينظروا ولا يؤخروا لكفرهم وإجرامهم ، وعتوهم وعنادهم .\nقال الحافظ أبو يعلى الموصلي في مسنده : حدثنا أحمد بن إسحاق البصري ، حدثنا مكي بن إبراهيم ، حدثنا موسى بن عبيدة ، حدثني يزيد الرقاشي ، حدثني أنس بن مالك ، عن النبي - صلى الله عليه وسلم - قال : \" ما من عبد إلا وله في السماء بابان : باب يخرج منه رزقه ، وباب يدخل منه عمله وكلامه ، فإذا مات فقداه وبكيا عليه \" وتلا هذه الآية : ( فما بكت عليهم السماء والأرض ) وذكر أنهم لم يكونوا عملوا على الأرض عملا صالحا يبكي عليهم . ولم يصعد لهم إلى السماء من كلامهم ولا من عملهم كلام طيب ، ولا عمل صالح فتفقدهم فتبكي عليهم .\nورواه ابن أبي حاتم من حديث موسى بن عبيدة وهو الربذي .\nوقال ابن جرير : حدثني يحيى بن طلحة ، حدثني عيسى بن يونس ، عن صفوان بن عمرو ، عن شريح بن عبيد الحضرمي قال : قال رسول الله - صلى الله عليه وسلم - إن الإسلام بدأ غريبا وسيعود غريبا . ألا لا غربة على مؤمن ما مات مؤمن في غربة غابت عنه فيها بواكيه إلا بكت عليه السماء والأرض \" . ثم قرأ رسول الله - صلى الله عليه وسلم - : ( فما بكت عليهم السماء والأرض ) ثم قال : \" إنهما لا يبكيان على الكافر \" .\nوقال ابن أبى حاتم : حدثنا أحمد بن عصام حدثنا أبو أحمد - يعني الزبيري - حدثنا العلاء بن صالح ، عن المنهال بن عمرو ، عن عباد بن عبد الله قال : سأل رجل عليا رضي الله عنه : هل تبكي السماء والأرض على أحد ؟ فقال له : لقد سألتني عن شيء ما سألني عنه أحد قبلك ، إنه ليس [ من ] عبد إلا له مصلى في الأرض ، ومصعد عمله من السماء . وإن آل فرعون لم يكن لهم عمل صالح في الأرض ، ولا عمل يصعد في السماء ، ثم قرأ علي ، رضي الله عنه ( فما بكت عليهم السماء والأرض وما كانوا منظرين )\nوقال ابن جرير : حدثنا أبو كريب ، حدثنا طلق بن غنام ، عن زائدة ، عن منصور ، عن منهال ، عن سعيد بن جبير قال : أتى ابن عباس رجل فقال : يا أبا عباس أرأيت قول الله : ( فما بكت عليهم السماء والأرض وما كانوا منظرين ) فهل تبكي السماء والأرض على أحد ؟ قال : نعم إنه ليس أحد من الخلائق إلا وله باب في السماء منه ينزل رزقه ، وفيه يصعد عمله ، فإذا مات المؤمن فأغلق بابه من السماء الذي كان يصعد فيه عمله وينزل منه رزقه بكى عليه ، وإذا فقد مصلاه من الأرض التي كان يصلي فيها ويذكر الله فيها بكت عليه ، وإن قوم فرعون لم تكن لهم في الأرض آثار صالحة ، ولم يكن يصعد إلى الله منهم خير ، فلم تبك عليهم السماء والأرض .\nوروى العوفي ، عن ابن عباس ، نحو هذا .\nوقال سفيان الثوري ، عن أبي يحيى القتات ، عن مجاهد ، عن ابن عباس [ رضي الله عنهما ] قال : كان يقال : تبكي الأرض على المؤمن أربعين صباحا . وكذا قال مجاهد ، وسعيد بن جبير ، وغير واحد .\nوقال مجاهد أيضا : ما مات مؤمن إلا بكت عليه السماء والأرض أربعين صباحا ، قال : فقلت له : أتبكي الأرض ؟ فقال : أتعجب ؟ وما للأرض لا تبكي على عبد ، كان يعمرها بالركوع والسجود ؟ وما للسماء لا تبكي على عبد كان لتكبيره وتسبيحه فيها دوي كدوي النحل ؟\nوقال قتادة : كانوا أهون على الله من أن تبكي عليهم السماء والأرض .\nوقال ابن أبي حاتم : حدثنا علي بن الحسين ، حدثنا عبد السلام بن عاصم ، حدثنا إسحاق بن إسماعيل ، حدثنا المستورد بن سابق ، عن عبيد المكتب ، عن إبراهيم قال : ما بكت السماء منذ كانت الدنيا إلا على اثنين قلت لعبيد : أليس السماء والأرض تبكي على المؤمن ؟ قال : ذاك مقامه حيث يصعد عمله . قال : وتدري ما بكاء السماء ؟ قلت لا قال : تحمر وتصير وردة كالدهان ، إن يحيى بن زكريا لما قتل احمرت السماء وقطرت دما . وإن حسين بن علي لما قتل احمرت السماء .\nوحدثنا علي بن الحسين ، حدثنا أبو غسان محمد بن عمرو - زنيج - حدثنا جرير ، عن يزيد بن أبي زياد قال : لما قتل حسين بن علي ، رضي الله عنهما ، احمرت آفاق السماء أربعة أشهر . قال يزيد : واحمرارها بكاؤها . وهكذا قال السدي الكبير .\nوقال عطاء الخراساني : بكاؤها : أن تحمر أطرافها .\nوذكروا أيضا في مقتل الحسين أنه ما قلب حجر يومئذ إلا وجد تحته دم عبيط ، وأنه كسفت الشمس ، واحمر الأفق ، وسقطت حجارة . وفي كل من ذلك نظر ، والظاهر أنه من سخف الشيعة وكذبهم ، ليعظموا الأمر - ولا شك أنه عظيم - ولكن لم يقع هذا الذي اختلقوه وكذبوه ، وقد وقع ما هو أعظم من [ ذلك ] ، قتل الحسين رضي الله عنه ولم يقع شيء مما ذكروه ، فإنه قد قتل أبوه علي بن أبي طالب ، وهو أفضل منه بالإجماع ولم يقع [ شيء من ] ذلك ، وعثمان بن عفان قتل محصورا مظلوما ، ولم يكن شيء من ذلك . وعمر بن الخطاب - رضي الله عنه - قتل في المحراب في صلاة الصبح ، وكأن المسلمين لم تطرقهم مصيبة قبل ذلك ، ولم يكن شيء من ذلك . وهذا رسول الله - صلى الله عليه وسلم - وهو سيد البشر في الدنيا والآخرة يوم مات لم يكن شيء مما ذكروه . ويوم مات إبراهيم ابن النبي - صلى الله عليه وسلم - خسفت الشمس فقال الناس : [ الشمس ] خسفت لموت إبراهيم ، فصلى بهم رسول الله - صلى الله عليه وسلم - صلاة الكسوف ، وخطبهم وبين لهم أن الشمس والقمر لا ينخسفان لموت أحد ولا لحياته ."
  }, {
    "id" : 30,
    "eya" : "وَلَقَدْ نَجَّيْنَا بَنِي إِسْرَائِيلَ مِنَ الْعَذَابِ الْمُهِينِ (30) ",
    "tafsir" : "وقوله : ( ولقد نجينا بني إسرائيل من العذاب المهين من فرعون إنه كان عاليا من المسرفين ) يمتن عليهم تعالى بذلك ، حيث أنقذهم مما كانوا فيه من إهانة فرعون وإذلاله لهم ، وتسخيره إياهم في الأعمال المهينة الشاقة ."
  }, {
    "id" : 31,
    "eya" : "مِن فِرْعَوْنَ ۚ إِنَّهُ كَانَ عَالِيًا مِّنَ الْمُسْرِفِينَ (31) ",
    "tafsir" : "وقوله : ( من فرعون إنه كان عاليا [ من المسرفين ] أي : مستكبرا جبارا عنيدا ، كقوله : ( إن فرعون علا في الأرض [ وجعل أهلها شيعا ][ القصص : 4 ]"
  }, {
    "id" : 32,
    "eya" : "وَلَقَدِ اخْتَرْنَاهُمْ عَلَىٰ عِلْمٍ عَلَى الْعَالَمِينَ (32) ",
    "tafsir" : "وقوله : ( ولقد اخترناهم على علم على العالمين ) قال مجاهد : ( اخترناهم على علم على العالمين ) على من هم بين ظهريه . وقال قتادة : اختيروا على أهل زمانهم ذلك . وكان يقال : إن لكل زمان عالما . وهذه كقوله تعالى : ( قال ياموسى إني اصطفيتك على الناس )[ الأعراف : 144 ] أي : أهل زمانه ، وكقوله لمريم : ( واصطفاك على نساء العالمين )[ آل عمران : 42 ] أي : في زمانها ; فإن خديجة أفضل منها ، وكذا آسية بنت مزاحم امرأة فرعون ، أو مساوية لها في الفضل ، وفضل عائشة على النساء كفضل الثريد على سائر الطعام ."
  }, {
    "id" : 33,
    "eya" : "وَآتَيْنَاهُم مِّنَ الْآيَاتِ مَا فِيهِ بَلَاءٌ مُّبِينٌ (33) ",
    "tafsir" : "وقوله : ( وآتيناهم من الآيات )[ من ] الحجج والبراهين وخوارق العادات ( ما فيه بلاء مبين ) أي : اختبار ظاهر جلي لمن اهتدى به ."
  }, {
    "id" : 34,
    "eya" : "إِنَّ هَٰؤُلَاءِ لَيَقُولُونَ (34) ",
    "tafsir" : "يقول تعالى منكرا على المشركين في إنكارهم البعث والمعاد ، وأنه ما ثم إلا هذه الحياة الدنيا ، ولا حياة بعد الممات ، ولا بعث ولا نشور ."
  }, {
    "id" : 35,
    "eya" : "إِنْ هِيَ إِلَّا مَوْتَتُنَا الْأُولَىٰ وَمَا نَحْنُ بِمُنشَرِينَ (35) ",
    "tafsir" : "يقول تعالى منكرا على المشركين فى إنكارهم البعث والمعاد وأنه ما ثم إلا هذه الحياة الدنيا ولا حياة بعد الممات ولا بعث ولا نشور ويحتجون بأبائهم الماضين الذين ذهبوا فلم يرجعوا فإن كان البعث حقا \"فأتوا بأبائنا إن كنتم صادقين\""
  }, {
    "id" : 36,
    "eya" : "فَأْتُوا بِآبَائِنَا إِن كُنتُمْ صَادِقِينَ (36) ",
    "tafsir" : "وهذه حجة باطلة وشبهة فاسدة فإن المعاد إنما هو يوم القيامة لا في الدار الدنيا بل بعد انقضائها \"وذهابها\" وفراغها يعيد الله العالمين خلقا جديدا ويجعل الظالمين لنار جهنم وقودا يوم تكونوا شهداء على الناس ويكون الرسول عليكم شهيدا."
  }, {
    "id" : 37,
    "eya" : "أَهُمْ خَيْرٌ أَمْ قَوْمُ تُبَّعٍ وَالَّذِينَ مِن قَبْلِهِمْ ۚ أَهْلَكْنَاهُمْ ۖ إِنَّهُمْ كَانُوا مُجْرِمِينَ (37) ",
    "tafsir" : "ثم قال تعالى متهددا لهم ، ومتوعدا ومنذرا لهم بأسه الذي لا يرد ، كما حل بأشباههم ونظرائهم من المشركين والمنكرين للبعث وكقوم تبع - وهم سبأ - حيث أهلكهم الله وخرب بلادهم ، وشردهم في البلاد ، وفرقهم شذر مذر ، كما تقدم ذلك في سورة سبأ ، وهي مصدرة بإنكار المشركين للمعاد . وكذلك هاهنا شبههم بأولئك ، وقد كانوا عربا من قحطان كما أن هؤلاء عرب من عدنان ، وقد كانت حمير - وهم سبأ - كلما ملك فيهم رجل سموه تبعا ، كما يقال : كسرى لمن ملك الفرس ، وقيصر لمن ملك الروم ، وفرعون لمن ملك مصر كافرا ، والنجاشي لمن ملك الحبشة ، وغير ذلك من أعلام الأجناس . ولكن اتفق أن بعض تبابعتهم خرج من اليمن وسار في البلاد حتى وصل إلى سمرقند ، واشتد ملكه وعظم سلطانه وجيشه ، واتسعت مملكته وبلاده ، وكثرت رعاياه وهو الذي مصر الحيرة فاتفق أنه مر بالمدينة النبوية وذلك في أيام الجاهلية ، فأراد قتال أهلها فمانعوه وقاتلوه بالنهار ، وجعلوا يقرونه بالليل ، فاستحيا منهم وكف عنهم ، واستصحب معه حبرين من أحبار يهود كانا قد نصحاه وأخبراه أنه لا سبيل له على هذه البلدة ; فإنها مهاجر نبي يكون في آخر الزمان ، فرجع عنها وأخذهما معه إلى بلاد اليمن ، فلما اجتاز بمكة أراد هدم الكعبة فنهياه [ عن ذلك ] أيضا ، وأخبراه بعظمة هذا البيت ، وأنه من بناية إبراهيم الخليل وأنه سيكون له شأن عظيم على يدي ذلك النبي المبعوث في آخر الزمان ، فعظمها وطاف بها ، وكساها الملاء والوصائل والحبير . ثم كر راجعا إلى اليمن ودعا أهلها إلى التهود معه ، وكان إذ ذاك دين موسى ، عليه السلام ، فيه من يكون على الهداية قبل بعثة المسيح ، عليه السلام ، فتهود معه عامة أهل اليمن . وقد ذكر القصة بطولها الإمام محمد بن إسحاق في كتابه \" السيرة \" وقد ترجمه الحافظ ابن عساكر في تاريخه ترجمة حافلة ، أورد فيها أشياء كثيرة مما ذكرنا وما لم نذكر . وذكر أنه ملك دمشق ، وأنه كان إذا استعرض الخيل صفت له من دمشق إلى اليمن ، ثم ساق من طريق عبد الرزاق ، عن معمر ، عن ابن أبي ذئب ، عن المقبري ، عن أبي هريرة - رضي الله عنه - عن النبي - صلى الله عليه وسلم - قال : \" ما أدري : الحدود طهارة لأهلها أم لا ؟ ولا أدري تبع لعينا كان أم لا ؟ ولا أدري ذو القرنين نبيا كان أم ملكا ؟ \" وقال غيره : \" أعزيرا كان نبيا أم لا ؟ \" . وكذا رواه ابن أبي حاتم ، عن محمد بن حماد الظهراني ، عن عبد الرزاق .\nقال الدارقطني : تفرد به عبد الرزاق . ثم روى ابن عساكر من طريق محمد بن كريب ، عن أبيه ، عن ابن عباس ، رضي الله عنهما ، مرفوعا : \" عزير لا أدري أنبيا كان أم لا ؟ ولا أدري ألعين تبع أم لا ؟ \"\nثم أورد ما جاء في النهي عن سبه ولعنته ، كما سيأتي . وكأنه - والله أعلم - كان كافرا ثم أسلم وتابع دين الكليم على يدي من كان من أحبار اليهود في ذلك الزمان على الحق قبل بعثة المسيح ، عليه السلام ، وحج البيت في زمن الجرهميين ، وكساه الملاء والوصائل من الحرير والحبر ونحر عنده ستة آلاف بدنة وعظمه وأكرمه . ثم عاد إلى اليمن . وقد ساق قصته بطولها الحافظ ابن عساكر ، من طرق متعددة مطولة مبسوطة ، عن أبي بن كعب وعبد الله بن سلام ، وعبد الله بن عباس وكعب الأحبار . وإليه المرجع في ذلك كله ، وإلى عبد الله بن سلام أيضا ، وهو أثبت وأكبر وأعلم . وكذا روى قصته وهب بن منبه ، ومحمد بن إسحاق في السيرة كما هو مشهور فيها . وقد اختلط على الحافظ ابن عساكر في بعض السياقات ترجمة تبع هذا بترجمة آخر متأخر عنه بدهر طويل ، فإن تبعا هذا المشار إليه في القرآن أسلم قومه على يديه ، ثم لما مات عادوا بعده إلى عبادة الأصنام والنيران ، فعاقبهم الله تعالى كما ذكره في سورة سبأ ، وقد بسطنا قصتهم هنالك ، ولله الحمد والمنة .\nوقال سعيد بن جبير : كسا تبع الكعبة ، وكان سعيد ينهى عن سبه .\nوتبع هذا هو تبع الأوسط ، واسمه أسعد أبو كريب بن ملكيكرب اليماني ذكروا أنه ملك على قومه ثلاثمائة سنة وستا وعشرين سنة ، ولم يكن في حمير أطول مدة منه ، وتوفي قبل مبعث رسول الله - صلى الله عليه وسلم - بنحو من سبعمائة عام . وذكروا أنه لما ذكر له الحبران من يهود المدينة أن هذه البلدة مهاجر نبي آخر في الزمان ، اسمه أحمد ، قال في ذلك شعرا واستودعه عند أهل المدينة . وكانوا يتوارثونه ويروونه خلفا عن سلف . وكان ممن يحفظه أبو أيوب خالد بن زيد الذي نزل رسول الله - صلى الله عليه وسلم - في داره ، وهو :\nشهدت على أحمد أنه رسول من الله باري النسم     فلو مد عمري إلى عمره\nلكنت وزيرا له وابن عم     وجاهدت بالسيف أعداءه\nوفرجت عن صدره كل غم\nوذكر ابن أبي الدنيا أنه حفر قبر بصنعاء في الإسلام ، فوجدوا فيه امرأتين صحيحتين ، وعند رءوسهما لوح من فضة مكتوب فيه بالذهب : \" هذا قبر حبى ولميس - وروي : حبى وتماضر - ابنتي تبع ماتتا ، وهما تشهدان أن لا إله إلا الله ولا تشركان به شيئا ، وعلى ذلك مات الصالحون قبلهما .\nوقد ذكرنا في \" سورة سبأ \" شعر سبأ في ذلك أيضا .\nقال قتادة : ذكر لنا أن كعبا كان يقول في تبع : نعت نعت الرجل الصالح ، ذم الله تعالى قومه ولم يذمه ، قال : وكانت عائشة تقول : لا تسبوا تبعا ; فإنه قد كان رجلا صالحا .\nوقال ابن أبي حاتم : حدثنا أبو زرعة ، حدثنا صفوان ، حدثنا الوليد ، حدثنا عبد الله ابن لهيعة عن أبي زرعة - يعني عمرو بن جابر الحضرمي - قال : سمعت سهل بن سعد الساعدي يقول : قال رسول الله - صلى الله عليه وسلم - : \" لا تسبوا تبعا ; فإنه قد كان أسلم \"\nورواه الإمام أحمد في مسنده عن حسن بن موسى ، عن ابن لهيعة ، به .\nوقال الطبراني : حدثنا أحمد بن علي الأبار ، حدثنا أحمد بن محمد بن أبي بزة ، حدثنا مؤمل بن إسماعيل ، حدثنا سفيان ، عن سماك بن حرب ، عن عكرمة ، عن ابن عباس ، عن النبي - صلى الله عليه وسلم - قال : \" لا تسبوا تبعا ; فإنه قد أسلم \"\nوقال عبد الرزاق : أخبرنا معمر ، عن ابن أبي ذئب ، عن المقبري ، عن أبي هريرة - رضي الله عنه - قال : قال رسول الله - صلى الله عليه وسلم - : \" ما أدري ، تبع نبيا كان أم غير نبي \"\nوتقدم بهذا السند من رواية ابن أبي حاتم كما أورده ابن عساكر : \" لا أدري تبع كان لعينا أم لا ؟ \" . فالله أعلم .\nورواه ابن عساكر من طريق زكريا بن يحيى البدي ، عن عكرمة ، عن ابن عباس موقوفا .\nوقال عبد الرزاق : أخبرنا عمران أبو الهذيل ، أخبرني تميم بن عبد الرحمن قال : قال عطاء بن أبي رباح : لا تسبوا تبعا ; فإن رسول الله - صلى الله عليه وسلم - نهى عن سبه ."
  }, {
    "id" : 38,
    "eya" : "وَمَا خَلَقْنَا السَّمَاوَاتِ وَالْأَرْضَ وَمَا بَيْنَهُمَا لَاعِبِينَ (38) ",
    "tafsir" : "يقول تعالى مخبرا عن عدله وتنزيهه نفسه عن اللعب والعبث والباطل ، كقوله : ( وما خلقنا السماء والأرض وما بينهما باطلا ذلك ظن الذين كفروا فويل للذين كفروا من النار )( أفحسبتم أنما خلقناكم عبثا وأنكم إلينا لا ترجعون فتعالى الله الملك الحق لا إله إلا هو رب العرش الكريم )[ المؤمنون : 115 ، 116 ]"
  }, {
    "id" : 39,
    "eya" : "مَا خَلَقْنَاهُمَا إِلَّا بِالْحَقِّ وَلَٰكِنَّ أَكْثَرَهُمْ لَا يَعْلَمُونَ (39) ",
    "tafsir" : "يقول تعالى مخبرا عن عدله وتنزيهه نفسه عن اللعب والعبث والباطل ، كقوله : ( وما خلقنا السماء والأرض وما بينهما باطلا ذلك ظن الذين كفروا فويل للذين كفروا من النار )( أفحسبتم أنما خلقناكم عبثا وأنكم إلينا لا ترجعون فتعالى الله الملك الحق لا إله إلا هو رب العرش الكريم )[ المؤمنون : 115 ، 116 ]"
  }, {
    "id" : 40,
    "eya" : "إِنَّ يَوْمَ الْفَصْلِ مِيقَاتُهُمْ أَجْمَعِينَ (40) ",
    "tafsir" : "ثم قال : ( إن يوم الفصل ) وهو يوم القيامة ، يفصل الله فيه بين الخلائق ، فيعذب الكافرين ويثيب المؤمنين .( ميقاتهم أجمعين ) أي : يجمعهم كلهم أولهم وآخرهم ."
  }, {
    "id" : 41,
    "eya" : "يَوْمَ لَا يُغْنِي مَوْلًى عَن مَّوْلًى شَيْئًا وَلَا هُمْ يُنصَرُونَ (41) ",
    "tafsir" : "( يوم لا يغني مولى عن مولى شيئا ) أي : لا ينفع قريب قريبا ، كقوله : ( فإذا نفخ في الصور فلا أنساب بينهم يومئذ ولا يتساءلون )[ المؤمنون : 101 ] ، وكقوله ( ولا يسأل حميم حميما . يبصرونهم )[ المعارج : 10 ، 11 ] أي : لا يسأل أخا له عن حاله وهو يراه عيانا .( ولا هم ينصرون ) أي : لا ينصر القريب قريبه ، ولا يأتيه نصره من خارج ."
  }, {
    "id" : 42,
    "eya" : "إِلَّا مَن رَّحِمَ اللَّهُ ۚ إِنَّهُ هُوَ الْعَزِيزُ الرَّحِيمُ (42) ",
    "tafsir" : "ثم قال : ( إلا من رحم الله ) أي : لا ينفع يومئذ إلا من رحمه الله ، عز وجل ، لخلقه ( إنه هو العزيز الرحيم ) أي : هو عزيز ذو رحمة واسعة ."
  }, {
    "id" : 43,
    "eya" : "إِنَّ شَجَرَتَ الزَّقُّومِ (43) ",
    "tafsir" : "يقول تعالى مخبرا عما يعذب به [ عباده ] الكافرين الجاحدين للقائه : ( إن شجرة الزقوم طعام الأثيم ) والأثيم أي : في قوله وفعله ، وهو الكافر . وذكر غير واحد أنه أبو جهل ، ولا شك في دخوله في هذه الآية ، ولكن ليست خاصة به .\nقال ابن جرير : حدثنا محمد بن بشار ، حدثنا عبد الرحمن ، حدثنا سفيان عن الأعمش ، عن إبراهيم عن همام بن الحارث ، أن أبا الدرداء كان يقرئ رجلا ( إن شجرة الزقوم طعام الأثيم ) فقال : طعام اليتيم فقال أبو الدرداء قل : إن شجرة الزقوم طعام الفاجر . أي : ليس له طعام غيرها .\nقال مجاهد : ولو وقعت منها قطرة في الأرض لأفسدت على أهل الأرض معايشهم . وقد تقدم نحوه مرفوعا ."
  }, {
    "id" : 44,
    "eya" : "طَعَامُ الْأَثِيمِ (44) ",
    "tafsir" : "( طعام الأثيم ) والأثيم أي : في قوله وفعله ، وهو الكافر . وذكر غير واحد أنه أبو جهل ، ولا شك في دخوله في هذه الآية ، ولكن ليست خاصة به .\nقال ابن جرير : حدثنا محمد بن بشار ، حدثنا عبد الرحمن ، حدثنا سفيان عن الأعمش ، عن إبراهيم عن همام بن الحارث ، أن أبا الدرداء كان يقرئ رجلا ( إن شجرة الزقوم طعام الأثيم ) فقال : طعام اليتيم فقال أبو الدرداء قل : إن شجرة الزقوم طعام الفاجر . أي : ليس له طعام غيرها .\nقال مجاهد : ولو وقعت منها قطرة في الأرض لأفسدت على أهل الأرض معايشهم . وقد تقدم نحوه مرفوعا ."
  }, {
    "id" : 45,
    "eya" : "كَالْمُهْلِ يَغْلِي فِي الْبُطُونِ (45) ",
    "tafsir" : "وقوله : ( كالمهل ) قالوا : كعكر الزيت ( يغلي في البطون)"
  }, {
    "id" : 46,
    "eya" : "كَغَلْيِ الْحَمِيمِ (46) ",
    "tafsir" : "\"كغلي الحميم\" أي من حرارتها ورداءتها."
  }, {
    "id" : 47,
    "eya" : "خُذُوهُ فَاعْتِلُوهُ إِلَىٰ سَوَاءِ الْجَحِيمِ (47) ",
    "tafsir" : "وقوله : ( خذوه فاعتلوه )[ خذوا ] الكافر ، وقد ورد أنه تعالى إذا قال للزبانية ) خذوه ) ابتدره سبعون ألفا منهم .( فاعتلوه ) أي : سوقوه سحبا ودفعا في ظهره .( خذوه فاعتلوه ) أي : خذوه فادفعوه .\nوقال الفرزدق :\nليس الكرام بناحليك أباهم حتى ترد إلى عطية تعتل( إلى سواء الجحيم ) أي : وسطها ."
  }, {
    "id" : 48,
    "eya" : "ثُمَّ صُبُّوا فَوْقَ رَأْسِهِ مِنْ عَذَابِ الْحَمِيمِ (48) ",
    "tafsir" : "( ثم صبوا فوق رأسه من عذاب الحميم )( يصب من فوق رءوسهم الحميم . يصهر به ما في بطونهم والجلود )[ الحج : 19 ، 20 ]\nوقد تقدم أن الملك يضربه بمقمعة من حديد ، تفتح دماغه ، ثم يصب الحميم على رأسه فينزل في بدنه ، فيسلت ما في بطنه من أمعائه ، حتى تمرق من كعبيه - أعاذنا الله تعالى من ذلك ."
  }, {
    "id" : 49,
    "eya" : "ذُقْ إِنَّكَ أَنتَ الْعَزِيزُ الْكَرِيمُ (49) ",
    "tafsir" : "وقوله : ( ذق إنك أنت العزيز الكريم ) أي : قولوا له ذلك على وجه التهكم والتوبيخ .\nوقال الضحاك عن ابن عباس : أي لست بعزيز ولا كريم .\nوقد قال الأموي في مغازيه : حدثنا أسباط ، حدثنا أبو بكر الهذلي ، عن عكرمة قال : لقي رسول الله - صلى الله عليه وسلم - أبا جهل - لعنه الله - فقال : \" إن الله تعالى أمرني أن أقول لك : ( أولى لك فأولى . ثم أولى لك فأولى )[ القيامة : 34 ، 35 ] قال : فنزع ثوبه من يده وقال : ما تستطيع لي أنت ولا صاحبك من شيء . ولقد علمت أني أمنع أهل البطحاء ، وأنا العزيز الكريم . قال : فقتله الله تعالى يوم بدر وأذله وعيره بكلمته ، وأنزل : ( ذق إنك أنت العزيز الكريم )"
  }, {
    "id" : 50,
    "eya" : "إِنَّ هَٰذَا مَا كُنتُم بِهِ تَمْتَرُونَ (50) ",
    "tafsir" : "وقوله : ( إن هذا ما كنتم به تمترون )( يوم يدعون إلى نار جهنم دعا . هذه النار التي كنتم بها تكذبون أفسحر هذا أم أنتم لا تبصرون )[ الطور : 13 - 15 ] ، ; ولهذا قال هاهنا : ( إن هذا ما كنتم به تمترون )"
  }, {
    "id" : 51,
    "eya" : "إِنَّ الْمُتَّقِينَ فِي مَقَامٍ أَمِينٍ (51) ",
    "tafsir" : "لما ذكر تعالى حال الأشقياء عطف بذكر [ حال ] السعداء - ولهذا سمي القرآن مثاني - فقال : ( إن المتقين ) أي : لله في الدنيا ( في مقام أمين ) أي : في الآخرة وهو الجنة ، قد أمنوا فيها من الموت والخروج ، ومن كل هم وحزن وجزع وتعب ونصب ، ومن الشيطان وكيده ، وسائر الآفات والمصائب ."
  }, {
    "id" : 52,
    "eya" : "فِي جَنَّاتٍ وَعُيُونٍ (52) ",
    "tafsir" : "( في جنات وعيون ) وهذا في مقابلة ما أولئك فيه من شجر الزقوم ، وشرب الحميم ."
  }, {
    "id" : 53,
    "eya" : "يَلْبَسُونَ مِن سُندُسٍ وَإِسْتَبْرَقٍ مُّتَقَابِلِينَ (53) ",
    "tafsir" : "وقوله تعالى : ( يلبسون من سندس وإستبرق ) وهو : رفيع الحرير ، كالقمصان ونحوها ) وإستبرق ) وهو ما فيه بريق ولمعان وذلك كالرياش ، وما يلبس على أعالي القماش ، ( متقابلين ) أي : على السرر لا يجلس أحد منهم وظهره إلى غيره ."
  }, {
    "id" : 54,
    "eya" : "كَذَٰلِكَ وَزَوَّجْنَاهُم بِحُورٍ عِينٍ (54) ",
    "tafsir" : "وقوله : ( كذلك وزوجناهم بحور عين ) أي : هذا العطاء مع ما قد منحناهم من الزوجات الحور العين الحسان اللاتي ( لم يطمثهن إنس قبلهم ولا جان )[ الرحمن : 56 ، 74 ]( كأنهن الياقوت والمرجان )[ الرحمن : 58 ]( هل جزاء الإحسان إلا الإحسان )[ الرحمن : 60 ]\nقال ابن أبي حاتم : حدثنا أبي ، حدثنا نوح بن حبيب ، حدثنا نصر بن مزاحم العطار ، حدثنا عمر بن سعد ، عن رجل عن أنس - رفعه نوح - قال : لو أن حوراء بزقت في بحر لجي ، لعذب ذلك الماء لعذوبة ريقها ."
  }, {
    "id" : 55,
    "eya" : "يَدْعُونَ فِيهَا بِكُلِّ فَاكِهَةٍ آمِنِينَ (55) ",
    "tafsir" : "وقوله : ( يدعون فيها بكل فاكهة آمنين ) أي : مهما طلبوا من أنواع الثمار أحضر لهم ، وهم آمنون من انقطاعه وامتناعه ، بل يحضر إليهم كلما أرادوا ."
  }, {
    "id" : 56,
    "eya" : "لَا يَذُوقُونَ فِيهَا الْمَوْتَ إِلَّا الْمَوْتَةَ الْأُولَىٰ ۖ وَوَقَاهُمْ عَذَابَ الْجَحِيمِ (56) ",
    "tafsir" : "وقوله : ( لا يذوقون فيها الموت إلا الموتة الأولى ) هذا استثناء يؤكد النفي ، فإنه استثناء منقطع ومعناه : أنهم لا يذوقون فيها الموت أبدا ، كما ثبت في الصحيحين أن رسول الله - صلى الله عليه وسلم - قال : \" يؤتى بالموت في صورة كبش أملح ، فيوقف بين الجنة والنار ثم يذبح ، ثم يقال : يا أهل الجنة خلود فلا موت ، ويا أهل النار خلود فلا موت \" وقد تقدم الحديث في سورة مريم .\nوقال عبد الرزاق : حدثنا سفيان الثوري ، عن أبي إسحاق ، عن أبي مسلم الأغر ، عن أبي سعيد وأبي هريرة ، رضي الله عنهما ، قالا قال رسول الله - صلى الله عليه وسلم - : \" يقال لأهل الجنة : إن لكم أن تصحوا فلا تسقموا أبدا ، وإن لكم أن تعيشوا فلا تموتوا أبدا ، وإن لكم أن تنعموا فلا تبأسوا أبدا ، وإن لكم أن تشبوا فلا تهرموا أبدا \" . رواه مسلم عن إسحاق بن راهويه وعبد بن حميد ، كلاهما عن عبد الرزاق به .\nهكذا يقول أبو إسحاق وأهل العراق \" أبو مسلم الأغر \" ، وأهل المدينة يقولون : \" أبو عبد الله الأغر \"\nوقال أبو بكر بن أبي داود السجستاني : حدثنا أحمد بن حفص ، عن أبيه ، عن إبراهيم بن طهمان ، عن الحجاج - هو ابن حجاج - عن عبادة ، عن عبيد الله بن عمرو ، عن أبي هريرة - رضي الله عنه - قال : قال رسول الله - صلى الله عليه وسلم - : \" من اتقى الله دخل الجنة ، ينعم فيها ولا يبأس ، ويحيا فيها فلا يموت ، لا تبلى ثيابه ، ولا يفنى شبابه \"\nوقال أبو القاسم الطبراني : حدثنا أحمد بن يحيى ، حدثنا عمرو بن محمد الناقد ، حدثنا سليمان بن عبيد الله الرقي ، حدثنا مصعب بن إبراهيم ، حدثنا عمران بن الربيع الكوفي ، عن يحيى بن سعيد الأنصاري ، عن محمد بن المنكدر ، عن جابر ، رضي الله عنه ، قال : سئل نبي الله - صلى الله عليه وسلم - : أينام أهل الجنة ؟ فقال : \" النوم أخو الموت ، وأهل الجنة لا ينامون \"\nوهكذا رواه أبو بكر بن مردويه في تفسيره : حدثنا أحمد بن القاسم بن صدقة المصري ، حدثنا المقدام بن داود ، حدثنا عبد الله بن المغيرة ، حدثنا سفيان الثوري ، عن محمد بن المنكدر ، عن جابر بن عبد الله قال : قال رسول الله - صلى الله عليه وسلم - : \" النوم أخو الموت ، وأهل الجنة لا ينامون \"\nوقال أبو بكر البزار في مسنده : حدثنا الفضل بن يعقوب ، حدثنا محمد بن يوسف الفريابي ، عن سفيان ، عن محمد بن المنكدر ، عن جابر قال : قيل : يا رسول الله ، هل ينام أهل الجنة ؟ قال : \" لا النوم أخو الموت \" ثم قال : \" لا نعلم أحدا أسنده عن ابن المنكدر ، عن جابر إلا الثوري ، ولا عن الثوري ، إلا الفريابي \" هكذا قال ، وقد تقدم خلاف ذلك ، والله أعلم .( ووقاهم عذاب الجحيم ) أي : مع هذا النعيم العظيم المقيم قد وقاهم ، وسلمهم ونجاهم وزحزحهم من العذاب الأليم في دركات الجحيم ، فحصل لهم المطلوب ، ونجاهم من المرهوب ;"
  }, {
    "id" : 57,
    "eya" : "فَضْلًا مِّن رَّبِّكَ ۚ ذَٰلِكَ هُوَ الْفَوْزُ الْعَظِيمُ (57) ",
    "tafsir" : "ولهذا قال : ( فضلا من ربك ذلك هو الفوز العظيم ) أي : إنما كان هذا بفضله عليهم وإحسانه إليهم كما ثبت في الصحيح عن رسول الله - صلى الله عليه وسلم - أنه قال : \" اعملوا وسددوا وقاربوا ، واعلموا أن أحدا لن يدخله عمله الجنة \" قالوا : ولا أنت يا رسول الله ؟ قال : \" ولا أنا إلا أن يتغمدني الله برحمة منه وفضل \""
  }, {
    "id" : 58,
    "eya" : "فَإِنَّمَا يَسَّرْنَاهُ بِلِسَانِكَ لَعَلَّهُمْ يَتَذَكَّرُونَ (58) ",
    "tafsir" : "وقوله : ( فإنما يسرناه بلسانك لعلهم يتذكرون ) أي : إنما يسرنا هذا القرآن الذي أنزلناه سهلا واضحا بينا جليا بلسانك الذي هو أفصح اللغات وأجلاها وأحلاها وأعلاها ( لعلهم يتذكرون ) أي : يتفهمون ويعملون . ثم لما كان مع هذا البيان والوضوح ، من الناس من كفر وخالف وعاند ، قال الله تعالى لرسوله مسليا له وواعدا له بالنصر ، ومتوعدا لمن كذبه بالعطب والهلاك :"
  }, {
    "id" : 59,
    "eya" : "فَارْتَقِبْ إِنَّهُم مُّرْتَقِبُونَ (59) ",
    "tafsir" : "( فارتقب ) أي : انتظر ( إنهم مرتقبون ) أي : فسيعلمون لمن يكون النصر والظفر وعلو الكلمة في الدنيا والآخرة ، فإنها لك يا محمد ولإخوانك من النبيين والمرسلين ومن اتبعكم من المؤمنين ، كما قال تعالى : ( كتب الله لأغلبن أنا ورسلي إن الله قوي عزيز )[ المجادلة : 21 ] ، وقال تعالى : ( إنا لننصر رسلنا والذين آمنوا في الحياة الدنيا ويوم يقوم الأشهاد يوم لا ينفع الظالمين معذرتهم ولهم اللعنة ولهم سوء الدار )[ غافر : 51 ، 52 ]\nآخر تفسير سورة الدخان ، ولله الحمد والمنة ، وبه التوفيق والعصمة"
  } ]
}