{
  "id" : 45,
  "nbAya" : 37,
  "name" : "الجَاثِيَة",
  "type" : "مكيَّة",
  "ayets" : [ {
    "id" : 1,
    "eya" : "حم (1) ",
    "tafsir" : "قد اختلف المفسرون في الحروف المقطعة التي في أوائل السور فمنهم من قال هي مما استأثر الله بعلمه فردوا علمها إلى الله ولم يفسرها حكاه القرطبي في تفسـره عن أبي بكر وعمر وعثمان وعلي وابن مسعود رضي الله عنهم أجمعين وقاله عامر الشعبي وسفيان الثوري والربيع بن خيثم واختاره أبو حاتم بن حبان.\nومنهم من فسرها واختلف هؤلاء في معناها فقال عبدالرحمن بن زيد بن أسلم إنما هي أسماء السور.\nقال العلامة أبو القاسم محمود بن عمر الزمخشري في تفسيره وعليه إطباق الأكثر ونقل عن سيبويه أنه نص عليه ويعتضد لهذا بما ورد في الصحيحين عن أبي هريرة أن رسول الله صلى الله عليه وسلم كان يقرأ في صلاة الصبح يوم الجمعة \"الم\" السجدة و \"هل أتى على الإنسان\" وقال سفيان الثوري عن ابن أبي نجيح عن مجاهد أنه قال: الم وحم والمص وص.\nفواتح افتتح الله بها القرآن وكذا قال غيره عن مجاهد وقال مجاهد في رواية أبي حذيفة موسى بن مسعود عن شبل عن ابن أبي نجيح عنه أنه قال الم اسم من أسماء القرآن وهكذا وقال قتادة وزيد بن أسلم ولعل هذا يرجع إلى معنى قول عبدالرحمن بن زيد بن أسلم أنه اسم من أسماء السور فإن كل سورة يطلق عليها اسم القرآن فإنه يبعد أن يكون المص اسما للقرآن كله لأن المتبادر إلى فهم سامع من يقول قرأت المص إنما ذلك عبارة عن سورة الأعراف لا لمجموع القرآن والله أعلم.\nوقيل هي اسم من أسماء الله تعالى فقال عنها في فواتح السور من أسماء الله تعالى وكذلك قال سالم بن عبدالله وإسماعيل بن عبدالرحمن السدي الكبير وقال شعبة عن السدي بلغني أن ابن عباس قال الم اسم من أسماء الله الأعظم.\nهكذا رواه ابن أبي حاتم من حديث شعبة ورواه ابن جرير عن بندار عن ابن مهدي عن شعبة قال سألت السدي عن حم وطس والم فقال قال ابن عباس هي اسم الله الأعظم."
  }, {
    "id" : 2,
    "eya" : "تَنزِيلُ الْكِتَابِ مِنَ اللَّهِ الْعَزِيزِ الْحَكِيمِ (2) ",
    "tafsir" : "يخبر تعالى أنه أنزل الكتاب على عبده ورسوله محمد صلوات الله وسلامه عليه دائما إلى يوم الدين ووصف نفسه بالعزة التي لا ترام والحكمة في الأقوال والأفعال."
  }, {
    "id" : 3,
    "eya" : "إِنَّ فِي السَّمَاوَاتِ وَالْأَرْضِ لَآيَاتٍ لِّلْمُؤْمِنِينَ (3) ",
    "tafsir" : "يرشد تعالى خلقه إلى التفكر في آلائه ونعمه وقدرته العظيمة التي خلق بهما السموات الأرض."
  }, {
    "id" : 4,
    "eya" : "وَفِي خَلْقِكُمْ وَمَا يَبُثُّ مِن دَابَّةٍ آيَاتٌ لِّقَوْمٍ يُوقِنُونَ (4) ",
    "tafsir" : "وما فيهما من المخلوقات المختلفة الأجناس والأنواع من الملائكة والجن والإنس والدواب والطيور والوحوش والسباع والحشرات وما في البحر من الأصناف المتنوعة."
  }, {
    "id" : 5,
    "eya" : "وَاخْتِلَافِ اللَّيْلِ وَالنَّهَارِ وَمَا أَنزَلَ اللَّهُ مِنَ السَّمَاءِ مِن رِّزْقٍ فَأَحْيَا بِهِ الْأَرْضَ بَعْدَ مَوْتِهَا وَتَصْرِيفِ الرِّيَاحِ آيَاتٌ لِّقَوْمٍ يَعْقِلُونَ (5) ",
    "tafsir" : "واختلاف الليل والنهار في تعاقبهما دائبين لا يفتران ، هذا بظلامه وهذا بضيائه ، وما أنزل الله تعالى من السحاب من المطر في وقت الحاجة إليه ، وسماه رزقا ; لأن به يحصل الرزق ، ( فأحيا به الأرض بعد موتها ) أي : بعد ما كانت هامدة لا نبات فيها ولا شيء .( وتصريف الرياح ) أي : جنوبا وشآما ، ودبورا وصبا ، بحرية وبرية ، ليلية ونهارية . ومنها ما هو للمطر ، ومنها ما هو للقاح ، ومنها ما هو غذاء للأرواح ، ومنها ما هو عقيم [ لا ينتج ]\nوقال أولا ) لآيات للمؤمنين ) ، ثم ) يوقنون ) ثم ) يعقلون ) وهو ترق من حال شريف إلى ما هو أشرف منه وأعلى . وهذه الآيات شبيهة بآية \" البقرة \" وهي قوله : ( إن في خلق السموات والأرض واختلاف الليل والنهار والفلك التي تجري في البحر بما ينفع الناس وما أنزل الله من السماء من ماء فأحيا به الأرض بعد موتها وبث فيها من كل دابة وتصريف الرياح والسحاب المسخر بين السماء والأرض لآيات لقوم يعقلون )[ البقرة : 164 ] . وقد أورد ابن أبي حاتم هاهنا عن وهب بن منبه أثرا طويلا غريبا في خلق الإنسان من الأخلاط الأربعة ."
  }, {
    "id" : 6,
    "eya" : "تِلْكَ آيَاتُ اللَّهِ نَتْلُوهَا عَلَيْكَ بِالْحَقِّ ۖ فَبِأَيِّ حَدِيثٍ بَعْدَ اللَّهِ وَآيَاتِهِ يُؤْمِنُونَ (6) ",
    "tafsir" : "يقول تعالى : هذه آيات الله - يعني القرآن بما فيه من الحجج والبينات - ( نتلوها عليك بالحق ) أي : متضمنة الحق من الحق ، فإذا كانوا لا يؤمنون بها ولا ينقادون لها ، فبأي حديث بعد الله وآياته يؤمنون ؟ !"
  }, {
    "id" : 7,
    "eya" : "وَيْلٌ لِّكُلِّ أَفَّاكٍ أَثِيمٍ (7) ",
    "tafsir" : "ثم قال : ( ويل لكل أفاك أثيم ) أي أفاك في قوله كذاب ، حلاف مهين أثيم في فعله وقيله كافر بآيات الله ; ولهذا قال :"
  }, {
    "id" : 8,
    "eya" : "يَسْمَعُ آيَاتِ اللَّهِ تُتْلَىٰ عَلَيْهِ ثُمَّ يُصِرُّ مُسْتَكْبِرًا كَأَن لَّمْ يَسْمَعْهَا ۖ فَبَشِّرْهُ بِعَذَابٍ أَلِيمٍ (8) ",
    "tafsir" : "( يسمع آيات الله تتلى عليه ) أي : تقرأ عليه ( ثم يصر ) أي : على كفره وجحوده استكبارا وعنادا ( كأن لم يسمعها ) أي : كأنه ما سمعها ، ( فبشره بعذاب أليم )[ أي ] فأخبره أن له عند الله يوم القيامة عذابا أليما موجعا ."
  }, {
    "id" : 9,
    "eya" : "وَإِذَا عَلِمَ مِنْ آيَاتِنَا شَيْئًا اتَّخَذَهَا هُزُوًا ۚ أُولَٰئِكَ لَهُمْ عَذَابٌ مُّهِينٌ (9) ",
    "tafsir" : "( وإذا علم من آياتنا شيئا اتخذها هزوا ) أي : إذا حفظ شيئا من القرآن كفر به واتخذه سخريا وهزوا ، ( أولئك لهم عذاب مهين ) أي : في مقابلة ما استهان بالقرآن واستهزأ به ; ولهذا روى مسلم في صحيحه عن ابن عمر قال : نهى رسول الله - صلى الله عليه وسلم - أن يسافر بالقرآن إلى أرض العدو مخافة أن يناله العدو ."
  }, {
    "id" : 10,
    "eya" : "مِّن وَرَائِهِمْ جَهَنَّمُ ۖ وَلَا يُغْنِي عَنْهُم مَّا كَسَبُوا شَيْئًا وَلَا مَا اتَّخَذُوا مِن دُونِ اللَّهِ أَوْلِيَاءَ ۖ وَلَهُمْ عَذَابٌ عَظِيمٌ (10) ",
    "tafsir" : "ثم فسر العذاب الحاصل له يوم معاده فقال : ( من ورائهم جهنم ) أي : كل من اتصف بذلك سيصيرون إلى جهنم يوم القيامة ، ( ولا يغني عنهم ما كسبوا شيئا ) أي : لا تنفعهم أموالهم ولا أولادهم ، ( ولا ما اتخذوا من دون الله أولياء ) أي : ولا تغني عنهم الآلهة التي عبدوها من دون الله شيئا ، ( ولهم عذاب عظيم )"
  }, {
    "id" : 11,
    "eya" : "هَٰذَا هُدًى ۖ وَالَّذِينَ كَفَرُوا بِآيَاتِ رَبِّهِمْ لَهُمْ عَذَابٌ مِّن رِّجْزٍ أَلِيمٌ (11) ",
    "tafsir" : "ثم قال تعالى : ( هذا هدى ) يعني القرآن ( والذين كفروا بآيات ربهم لهم عذاب من رجز أليم ) وهو المؤلم الموجع ."
  }, {
    "id" : 12,
    "eya" : "۞ اللَّهُ الَّذِي سَخَّرَ لَكُمُ الْبَحْرَ لِتَجْرِيَ الْفُلْكُ فِيهِ بِأَمْرِهِ وَلِتَبْتَغُوا مِن فَضْلِهِ وَلَعَلَّكُمْ تَشْكُرُونَ (12) ",
    "tafsir" : "يذكر تعالى نعمه على عبيده فيما سخر لهم من البحر ( لتجري الفلك ) ، وهي السفن فيه بأمره تعالى ، فإنه هو الذي أمر البحر أن يحملها ( ولتبتغوا من فضله ) أي : في المتاجر والمكاسب ، ( ولعلكم تشكرون ) أي : على حصول المنافع المجلوبة إليكم من الأقاليم النائية والآفاق القاصية ."
  }, {
    "id" : 13,
    "eya" : "وَسَخَّرَ لَكُم مَّا فِي السَّمَاوَاتِ وَمَا فِي الْأَرْضِ جَمِيعًا مِّنْهُ ۚ إِنَّ فِي ذَٰلِكَ لَآيَاتٍ لِّقَوْمٍ يَتَفَكَّرُونَ (13) ",
    "tafsir" : "ثم قال تعالى : ( وسخر لكم ما في السموات وما في الأرض ) أي : من الكواكب والجبال ، والبحار والأنهار ، وجميع ما تنتفعون به ، أي : الجميع من فضله وإحسانه وامتنانه ; ولهذا قال : ( جميعا منه ) أي : من عنده وحده لا شريك له في ذلك ، كما قال تعالى : ( وما بكم من نعمة فمن الله ثم إذا مسكم الضر فإليه تجأرون )[ النحل : 53 ]\nوروى ابن جرير من طريق العوفي ، عن ابن عباس في قوله : ( وسخر لكم ما في السموات وما في الأرض جميعا منه ) كل شيء هو من الله ، وذلك الاسم فيه اسم من أسمائه ، فذلك جميعا منه ، ولا ينازعه فيه المنازعون ، واستيقن أنه كذلك .\nوقال ابن أبي حاتم : حدثنا أبي ، حدثنا محمد بن خلف العسقلاني ، حدثنا الفرياني ، عن سفيان ، عن الأعمش ، عن المنهال بن عمرو ، عن أبي أراكة قال : سأل رجل عبد الله بن عمرو قال : مم خلق الخلق ؟ قال : من النور والنار ، والظلمة والثرى . قال وائت ابن عباس فاسأله . فأتاه فقال له مثل ذلك ، فقال : ارجع إليه فسله : مم خلق ذلك كله ؟ فرجع إليه فسأله ، فتلا ( وسخر لكم ما في السموات وما في الأرض جميعا منه ) هذا أثر غريب ، وفيه نكارة .( إن في ذلك لآيات لقوم يتفكرون )"
  }, {
    "id" : 14,
    "eya" : "قُل لِّلَّذِينَ آمَنُوا يَغْفِرُوا لِلَّذِينَ لَا يَرْجُونَ أَيَّامَ اللَّهِ لِيَجْزِيَ قَوْمًا بِمَا كَانُوا يَكْسِبُونَ (14) ",
    "tafsir" : "وقوله : ( قل للذين آمنوا يغفروا للذين لا يرجون أيام الله ) أي : يصفحوا عنهم ويحملوا الأذى منهم . وهذا كان في ابتداء الإسلام ، أمروا أن يصبروا على أذى المشركين وأهل الكتاب ؛ ليكون ذلك لتأليف قلوبهم ، ثم لما أصروا على العناد شرع الله للمؤمنين الجلاد والجهاد . هكذا روي عن ابن عباس ، وقتادة .[ في قوله ]( لا يرجون أيام الله ) لا يبالون نعم الله .( ليجزي قوما بما كانوا يكسبون ) أي : إذا صفحوا عنهم في الدنيا ، فإن الله مجازيهم بأعمالهم السيئة في الآخرة ;"
  }, {
    "id" : 15,
    "eya" : "مَنْ عَمِلَ صَالِحًا فَلِنَفْسِهِ ۖ وَمَنْ أَسَاءَ فَعَلَيْهَا ۖ ثُمَّ إِلَىٰ رَبِّكُمْ تُرْجَعُونَ (15) ",
    "tafsir" : "ولهذا قال : ( من عمل صالحا فلنفسه ومن أساء فعليها ثم إلى ربكم ترجعون ) أي : تعودون إليه يوم القيامة فتعرضون بأعمالكم [ عليه ] فيجزيكم بأعمالكم خيرها وشرها ."
  }, {
    "id" : 16,
    "eya" : "وَلَقَدْ آتَيْنَا بَنِي إِسْرَائِيلَ الْكِتَابَ وَالْحُكْمَ وَالنُّبُوَّةَ وَرَزَقْنَاهُم مِّنَ الطَّيِّبَاتِ وَفَضَّلْنَاهُمْ عَلَى الْعَالَمِينَ (16) ",
    "tafsir" : "يذكر تعالى ما أنعم به على بني إسرائيل من إنزال الكتب عليهم وإرسال الرسل إليهم ، وجعله الملك فيهم ; ولهذا قال : ( ولقد آتينا بني إسرائيل الكتاب والحكم والنبوة ورزقناهم من الطيبات ) أي : من المآكل والمشارب ، ( وفضلناهم على العالمين ) أي : في زمانهم ."
  }, {
    "id" : 17,
    "eya" : "وَآتَيْنَاهُم بَيِّنَاتٍ مِّنَ الْأَمْرِ ۖ فَمَا اخْتَلَفُوا إِلَّا مِن بَعْدِ مَا جَاءَهُمُ الْعِلْمُ بَغْيًا بَيْنَهُمْ ۚ إِنَّ رَبَّكَ يَقْضِي بَيْنَهُمْ يَوْمَ الْقِيَامَةِ فِيمَا كَانُوا فِيهِ يَخْتَلِفُونَ (17) ",
    "tafsir" : "( وآتيناهم بينات من الأمر ) أي : حججا وبراهين وأدلة قاطعات ، فقامت عليهم الحجج ثم اختلفوا بعد ذلك من بعد قيام الحجة ، وإنما كان ذلك بغيا منهم على بعضهم بعضا ، ( إن ربك )( يقضي بينهم يوم القيامة فيما كانوا فيه يختلفون ) أي : سيفصل بينهم بحكمه العدل . وهذا فيه تحذير لهذه الأمة أن تسلك مسلكهم ، وأن تقصد منهجهم ;"
  }, {
    "id" : 18,
    "eya" : "ثُمَّ جَعَلْنَاكَ عَلَىٰ شَرِيعَةٍ مِّنَ الْأَمْرِ فَاتَّبِعْهَا وَلَا تَتَّبِعْ أَهْوَاءَ الَّذِينَ لَا يَعْلَمُونَ (18) ",
    "tafsir" : "ولهذا قال : ( ثم جعلناك على شريعة من الأمر فاتبعها ) أي : اتبع ما أوحي إليك من ربك لا إله إلا هو ، وأعرض عن المشركين ،"
  }, {
    "id" : 19,
    "eya" : "إِنَّهُمْ لَن يُغْنُوا عَنكَ مِنَ اللَّهِ شَيْئًا ۚ وَإِنَّ الظَّالِمِينَ بَعْضُهُمْ أَوْلِيَاءُ بَعْضٍ ۖ وَاللَّهُ وَلِيُّ الْمُتَّقِينَ (19) ",
    "tafsir" : "وقال هاهنا : ( ولا تتبع أهواء الذين لا يعلمون إنهم لن يغنوا عنك من الله شيئا وإن الظالمين بعضهم أولياء بعض ) أي : وماذا تغني عنهم ولايتهم لبعضهم بعضا ، فإنهم لا يزيدونهم إلا خسارا ودمارا وهلاكا ، ( والله ولي المتقين ) ، وهو تعالى يخرجهم من الظلمات إلى النور ، والذين كفروا أولياؤهم الطاغوت يخرجونهم من النور إلى الظلمات ."
  }, {
    "id" : 20,
    "eya" : "هَٰذَا بَصَائِرُ لِلنَّاسِ وَهُدًى وَرَحْمَةٌ لِّقَوْمٍ يُوقِنُونَ (20) ",
    "tafsir" : "ثم قال : ( هذا بصائر للناس ) يعني : القرآن ( وهدى ورحمة لقوم يوقنون . )"
  }, {
    "id" : 21,
    "eya" : "أَمْ حَسِبَ الَّذِينَ اجْتَرَحُوا السَّيِّئَاتِ أَن نَّجْعَلَهُمْ كَالَّذِينَ آمَنُوا وَعَمِلُوا الصَّالِحَاتِ سَوَاءً مَّحْيَاهُمْ وَمَمَاتُهُمْ ۚ سَاءَ مَا يَحْكُمُونَ (21) ",
    "tafsir" : "يقول تعالى : ( لا يستوي المؤمنون والكافرون ، كما قال : ( لا يستوي أصحاب النار وأصحاب الجنة أصحاب الجنة هم الفائزون )[ الحشر : 20 ] وقال هاهنا : ( أم حسب الذين اجترحوا السيئات ) أي : عملوها وكسبوها ( أن نجعلهم كالذين آمنوا وعملوا الصالحات سواء محياهم ومماتهم ) أي : نساويهم بهم في الدنيا والآخرة ! ( ساء ما يحكمون ) أي : ساء ما ظنوا بنا وبعدلنا أن نساوي بين الأبرار والفجار في الدار الآخرة ، وفي هذه الدار .\nقال الحافظ أبو يعلى : حدثنا مؤمل بن إهاب ، حدثنا بكير بن عثمان التنوخي ، حدثنا الوضين بن عطاء ، عن يزيد بن مرثد الباجي ، عن أبي ذر ، رضي الله عنه ، قال : إن الله بنى دينه على أربعة أركان ، فمن صبر عليهن ولم يعمل بهن لقي الله [ وهو ] من الفاسقين . قيل : وما هن يا أبا ذر ؟ قال : يسلم حلال الله لله ، وحرام الله لله ، وأمر الله لله ، ونهي الله لله ، لا يؤتمن عليهن إلا الله .\nقال أبو القاسم - صلى الله عليه وسلم - : \" كما أنه لا يجتنى من الشوك العنب ، كذلك لا ينال الفجار منازل الأبرار \"\nهذا حديث غريب من هذا الوجه . وقد ذكر محمد بن إسحاق في كتاب \" السيرة \" أنهم وجدوا حجرا بمكة في أس الكعبة مكتوب عليه : تعملون السيئات وترجون الحسنات ؟ أجل كما يجتنى من الشوك العنب .\nوقد روى الطبراني من حديث شعبة ، عن عمرو بن مرة ، عن أبي الضحى ، عن مسروق ، أن تميما الداري قام ليلة حتى أصبح يردد هذه الآية : ( أم حسب الذين اجترحوا السيئات أن نجعلهم كالذين آمنوا وعملوا الصالحات ) ; ولهذا قال تعالى : ( ساء ما يحكمون )"
  }, {
    "id" : 22,
    "eya" : "وَخَلَقَ اللَّهُ السَّمَاوَاتِ وَالْأَرْضَ بِالْحَقِّ وَلِتُجْزَىٰ كُلُّ نَفْسٍ بِمَا كَسَبَتْ وَهُمْ لَا يُظْلَمُونَ (22) ",
    "tafsir" : "وقال ( وخلق الله السموات والأرض بالحق ) أي : بالعدل ، ( ولتجزى كل نفس بما كسبت وهم لا يظلمون )"
  }, {
    "id" : 23,
    "eya" : "أَفَرَأَيْتَ مَنِ اتَّخَذَ إِلَٰهَهُ هَوَاهُ وَأَضَلَّهُ اللَّهُ عَلَىٰ عِلْمٍ وَخَتَمَ عَلَىٰ سَمْعِهِ وَقَلْبِهِ وَجَعَلَ عَلَىٰ بَصَرِهِ غِشَاوَةً فَمَن يَهْدِيهِ مِن بَعْدِ اللَّهِ ۚ أَفَلَا تَذَكَّرُونَ (23) ",
    "tafsir" : "ثم قال [ تعالى ]( أفرأيت من اتخذ إلهه هواه ) أي : إنما يأتمر بهواه ، فمهما رآه حسنا فعله ، ومهما رآه قبيحا تركه : وهذا قد يستدل به على المعتزلة في قولهم بالتحسين والتقبيح العقليين .\nوعن مالك فيما روي عنه من التفسير : لا يهوى شيئا إلا عبده .( وأضله الله على علم ) يحتمل قولين :\nأحدهما : وأضله الله لعلمه أنه يستحق ذلك . والآخر : وأضله الله بعد بلوغ العلم إليه ، وقيام الحجة عليه . والثاني يستلزم الأول ، ولا ينعكس .( وختم على سمعه وقلبه وجعل على بصره غشاوة ) أي : فلا يسمع ما ينفعه ، ولا يعي شيئا يهتدي به ، ولا يرى حجة يستضيء بها ; ولهذا قال : ( فمن يهديه من بعد الله أفلا تذكرون )( من يضلل الله فلا هادي له ويذرهم في طغيانهم يعمهون )[ الأعراف : 186 ]"
  }, {
    "id" : 24,
    "eya" : "وَقَالُوا مَا هِيَ إِلَّا حَيَاتُنَا الدُّنْيَا نَمُوتُ وَنَحْيَا وَمَا يُهْلِكُنَا إِلَّا الدَّهْرُ ۚ وَمَا لَهُم بِذَٰلِكَ مِنْ عِلْمٍ ۖ إِنْ هُمْ إِلَّا يَظُنُّونَ (24) ",
    "tafsir" : "يخبر تعالى عن قول الدهرية من الكفار ومن وافقهم من مشركي العرب في إنكار المعاد : ( وقالوا ما هي إلا حياتنا الدنيا نموت ونحيا ) أي : ما ثم إلا هذه الدار ، يموت قوم ويعيش آخرون وما ثم معاد ولا قيامة وهذا يقوله مشركو العرب المنكرون للمعاد ، ويقوله الفلاسفة الإلهيون منهم ، وهم ينكرون البداءة والرجعة ، ويقوله الفلاسفة الدهرية الدورية المنكرون للصانع المعتقدون أن في كل ستة وثلاثين ألف سنة يعود كل شيء إلى ما كان عليه . وزعموا أن هذا قد تكرر مرات لا تتناهى ، فكابروا المعقول وكذبوا المنقول ؛ ولهذا قالوا ( وما يهلكنا إلا الدهر ) قال الله تعالى : ( وما لهم بذلك من علم إن هم إلا يظنون ) أي : يتوهمون ويتخيلون .\nفأما الحديث الذي أخرجه صاحبا الصحيح ، وأبو داود ، والنسائي ، من رواية سفيان بن عيينة ، عن الزهري ، عن سعيد بن المسيب ، عن أبي هريرة - رضي الله عنه - قال : قال رسول الله - صلى الله عليه وسلم - : \" يقول الله تعالى : يؤذيني ابن آدم ; يسب الدهر وأنا الدهر ، بيدي الأمر ، أقلب ليله ونهاره \" وفي رواية : \" لا تسبوا الدهر ، فإن الله هو الدهر \"\nوقد أورده ابن جرير بسياق غريب جدا فقال : حدثنا أبو كريب ، حدثنا سفيان بن عيينة ، عن الزهري ، عن سعيد بن المسيب ، عن أبي هريرة ، رضي الله عنه ، عن النبي - صلى الله عليه وسلم - قال : \" كان أهل الجاهلية يقولون : إنما يهلكنا الليل والنهار ، وهو الذي يهلكنا ، يميتنا ويحيينا ، فقال الله في كتابه : ( وقالوا ما هي إلا حياتنا الدنيا نموت ونحيا وما يهلكنا إلا الدهر ) ويسبون الدهر ، فقال الله عز وجل : يؤذيني ابن آدم ، يسب الدهر وأنا الدهر ، بيدي الأمر أقلب الليل والنهار \" .\nوكذا رواه ابن أبي حاتم ، عن أحمد بن منصور ، عن شريح بن النعمان ، عن ابن عيينة مثله : ثم روي عن يونس ، عن ابن وهب ، عن الزهري ، عن أبي سلمة ، عن أبي هريرة : سمعت رسول الله - صلى الله عليه وسلم - يقول : \" قال الله تعالى : يسب ابن آدم الدهر ، وأنا الدهر ، بيدي الليل والنهار \"\nوأخرجه صاحبا الصحيح والنسائي ، من حديث يونس بن زيد ، به .\nوقال محمد بن إسحاق عن العلاء بن عبد الرحمن ، عن أبيه عن أبي هريرة ، رضي الله عنه ، أن رسول الله - صلى الله عليه وسلم - قال : \" يقول الله : استقرضت عبدي فلم يعطني ، وسبني عبدي ، يقول : وادهراه . وأنا الدهر \"\nقال الشافعي وأبو عبيدة وغيرهما من الأئمة في تفسير قوله ، عليه الصلاة والسلام : \" لا تسبوا الدهر ; فإن الله هو الدهر \" : كانت العرب في جاهليتها إذا أصابهم شدة أو بلاء أو نكبة ، قالوا : يا خيبة الدهر . فيسندون تلك الأفعال إلى الدهر ويسبونه ، وإنما فاعلها هو الله [ عز وجل ] فكأنهم إنما سبوا الله عز وجل ; لأنه فاعل ذلك في الحقيقة ، فلهذا نهي عن سب الدهر بهذا الاعتبار ; لأن الله هو الدهر الذي يعنونه ، ويسندون إليه تلك الأفعال .\nهذا أحسن ما قيل في تفسيره ، وهو المراد ، والله أعلم . وقد غلط ابن حزم ومن نحا نحوه من الظاهرية في عدهم الدهر من الأسماء الحسنى ، أخذا من هذا الحديث . ."
  }, {
    "id" : 25,
    "eya" : "وَإِذَا تُتْلَىٰ عَلَيْهِمْ آيَاتُنَا بَيِّنَاتٍ مَّا كَانَ حُجَّتَهُمْ إِلَّا أَن قَالُوا ائْتُوا بِآبَائِنَا إِن كُنتُمْ صَادِقِينَ (25) ",
    "tafsir" : "وقوله تعالى : ( وإذا تتلى عليهم آياتنا بينات ) أي : إذا استدل عليهم وبين لهم الحق ، وأن الله قادر على إعادة الأبدان بعد فنائها وتفرقها ، ( ما كان حجتهم إلا أن قالوا ائتوا بآبائنا إن كنتم صادقين ) أي : أحيوهم إن كان ما تقولونه حقا ."
  }, {
    "id" : 26,
    "eya" : "قُلِ اللَّهُ يُحْيِيكُمْ ثُمَّ يُمِيتُكُمْ ثُمَّ يَجْمَعُكُمْ إِلَىٰ يَوْمِ الْقِيَامَةِ لَا رَيْبَ فِيهِ وَلَٰكِنَّ أَكْثَرَ النَّاسِ لَا يَعْلَمُونَ (26) ",
    "tafsir" : "قال الله تعالى : ( قل الله يحييكم ) أي : كما تشاهدون ذلك يخرجكم من العدم إلى الوجود ، ( كيف تكفرون بالله وكنتم أمواتا فأحياكم ثم يميتكم ثم يحييكم )[ البقرة : 28 ] أي : الذي قدر على البداءة قادر على الإعادة بطريق الأولى والأحرى . . ( وهو الذي يبدأ الخلق ثم يعيده وهو أهون عليه )[ الروم 27 ]( ثم يجمعكم إلى يوم القيامة لا ريب فيه ) أي : إنما يجمعكم ليوم القيامة لا يعيدكم في الدنيا حتى تقولوا : ( ائتوا بآبائنا إن كنتم صادقين )( يوم يجمعكم ليوم الجمع )[ التغابن : 9 ]( لأي يوم أجلت . ليوم الفصل )[ المرسلات : 12 ، 13 ]( وما نؤخره إلا لأجل معدود )[ هود : 104 ] وقال هاهنا : ( ثم يجمعكم إلى يوم القيامة لا ريب فيه ) أي : لا شك فيه ، ( ولكن أكثر الناس لا يعلمون ) أي : فلهذا ينكرون المعاد ، ويستبعدون قيام الأجساد ، قال الله تعالى : ( إنهم يرونه بعيدا ونراه قريبا )[ المعارج : 6 ، 7 ] أي : يرون وقوعه بعيدا ، والمؤمنون يرون ذلك سهلا قريبا ."
  }, {
    "id" : 27,
    "eya" : "وَلِلَّهِ مُلْكُ السَّمَاوَاتِ وَالْأَرْضِ ۚ وَيَوْمَ تَقُومُ السَّاعَةُ يَوْمَئِذٍ يَخْسَرُ الْمُبْطِلُونَ (27) ",
    "tafsir" : "يخبر تعالى أنه مالك السموات والأرض ، الحاكم فيهما في الدنيا والآخرة ; ولهذا قال : ( ويوم تقوم الساعة ) أي : يوم القيامة ( يخسر المبطلون ) وهم الكافرون بالله الجاحدون بما أنزله على رسله من الآيات البينات والدلائل الواضحات .\nوقال ابن أبي حاتم : قدم سفيان الثوري المدينة ، فسمع المعافري يتكلم ببعض ما يضحك به الناس . فقال له : يا شيخ ، أما علمت أن لله يوما يخسر فيه المبطلون ؟ قال : فما زالت تعرف في المعافري حتى لحق بالله ، عز وجل . ذكره ابن أبي حاتم ."
  }, {
    "id" : 28,
    "eya" : "وَتَرَىٰ كُلَّ أُمَّةٍ جَاثِيَةً ۚ كُلُّ أُمَّةٍ تُدْعَىٰ إِلَىٰ كِتَابِهَا الْيَوْمَ تُجْزَوْنَ مَا كُنتُمْ تَعْمَلُونَ (28) ",
    "tafsir" : "ثم قال : ( وترى كل أمة جاثية ) أي : على ركبها من الشدة والعظمة ، ويقال : إن هذا [ يكون ] إذا جيء بجهنم فإنها تزفر زفرة لا يبقى أحد إلا جثا لركبتيه ، حتى إبراهيم الخليل ، ويقول : نفسي ، نفسي ، نفسي لا أسألك اليوم إلا نفسي ، وحتى أن عيسى ليقول : لا أسألك اليوم إلا نفسي ، لا أسألك [ اليوم ] مريم التي ولدتني .\nقال مجاهد ، وكعب الأحبار ، والحسن البصري : ( كل أمة جاثية ) أي : على الركب . وقال عكرمة : ( جاثية ) متميزة على ناحيتها ، وليس على الركب . والأول أولى .\nقال ابن أبي حاتم : حدثنا محمد بن عبد الله بن يزيد المقرئ ، حدثنا سفيان بن عيينة ، عن عمرو ، عن عبد الله بن باباه ، أن رسول الله [ - صلى الله عليه وسلم - ]\" كأني أراكم جاثين بالكوم دون جهنم \"\nوقال إسماعيل بن رافع المديني ، عن محمد بن كعب ، عن أبي هريرة ، رضي الله عنه ، مرفوعا في حديث الصورة : فيتميز الناس وتجثو الأمم ، وهي التي يقول الله : ( وترى كل أمة جاثية كل أمة تدعى إلى كتابها )\nوهذا فيه جمع بين القولين : ولا منافاة ، والله أعلم .( كل أمة تدعى إلى كتابها ) يعني : كتاب أعمالها ، كقوله : ( ووضع الكتاب وجيء بالنبيين والشهداء )[ الزمر : 69 ] ; ولهذا قال : ( اليوم تجزون ما كنتم تعملون ) أي : تجازون بأعمالكم خيرها وشرها ، كقوله تعالى : ( ينبأ الإنسان يومئذ بما قدم وأخر بل الإنسان على نفسه بصيرة ولو ألقى معاذيره )[ القيامة : 13 - 15 ]"
  }, {
    "id" : 29,
    "eya" : "هَٰذَا كِتَابُنَا يَنطِقُ عَلَيْكُم بِالْحَقِّ ۚ إِنَّا كُنَّا نَسْتَنسِخُ مَا كُنتُمْ تَعْمَلُونَ (29) ",
    "tafsir" : "ثم قال : ( هذا كتابنا ينطق عليكم بالحق ) أي : يستحضر جميع أعمالكم من غير زيادة ولا نقص ، كقوله تعالى : ( ووضع الكتاب فترى المجرمين مشفقين مما فيه ويقولون يا ويلتنا مال هذا الكتاب لا يغادر صغيرة ولا كبيرة إلا أحصاها ووجدوا ما عملوا حاضرا ولا يظلم ربك أحدا )[ الكهف : 49 ]( إنا كنا نستنسخ ما كنتم تعملون ) أي : إنا كنا نأمر الحفظة أن تكتب أعمالكم عليكم .\nقال ابن عباس وغيره : تكتب الملائكة أعمال العباد ، ثم تصعد بها إلى السماء ، فيقابلون الملائكة الذين في ديوان الأعمال على ما بأيديهم مما قد أبرز لهم من اللوح المحفوظ في كل ليلة قدر ، مما كتبه الله في القدم على العباد قبل أن يخلقهم ، فلا يزيد حرفا ولا ينقص حرفا ، ثم قرأ : ( إنا كنا نستنسخ ما كنتم تعملون )"
  }, {
    "id" : 30,
    "eya" : "فَأَمَّا الَّذِينَ آمَنُوا وَعَمِلُوا الصَّالِحَاتِ فَيُدْخِلُهُمْ رَبُّهُمْ فِي رَحْمَتِهِ ۚ ذَٰلِكَ هُوَ الْفَوْزُ الْمُبِينُ (30) ",
    "tafsir" : "يخبر تعالى عن حكمه في خلقه يوم القيامة ، فقال : ( فأما الذين آمنوا وعملوا الصالحات ) أي : آمنت قلوبهم وعملت جوارحهم الأعمال الصالحات ، وهي الخالصة الموافقة للشرع ، ( فيدخلهم ربهم في رحمته ) ، وهي الجنة ، كما ثبت في الصحيح أن الله قال للجنة : \" أنت رحمتي ، أرحم بك من أشاء \"( ذلك هو الفوز المبين ) أي : البين الواضح ."
  }, {
    "id" : 31,
    "eya" : "وَأَمَّا الَّذِينَ كَفَرُوا أَفَلَمْ تَكُنْ آيَاتِي تُتْلَىٰ عَلَيْكُمْ فَاسْتَكْبَرْتُمْ وَكُنتُمْ قَوْمًا مُّجْرِمِينَ (31) ",
    "tafsir" : "ثم قال : ( وأما الذين كفروا أفلم تكن آياتي تتلى عليكم فاستكبرتم ) أي : يقال لهم ذلك تقريعا وتوبيخا : أما قرئت عليكم آيات الرحمن فاستكبرتم عن اتباعها ، وأعرضتم عند سماعها ، ( وكنتم قوما مجرمين ) أي : في أفعالكم ، مع ما اشتملت عليه قلوبكم من التكذيب ؟"
  }, {
    "id" : 32,
    "eya" : "وَإِذَا قِيلَ إِنَّ وَعْدَ اللَّهِ حَقٌّ وَالسَّاعَةُ لَا رَيْبَ فِيهَا قُلْتُم مَّا نَدْرِي مَا السَّاعَةُ إِن نَّظُنُّ إِلَّا ظَنًّا وَمَا نَحْنُ بِمُسْتَيْقِنِينَ (32) ",
    "tafsir" : "( وإذا قيل إن وعد الله حق والساعة لا ريب فيها ) أي : إذا قال لكم المؤمنون ذلك ، ( قلتم ما ندري ما الساعة ) أي : لا نعرفها ، ( إن نظن إلا ظنا ) أي : إن نتوهم وقوعها إلا توهما ، أي مرجوحا ; ولهذا قال : ( وما نحن بمستيقنين ) أي : بمتحققين ،"
  }, {
    "id" : 33,
    "eya" : "وَبَدَا لَهُمْ سَيِّئَاتُ مَا عَمِلُوا وَحَاقَ بِهِم مَّا كَانُوا بِهِ يَسْتَهْزِئُونَ (33) ",
    "tafsir" : "قال الله تعالى : ( وبدا لهم سيئات ما عملوا ) أي : وظهر لهم عقوبة أعمالهم السيئة ، ( وحاق بهم ) أي : أحاط بهم ( ما كانوا به يستهزئون ) أي : من العذاب والنكال ،"
  }, {
    "id" : 34,
    "eya" : "وَقِيلَ الْيَوْمَ نَنسَاكُمْ كَمَا نَسِيتُمْ لِقَاءَ يَوْمِكُمْ هَٰذَا وَمَأْوَاكُمُ النَّارُ وَمَا لَكُم مِّن نَّاصِرِينَ (34) ",
    "tafsir" : "( وقيل اليوم ننساكم ) أي : نعاملكم معاملة الناسي لكم في نار جهنم ( كما نسيتم لقاء يومكم هذا ) أي : فلم تعملوا له لأنكم لم تصدقوا به ، ( ومأواكم النار وما لكم من ناصرين )\nوقد ثبت في الصحيح أن الله تعالى يقول لبعض العبيد يوم القيامة : \" ألم أزوجك ؟ ألم أكرمك ؟ ألم أسخر لك الخيل والإبل ، وأذرك ترأس وتربع ؟ فيقول : بلى ، يا رب . فيقول : أفظننت أنك ملاقي ؟ فيقول : لا . فيقول الله تعالى : فاليوم أنساك كما نسيتني \""
  }, {
    "id" : 35,
    "eya" : "ذَٰلِكُم بِأَنَّكُمُ اتَّخَذْتُمْ آيَاتِ اللَّهِ هُزُوًا وَغَرَّتْكُمُ الْحَيَاةُ الدُّنْيَا ۚ فَالْيَوْمَ لَا يُخْرَجُونَ مِنْهَا وَلَا هُمْ يُسْتَعْتَبُونَ (35) ",
    "tafsir" : "قال الله تعالى : ( ذلكم بأنكم اتخذتم آيات الله هزوا ) أي : إنما جازيناكم هذا الجزاء لأنكم اتخذتم حجج الله عليكم سخريا ، تسخرون وتستهزئون بها ، ( وغرتكم الحياة الدنيا ) أي : خدعتكم فاطمأننتم إليها ، فأصبحتم من الخاسرين ; ولهذا قال : ( فاليوم لا يخرجون منها ) أي : من النار ( ولا هم يستعتبون ) أي : لا يطلب منهم العتبى ، بل يعذبون بغير حساب ولا عتاب ، كما تدخل طائفة من المؤمنين الجنة بغير عذاب ولا حساب ."
  }, {
    "id" : 36,
    "eya" : "فَلِلَّهِ الْحَمْدُ رَبِّ السَّمَاوَاتِ وَرَبِّ الْأَرْضِ رَبِّ الْعَالَمِينَ (36) ",
    "tafsir" : "ثم لما ذكر حكمه في المؤمنين والكافرين قال : ( فلله الحمد رب السموات ورب الأرض ) أي المالك لهما وما فيهما ; ولهذا قال : ( رب العالمين )"
  }, {
    "id" : 37,
    "eya" : "وَلَهُ الْكِبْرِيَاءُ فِي السَّمَاوَاتِ وَالْأَرْضِ ۖ وَهُوَ الْعَزِيزُ الْحَكِيمُ (37) ",
    "tafsir" : "ثم قال : ( وله الكبرياء في السموات والأرض ) قال مجاهد : يعني السلطان . أي : هو العظيم الممجد ، الذي كل شيء خاضع لديه فقير إليه . وقد ورد في الحديث الصحيح : \" يقول الله تعالى العظمة إزاري والكبرياء ردائي ، فمن نازعني واحدا منهما أسكنته ناري \" . ورواه مسلم من حديث الأعمش ، عن أبي إسحاق ، عن الأغر أبي مسلم ، عن أبي هريرة وأبي سعيد ، رضي الله عنهما ، عن رسول الله - صلى الله عليه وسلم - بنحوه .( وهو العزيز ) أي : الذي لا يغالب ولا يمانع ، ( الحكيم ) في أقواله وأفعاله ، وشرعه وقدره ، تعالى وتقدس ، لا إله إلا هو .\nآخر تفسير سورة الجاثية [ ولله الحمد والمنة ]"
  } ]
}