{
  "id" : 50,
  "nbAya" : 45,
  "name" : "ق",
  "type" : "مكيَّة",
  "ayets" : [ {
    "id" : 1,
    "eya" : "ق ۚ وَالْقُرْآنِ الْمَجِيدِ (1) ",
    "tafsir" : "تفسير سورة ق وهي مكية .\nوهذه السورة هي أول الحزب المفصل على الصحيح ، وقيل : من الحجرات . وأما ما يقوله العامة : إنه من ( عم ) فلا أصل له ، ولم يقله أحد من العلماء المعتبرين فيما نعلم . والدليل على أن هذه السورة هي أول المفصل ما رواه أبو داود في سننه ، باب \" تحزيب القرآن \"\nحدثنا مسدد ، حدثنا قران بن تمام ، ( ح ) وحدثنا عبد الله بن سعيد أبو سعيد الأشج ، حدثنا أبو خالد سليمان بن حبان - وهذا لفظه - عن عبد الله بن عبد الرحمن بن يعلى ، عن عثمان بن عبد الله بن أوس ، عن جده - قال عبد الله بن سعيد : حدثنيه أوس بن حذيفة - ثم اتفقا . قال : قدمنا على رسول الله - صلى الله عليه وسلم - في وفد ثقيف ، قال : فنزلت الأحلاف على المغيرة بن شعبة ، وأنزل رسول الله - صلى الله عليه وسلم - بني مالك في قبة له - قال مسدد : وكان في الوفد الذين قدموا على رسول الله - صلى الله عليه وسلم - من ثقيف ، قال : كان رسول الله [ - صلى الله عليه وسلم - ] كل ليلة يأتينا بعد العشاء يحدثنا - قال أبو سعيد : قائما على رجليه حتى يراوح بين رجليه من طول القيام - فأكثر ما يحدثنا ما لقي من قومه قريش ، ثم يقول : لا سواء وكنا مستضعفين مستذلين - قال مسدد : بمكة - فلما خرجنا إلى المدينة كانت سجال الحرب بيننا وبينهم ، ندال عليهم ويدالون علينا . فلما كانت ليلة أبطأ عن الوقت الذي كان يأتينا فيه ، فقلنا : لقد أبطأت عنا الليلة ! قال : \" إنه طرأ علي حزبي من القرآن ، فكرهت أن أجيء حتى أتمه \" . قال أوس : سألت أصحاب رسول الله - صلى الله عليه وسلم - : كيف تحزبون القرآن ؟ فقالوا : ثلاث ، وخمس ، وسبع ، وتسع ، وإحدى عشرة ، وثلاث عشرة ، وحزب المفصل وحده .\nورواه ابن ماجه عن أبي بكر بن أبي شيبة ، عن أبي خالد الأحمر ، به . ورواه الإمام أحمد عن عبد الرحمن بن مهدي ، عن عبد الله بن عبد الرحمن ، هو ابن يعلى الطائفي به .\nإذا علم هذا ، فإذا عددت ثمانيا وأربعين سورة ، فالتي بعدهن سورة \" ق \" . بيانه : ثلاث : البقرة ، وآل عمران ، والنساء . وخمس : المائدة ، والأنعام ، والأعراف ، والأنفال ، وبراءة . وسبع : يونس ، وهود ، ويوسف ، والرعد ، وإبراهيم ، والحجر ، والنحل . وتسع : سبحان ، والكهف ، ومريم ، وطه ، والأنبياء ، والحج ، والمؤمنون ، والنور ، والفرقان . وإحدى عشرة : الشعراء ، والنمل ، والقصص ، والعنكبوت ، والروم ، ولقمان ، و \" الم \" السجدة ، والأحزاب ، وسبأ ، وفاطر ، و يس . وثلاث عشرة : الصافات ، و \" ص \" ، والزمر ، وغافر ، و \" حم \" السجدة ، و \" حم عسق \" ، والزخرف ، والدخان ، والجاثية ، والأحقاف ، والقتال ، والفتح ، والحجرات . ثم بعد ذلك الحزب المفصل كما قاله الصحابة رضي الله عنهم . فتعين أن أوله سورة \" ق \" وهو الذي قلناه ، ولله الحمد والمنة .\nقال الإمام أحمد : حدثنا عبد الرحمن بن مهدي ، حدثنا مالك ، عن ضمرة بن سعيد ، عن عبيد الله بن عبد الله ; أن عمر بن الخطاب سأل أبا واقد الليثي : ما كان رسول الله - صلى الله عليه وسلم - يقرأ في العيد ؟ قال : بقاف ، واقتربت .\nورواه مسلم وأهل السنن الأربعة ، من حديث مالك ، به . وفي رواية لمسلم عن فليح عن ضمرة ، عن عبيد الله ، عن أبي واقد قال : سألني عمر ، فذكره .\nحديث آخر : وقال أحمد : حدثنا يعقوب ، حدثنا أبي ، عن ابن إسحاق ، حدثني عبد الله بن محمد بن أبي بكر بن عمرو بن حزم ، عن يحيى بن عبد الله بن عبد الرحمن بن سعد بن زرارة ، عن أم هشام بنت حارثة قالت : لقد كان تنورنا وتنور النبي - صلى الله عليه وسلم - واحدا سنتين ، أو سنة وبعض سنة ، وما أخذت ( ق والقرآن المجيد ) إلا على لسان رسول الله - صلى الله عليه وسلم - كان يقرؤها كل يوم جمعة على المنبر إذا خطب الناس .[ أيضا ] من حديث ابن إسحاق ، به .\nوقال أبو داود : حدثنا محمد بن بشار ، حدثنا محمد بن جعفر ، حدثنا شعبة ، عن خبيب ، عن عبد الله بن محمد بن معن ، عن ابنة الحارث بن النعمان قالت : ما حفظت \" ق \" إلا من في رسول الله - صلى الله عليه وسلم - يخطب بها كل جمعة . قالت : وكان تنورنا وتنور رسول الله - صلى الله عليه وسلم - واحدا .\nوكذا رواه مسلم والنسائي وابن ماجه ، من حديث شعبة ، به .\nوالقصد أن رسول الله - صلى الله عليه وسلم - كان يقرأ بهذه السورة في المجامع الكبار ، كالعيد والجمع ، لاشتمالها على ابتداء الخلق والبعث والنشور ، والمعاد والقيام ، والحساب ، والجنة والنار ، والثواب والعقاب ، والترغيب والترهيب .\nق ) : حرف من حروف الهجاء المذكورة في أوائل السور ، كقوله : ( ص ، ن ، الم ، حم ، طس ) ونحو ذلك ، قاله مجاهد وغيره . وقد أسلفنا الكلام عليها ، في أول \" سورة البقرة \" بما أغنى عن إعادته .\nوقد روي عن بعض السلف أنهم قالوا ) ق ) : جبل محيط بجميع الأرض ، يقال له جبل قاف . وكأن هذا - والله أعلم - من خرافات بني إسرائيل التي أخذها عنهم بعض الناس ، لما رأى من جواز الرواية عنهم فيما لا يصدق ولا يكذب . وعندي أن هذا وأمثاله وأشباهه من اختلاق بعض زنادقتهم ، يلبسون به على الناس أمر دينهم ، كما افتري في هذه الأمة - مع جلالة قدر علمائها وحفاظها وأئمتها - أحاديث عن النبي - صلى الله عليه وسلم - وما بالعهد من قدم ، فكيف بأمة بني إسرائيل مع طول المدى ، وقلة الحفاظ النقاد فيهم ، وشربهم الخمور ، وتحريف علمائهم الكلم عن مواضعه ، وتبديل كتب الله وآياته ! وإنما أباح الشارع الرواية عنهم في قوله : \" وحدثوا عن بني إسرائيل ، ولا حرج \" فيما قد يجوزه العقل ، فأما فيما تحيله العقول ويحكم عليه بالبطلان ، ويغلب على الظنون كذبه ، فليس من هذا القبيل - والله أعلم .\nوقد أكثر كثير من السلف من المفسرين ، وكذا طائفة كثيرة من الخلف ، من الحكاية عن كتب أهل الكتاب في تفسير القرآن المجيد ، وليس بهم احتياج إلى أخبارهم ، ولله الحمد والمنة ، حتى إن الإمام أبا محمد عبد الرحمن بن أبي حاتم الرازي ، رحمه الله ، أورد هاهنا أثرا غريبا لا يصح سنده عن ابن عباس فقال :\nحدثنا أبي قال : حدثت عن محمد بن إسماعيل المخزومي : حدثنا ليث بن أبي سليم ، عن مجاهد ، عن ابن عباس قال : خلق الله من وراء هذه الأرض بحرا محيطا ، ثم خلق من وراء ذلك جبلا يقال له \" ق \" السماء الدنيا مرفوعة عليه . ثم خلق الله من وراء ذلك الجبل أرضا مثل تلك الأرض سبع مرات . ثم خلق من وراء ذلك بحرا محيطا بها ، ثم خلق من وراء ذلك جبلا يقال له \" ق \" السماء الثانية مرفوعة عليه ، حتى عد سبع أرضين ، وسبعة أبحر ، وسبعة أجبل ، وسبع سماوات . قال : وذلك قوله : ( والبحر يمده من بعده سبعة أبحر )[ لقمان : 27 ]\nفإسناد هذا الأثر فيه انقطاع ، والذي رواه ابن أبي طلحة ، عن ابن عباس في قوله : ( ق ) قال : هو اسم من أسماء الله عز وجل .\nوالذي ثبت عن مجاهد : أنه حرف من حروف الهجاء ، كقوله : ( ص ، ن ، حم ، طس ، الم ) ونحو ذلك . فهذه تبعد ما تقدم عن ابن عباس .\nوقيل : المراد \" قضي الأمر والله \" ، وأن قوله : ( ق ) دلت على المحذوف من بقية الكلم كقول الشاعر :\nقلت لها : قفي فقالت : قاف\nوفي هذا التفسير نظر ; لأن الحذف في الكلام إنما يكون إذا دل دليل عليه ، ومن أين يفهم هذا من ذكر هذا الحرف ؟ .( والقرآن المجيد ) أي : الكريم العظيم الذي لا يأتيه الباطل من بين يديه ولا من خلفه ، تنزيل من حكيم حميد .\nواختلفوا في جواب القسم ما هو ؟ فحكى ابن جرير عن بعض النحاة أنه قوله : ( قد علمنا ما تنقص الأرض منهم وعندنا كتاب حفيظ )\nوفي هذا نظر ، بل الجواب هو مضمون الكلام بعد القسم ، وهو إثبات النبوة ، وإثبات المعاد ، وتقريره وتحقيقه وإن لم يكن القسم متلقى لفظا ، وهذا كثير في أقسام القرآن كما تقدم في قوله : ( ص والقرآن ذي الذكر بل الذين كفروا في عزة وشقاق )[ ص : 1 ، 2 ]"
  }, {
    "id" : 2,
    "eya" : "بَلْ عَجِبُوا أَن جَاءَهُم مُّنذِرٌ مِّنْهُمْ فَقَالَ الْكَافِرُونَ هَٰذَا شَيْءٌ عَجِيبٌ (2) ",
    "tafsir" : "وهكذا قال هاهنا : ( ق والقرآن المجيد بل عجبوا أن جاءهم منذر منهم فقال الكافرون هذا شيء عجيب ) أي : تعجبوا من إرسال رسول إليهم من البشر كقوله تعالى : ( أكان للناس عجبا أن أوحينا إلى رجل منهم أن أنذر الناس )[ يونس : 2 ] أي : وليس هذا بعجيب ; فإن الله يصطفي من الملائكة رسلا ومن الناس ."
  }, {
    "id" : 3,
    "eya" : "أَإِذَا مِتْنَا وَكُنَّا تُرَابًا ۖ ذَٰلِكَ رَجْعٌ بَعِيدٌ (3) ",
    "tafsir" : "ثم قال مخبرا عنهم في عجبهم أيضا من المعاد واستبعادهم لوقوعه : ( أئذا متنا وكنا ترابا ذلك رجع بعيد ) أي : يقولون : أإذا متنا وبلينا ، وتقطعت الأوصال منا ، وصرنا ترابا ، كيف يمكن الرجوع بعد ذلك إلى هذه البنية والتركيب ؟ ( ذلك رجع بعيد ) أي : بعيد الوقوع ، ومعنى هذا : أنهم يعتقدون استحالته وعدم إمكانه ."
  }, {
    "id" : 4,
    "eya" : "قَدْ عَلِمْنَا مَا تَنقُصُ الْأَرْضُ مِنْهُمْ ۖ وَعِندَنَا كِتَابٌ حَفِيظٌ (4) ",
    "tafsir" : "قال الله تعالى رادا عليهم : ( قد علمنا ما تنقص الأرض منهم ) أي : ما تأكل من أجسادهم في البلى ، نعلم ذلك ولا يخفى علينا أين تفرقت الأبدان ؟ وأين ذهبت ؟ وإلى أين صارت ؟ ( وعندنا كتاب حفيظ ) أي : حافظ لذلك ، فالعلم شامل ، والكتاب أيضا فيه كل الأشياء مضبوطة .\nقال العوفي ، عن ابن عباس في قوله : ( قد علمنا ما تنقص الأرض منهم ) أي : ما تأكل من لحومهم وأبشارهم ، وعظامهم وأشعارهم . وكذا قال مجاهد ، وقتادة ، والضحاك ، وغيرهم ."
  }, {
    "id" : 5,
    "eya" : "بَلْ كَذَّبُوا بِالْحَقِّ لَمَّا جَاءَهُمْ فَهُمْ فِي أَمْرٍ مَّرِيجٍ (5) ",
    "tafsir" : "ثم بين تعالى سبب كفرهم وعنادهم واستبعادهم ما ليس ببعيد فقال : ( بل كذبوا بالحق لما جاءهم فهم في أمر مريج ) أي : وهذا حال كل من خرج عن الحق ، مهما قال بعد ذلك فهو باطل . والمريج : المختلف المضطرب الملتبس المنكر خلاله ، كقوله : ( إنكم لفي قول مختلف يؤفك عنه من أفك )[ الذاريات : 8 ، 9 ]"
  }, {
    "id" : 6,
    "eya" : "أَفَلَمْ يَنظُرُوا إِلَى السَّمَاءِ فَوْقَهُمْ كَيْفَ بَنَيْنَاهَا وَزَيَّنَّاهَا وَمَا لَهَا مِن فُرُوجٍ (6) ",
    "tafsir" : "يقول تعالى منبها للعباد على قدرته العظيمة التي أظهر بها ما هو أعظم مما تعجبوا مستبعدين لوقوعه : ( أفلم ينظروا إلى السماء فوقهم كيف بنيناها وزيناها ) ؟ أي : بالمصابيح ، ( وما لها من فروج ) . قال مجاهد : يعني من شقوق . وقال غيره : فتوق . وقال غيره : من صدوع . والمعنى متقارب ، كقوله تعالى : ( الذي خلق سبع سماوات طباقا ما ترى في خلق الرحمن من تفاوت فارجع البصر هل ترى من فطور ثم ارجع البصر كرتين ينقلب إليك البصر خاسئا وهو حسير )[ الملك : 3 ، 4 ] أي : كليل ، أي : عن أن يرى عيبا أو نقصا ."
  }, {
    "id" : 7,
    "eya" : "وَالْأَرْضَ مَدَدْنَاهَا وَأَلْقَيْنَا فِيهَا رَوَاسِيَ وَأَنبَتْنَا فِيهَا مِن كُلِّ زَوْجٍ بَهِيجٍ (7) ",
    "tafsir" : "وقوله : ( والأرض مددناها ) أي : وسعناها وفرشناها ، ( وألقينا فيها رواسي ) وهي : الجبال ; لئلا تميد بأهلها وتضطرب ; فإنها مقرة على تيار الماء المحيط بها من جميع جوانبها ، ( وأنبتنا فيها من كل زوج بهيج ) أي : من جميع الزروع والثمار والنبات والأنواع ، ( ومن كل شيء خلقنا زوجين لعلكم تذكرون )[ الذاريات : 49 ] ، وقوله : ( بهيج ) أي : حسن نضر ."
  }, {
    "id" : 8,
    "eya" : "تَبْصِرَةً وَذِكْرَىٰ لِكُلِّ عَبْدٍ مُّنِيبٍ (8) ",
    "tafsir" : "( تبصرة وذكرى لكل عبد منيب ) أي : ومشاهدة خلق السماوات [ والأرض ][ الله ] فيهما من الآيات العظيمة تبصرة ودلالة وذكرى لكل عبد منيب ، أي : خاضع خائف وجل رجاع إلى الله عز وجل ."
  }, {
    "id" : 9,
    "eya" : "وَنَزَّلْنَا مِنَ السَّمَاءِ مَاءً مُّبَارَكًا فَأَنبَتْنَا بِهِ جَنَّاتٍ وَحَبَّ الْحَصِيدِ (9) ",
    "tafsir" : "وقوله تعالى : ( ونزلنا من السماء ماء مباركا ) أي : نافعا ، ( فأنبتنا به جنات ) أي : حدائق من بساتين ونحوها ، ( وحب الحصيد ) وهو : الزرع الذي يراد لحبه وادخاره ."
  }, {
    "id" : 10,
    "eya" : "وَالنَّخْلَ بَاسِقَاتٍ لَّهَا طَلْعٌ نَّضِيدٌ (10) ",
    "tafsir" : "( والنخل باسقات ) أي : طوالا شاهقات . وقال ابن عباس ، ومجاهد ، وعكرمة ، والحسن ، وقتادة ، والسدي ، وغيرهم : الباسقات الطوال . ( لها طلع نضيد ) أي : منضود ."
  }, {
    "id" : 11,
    "eya" : "رِّزْقًا لِّلْعِبَادِ ۖ وَأَحْيَيْنَا بِهِ بَلْدَةً مَّيْتًا ۚ كَذَٰلِكَ الْخُرُوجُ (11) ",
    "tafsir" : "( رزقا للعباد ) أي : للخلق ، ( وأحيينا به بلدة ميتا ) وهي : الأرض التي كانت هامدة ، فلما نزل عليها الماء اهتزت وربت وأنبتت من كل زوج بهيج من أزاهير وغير ذلك ، مما يحار الطرف في حسنها ، وذلك بعد ما كانت لا نبات بها ، فأصبحت تهتز خضراء ، فهذا مثال للبعث بعد الموت والهلاك ، كذلك يحيي الله الموتى . وهذا المشاهد من عظيم قدرته بالحس أعظم مما أنكره الجاحدون للبعث كقوله تعالى : ( لخلق السماوات والأرض أكبر من خلق الناس )[ غافر : 57 ] ، وقوله : ( أولم يروا أن الله الذي خلق السماوات والأرض ولم يعي بخلقهن بقادر على أن يحيي الموتى بلى إنه على كل شيء قدير )[ الأحقاف : 33 ] ، وقال تعالى : ( ومن آياته أنك ترى الأرض خاشعة فإذا أنزلنا عليها الماء اهتزت وربت إن الذي أحياها لمحيي الموتى إنه على كل شيء قدير )[ فصلت : 39 ]"
  }, {
    "id" : 12,
    "eya" : "كَذَّبَتْ قَبْلَهُمْ قَوْمُ نُوحٍ وَأَصْحَابُ الرَّسِّ وَثَمُودُ (12) ",
    "tafsir" : "يقول تعالى متهددا لكفار قريش بما أحله بأشباههم ونظرائهم وأمثالهم من المكذبين قبلهم ، من النقمات والعذاب الأليم في الدنيا ، كقوم نوح وما عذبهم الله به من الغرق العام لجميع أهل الأرض ، وأصحاب الرس وقد تقدمت قصتهم في سورة \" الفرقان \"( وثمود وعاد وفرعون وإخوان لوط ) ، وهم أمته الذين بعث إليهم من أهل سدوم ومعاملتها من الغور ، وكيف خسف الله بهم الأرض ، وأحال أرضهم بحيرة منتنة خبيثة ; بكفرهم وطغيانهم ومخالفتهم الحق ."
  }, {
    "id" : 13,
    "eya" : "وَعَادٌ وَفِرْعَوْنُ وَإِخْوَانُ لُوطٍ (13) ",
    "tafsir" : "يقول تعالى متهددا لكفار قريش بما أحله بأشباههم ونظرائهم وأمثالهم من المكذبين قبلهم ، من النقمات والعذاب الأليم في الدنيا ، كقوم نوح وما عذبهم الله به من الغرق العام لجميع أهل الأرض ، وأصحاب الرس وقد تقدمت قصتهم في سورة \" الفرقان \"( وثمود وعاد وفرعون وإخوان لوط ) ، وهم أمته الذين بعث إليهم من أهل سدوم ومعاملتها من الغور ، وكيف خسف الله بهم الأرض ، وأحال أرضهم بحيرة منتنة خبيثة ; بكفرهم وطغيانهم ومخالفتهم الحق ."
  }, {
    "id" : 14,
    "eya" : "وَأَصْحَابُ الْأَيْكَةِ وَقَوْمُ تُبَّعٍ ۚ كُلٌّ كَذَّبَ الرُّسُلَ فَحَقَّ وَعِيدِ (14) ",
    "tafsir" : "( وأصحاب الأيكة ) وهم قوم شعيب عليه السلام ، ( وقوم تبع ) وهو اليماني . وقد ذكرنا من شأنه في سورة الدخان ما أغنى عن إعادته هاهنا ولله الحمد .( كل كذب الرسل ) أي : كل من هذه الأمم وهؤلاء القرون كذب رسوله ، ومن كذب رسولا فكأنما كذب جميع الرسل ، كقوله : ( كذبت قوم نوح المرسلين )[ الشعراء : 105 ] ، وإنما جاءهم رسول واحد ، فهم في نفس الأمر لو جاءهم جميع الرسل كذبوهم ، ( فحق وعيد ) أي : فحق عليهم ما أوعدهم الله على التكذيب من العذاب والنكال فليحذر المخاطبون أن يصيبهم ما أصابهم فإنهم قد كذبوا رسولهم كما كذب أولئك ."
  }, {
    "id" : 15,
    "eya" : "أَفَعَيِينَا بِالْخَلْقِ الْأَوَّلِ ۚ بَلْ هُمْ فِي لَبْسٍ مِّنْ خَلْقٍ جَدِيدٍ (15) ",
    "tafsir" : "وقوله : ( أفعيينا بالخلق الأول ) أي : أفأعجزنا ابتداء الخلق حتى هم في شك من الإعادة ، ( بل هم في لبس من خلق جديد ) والمعنى : أن ابتداء الخلق لم يعجزنا والإعادة أسهل منه ، كما قال تعالى : ( وهو الذي يبدأ الخلق ثم يعيده وهو أهون عليه )[ الروم : 27 ] ، وقال الله تعالى : ( وضرب لنا مثلا ونسي خلقه قال من يحيي العظام وهي رميم قل يحييها الذي أنشأها أول مرة وهو بكل خلق عليم )[ يس : 78 - 79 ] ، وقد تقدم في الصحيح : \" يقول الله تعالى : يؤذيني ابن آدم ، يقول : لن يعيدني كما بدأني ، وليس أول الخلق بأهون علي من إعادته \""
  }, {
    "id" : 16,
    "eya" : "وَلَقَدْ خَلَقْنَا الْإِنسَانَ وَنَعْلَمُ مَا تُوَسْوِسُ بِهِ نَفْسُهُ ۖ وَنَحْنُ أَقْرَبُ إِلَيْهِ مِنْ حَبْلِ الْوَرِيدِ (16) ",
    "tafsir" : "يخبر تعالى عن قدرته على الإنسان بأنه خالقه ، وعمله محيط بجميع أموره حتى إنه تعالى يعلم ما توسوس به نفوس بني آدم من الخير والشر . وقد ثبت في الصحيح عن رسول الله - صلى الله عليه وسلم - أنه قال : \" إن الله تجاوز لأمتي ما حدثت به أنفسها ما لم تقل أو تعمل \"( ونحن أقرب إليه من حبل الوريد ) يعني : ملائكته تعالى أقرب إلى الإنسان من حبل وريده إليه . ومن تأوله على العلم فإنما فر لئلا يلزم حلول أو اتحاد ، وهما منفيان بالإجماع ، تعالى الله وتقدس ، ولكن اللفظ لا يقتضيه فإنه لم يقل : وأنا أقرب إليه من حبل الوريد ، وإنما قال : ( ونحن أقرب إليه من حبل الوريد ) كما قال في المحتضر : ( ونحن أقرب إليه منكم ولكن لا تبصرون )[ الواقعة : 85 ] ، يعني ملائكته . وكما قال [ تعالى ]( إنا نحن نزلنا الذكر وإنا له لحافظون )[ الحجر : 9 ] ، فالملائكة نزلت بالذكر - وهو القرآن - بإذن الله عز وجل . وكذلك الملائكة أقرب إلى الإنسان من حبل وريده إليه بإقدار الله لهم على ذلك ، فللملك لمة في الإنسان كما أن للشيطان لمة وكذلك : \" الشيطان يجري من ابن آدم مجرى الدم \" ، كما أخبر بذلك الصادق المصدوق ; ولهذا قال هاهنا :"
  }, {
    "id" : 17,
    "eya" : "إِذْ يَتَلَقَّى الْمُتَلَقِّيَانِ عَنِ الْيَمِينِ وَعَنِ الشِّمَالِ قَعِيدٌ (17) ",
    "tafsir" : "( إذ يتلقى المتلقيان ) يعني : الملكين اللذين يكتبان عمل الإنسان . ( عن اليمين وعن الشمال قعيد ) أي : مترصد ."
  }, {
    "id" : 18,
    "eya" : "مَّا يَلْفِظُ مِن قَوْلٍ إِلَّا لَدَيْهِ رَقِيبٌ عَتِيدٌ (18) ",
    "tafsir" : "( ما يلفظ ) أي : ابن آدم ( من قول ) أي : ما يتكلم بكلمة ( إلا لديه رقيب عتيد ) أي : إلا ولها من يراقبها معتد لذلك يكتبها ، لا يترك كلمة ولا حركة ، كما قال تعالى : ( وإن عليكم لحافظين كراما كاتبين يعلمون ما تفعلون )[ الانفطار : 10 - 12 ]\nوقد اختلف العلماء : هل يكتب الملك كل شيء من الكلام ؟ وهو قول الحسن وقتادة ، أو إنما يكتب ما فيه ثواب وعقاب كما هو قول ابن عباس ، على قولين ، وظاهر الآية الأول ، لعموم قوله : ( ما يلفظ من قول إلا لديه رقيب عتيد )\nوقد قال الإمام أحمد : حدثنا أبو معاوية ، حدثنا محمد بن عمرو بن علقمة الليثي ، عن أبيه ، عن جده علقمة ، عن بلال بن الحارث المزني قال : قال رسول الله - صلى الله عليه وسلم - : \" إن الرجل ليتكلم بالكلمة من رضوان الله تعالى ما يظن أن تبلغ ما بلغت ، يكتب الله له بها رضوانه إلى يوم يلقاه . وإن الرجل ليتكلم بالكلمة من سخط الله ما يظن أن تبلغ ما بلغت ، يكتب الله عليه بها سخطه إلى يوم يلقاه \" . قال : فكان علقمة يقول : كم من كلام قد منعنيه حديث بلال بن الحارث .\nورواه الترمذي والنسائي وابن ماجه ، من حديث محمد بن عمرو به . وقال الترمذي : حسن صحيح . وله شاهد في الصحيح .\nوقال الأحنف بن قيس : صاحب اليمين يكتب الخير ، وهو أمير على صاحب الشمال ، فإن أصاب العبد خطيئة قال له : أمسك ، فإن استغفر الله تعالى نهاه أن يكتبها ، وإن أبى كتبها . رواه ابن أبي حاتم .\nوقال الحسن البصري وتلا هذه الآية : ( عن اليمين وعن الشمال قعيد ) : يابن آدم ، بسطت لك صحيفة ، ووكل بك ملكان كريمان أحدهما عن يمينك ، والآخر عن شمالك ، فأما الذي عن يمينك فيحفظ حسناتك ، وأما الذي عن يسارك فيحفظ سيئاتك فاعمل ما شئت ، أقلل أو أكثر حتى إذا مت طويت صحيفتك ، وجعلت في عنقك معك في قبرك ، حتى تخرج يوم القيامة ، فعند ذلك يقول : ( وكل إنسان ألزمناه طائره في عنقه ونخرج له يوم القيامة كتابا يلقاه منشورا اقرأ كتابك كفى بنفسك اليوم عليك حسيبا )[ الإسراء : 13 ، 14 ] ثم يقول : عدل - والله - فيك من جعلك حسيب نفسك .\nوقال علي بن أبي طلحة ، عن ابن عباس : ( ما يلفظ من قول إلا لديه رقيب عتيد ) قال : يكتب كل ما تكلم به من خير أو شر ، حتى إنه ليكتب قوله : \" أكلت ، شربت ، ذهبت ، جئت ، رأيت \" ، حتى إذا كان يوم الخميس عرض قوله وعمله ، فأقر منه ما كان فيه من خير أو شر ، وألقى سائره ، وذلك قوله : ( يمحو الله ما يشاء ويثبت وعنده أم الكتاب )[ الرعد : 39 ] ، وذكر عن الإمام أحمد أنه كان يئن في مرضه ، فبلغه عن طاوس أنه قال : يكتب الملك كل شيء حتى الأنين . فلم يئن أحمد حتى مات رحمه الله ."
  }, {
    "id" : 19,
    "eya" : "وَجَاءَتْ سَكْرَةُ الْمَوْتِ بِالْحَقِّ ۖ ذَٰلِكَ مَا كُنتَ مِنْهُ تَحِيدُ (19) ",
    "tafsir" : "وقوله : ( وجاءت سكرة الموت بالحق ذلك ما كنت منه تحيد ) ، يقول تعالى : وجاءت - أيها الإنسان - سكرة الموت بالحق ، أي : كشفت لك عن اليقين الذي كنت تمتري فيه ، ( ذلك ما كنت منه تحيد ) أي : هذا هو الذي كنت تفر منه قد جاءك ، فلا محيد ولا مناص ، ولا فكاك ولا خلاص .\nوقد اختلف المفسرون في المخاطب بقوله : ( وجاءت سكرة الموت بالحق ذلك ما كنت منه تحيد ) ، فالصحيح أن المخاطب بذلك الإنسان من حيث هو . وقيل : الكافر ، وقيل غير ذلك .\nوقال أبو بكر بن أبي الدنيا : حدثنا إبراهيم بن زياد - سبلان - أخبرنا عباد بن عباد عن محمد بن عمرو بن علقمة ، عن أبيه عن جده علقمة بن وقاص أن عائشة رضي الله عنها ، قالت : حضرت أبي وهو يموت ، وأنا جالسة عند رأسه ، فأخذته غشية فتمثلت ببيت من الشعر :\nمن لا يزال دمعه مقنعا فإنه لا بد مرة مدقوق\nقالت : فرفع رأسه فقال : يا بنية ، ليس كذلك ولكن كما قال تعالى : ( وجاءت سكرة الموت بالحق ذلك ما كنت منه تحيد )\nوحدثنا خلف بن هشام ; حدثنا أبو شهاب [ الخياط ] ، عن إسماعيل بن أبي خالد ، عن البهي قال : لما أن ثقل أبو بكر رضي الله عنه ، جاءت عائشة رضي الله عنها ، فتمثلت بهذا البيت :\nلعمرك ما يغني الثراء عن الفتى     إذا حشرجت يوما وضاق بها الصدر\nفكشف عن وجهه وقال : ليس كذلك ، ولكن قولي : ( وجاءت سكرة الموت بالحق ذلك ما كنت منه تحيد ) وقد أوردت لهذا الأثر طرقا [ كثيرة ] في سيرة الصديق عند ذكر وفاته رضي الله عنه .\nوقد ثبت في الصحيح عن النبي - صلى الله عليه وسلم - : لما تغشاه الموت جعل يمسح العرق عن وجهه ويقول : \" سبحان الله ! إن للموت لسكرات \" . وفي قوله : ( ذلك ما كنت منه تحيد )\" ما \" هاهنا موصولة ، أي : الذي كنت منه تحيد - بمعنى : تبتعد وتنأى وتفر - قد حل بك ونزل بساحتك .\nوالقول الثاني : أن \" ما \" نافية بمعنى : ذلك ما كنت تقدر على الفرار منه ولا الحيد عنه .\nوقد قال الطبراني في المعجم الكبير : حدثنا محمد بن علي الصائغ المكي ، حدثنا حفص بن عمر الحدي ، حدثنا معاذ بن محمد الهذلي ، عن يونس بن عبيد ، عن الحسن ، عن سمرة قال : قال رسول الله - صلى الله عليه وسلم - : \" مثل الذي يفر من الموت مثل الثعلب ، تطلبه الأرض بدين ، فجاء يسعى حتى إذا أعيى وأسهر دخل جحره ، فقالت له الأرض : يا ثعلب ديني . فخرج وله حصاص ، فلم يزل كذلك حتى تقطعت عنقه ومات \"\nومضمون هذا المثل : كما لا انفكاك له ولا محيد عن الأرض كذلك الإنسان لا محيد له عن الموت ."
  }, {
    "id" : 20,
    "eya" : "وَنُفِخَ فِي الصُّورِ ۚ ذَٰلِكَ يَوْمُ الْوَعِيدِ (20) ",
    "tafsir" : "وقوله : ( ونفخ في الصور ذلك يوم الوعيد ) . قد تقدم الكلام على حديث النفخ في الصور والفزع والصعق والبعث ، وذلك يوم القيامة . وفي الحديث أن رسول الله - صلى الله عليه وسلم - قال : \" كيف أنعم وصاحب القرن قد التقم القرن وحنى جبهته ، وانتظر أن يؤذن له \" . قالوا : يا رسول الله كيف نقول ؟ قال : \" قولوا حسبنا الله ونعم الوكيل \" . فقال القوم : حسبنا الله ونعم الوكيل ."
  }, {
    "id" : 21,
    "eya" : "وَجَاءَتْ كُلُّ نَفْسٍ مَّعَهَا سَائِقٌ وَشَهِيدٌ (21) ",
    "tafsir" : "( وجاءت كل نفس معها سائق وشهيد ) أي : ملك يسوقه إلى المحشر ، وملك يشهد عليه بأعماله . هذا هو الظاهر من الآية الكريمة . وهو اختيار ابن جرير ، ثم روي من حديث إسماعيل بن أبي خالد عن يحيى بن رافع - مولى لثقيف - قال : سمعت عثمان بن عفان يخطب ، فقرأ هذه الآية : ( وجاءت كل نفس معها سائق وشهيد ) ، فقال : سائق يسوقها إلى الله ، وشاهد يشهد عليها بما عملت . وكذا قال مجاهد ، وقتادة ، وابن زيد .\nوقال مطرف ، عن أبي جعفر - مولى أشجع - عن أبي هريرة : السائق : الملك والشهيد : العمل . وكذا قال الضحاك والسدي .\nوقال العوفي عن ابن عباس : السائق من الملائكة ، والشهيد : الإنسان نفسه ، يشهد على نفسه . وبه قال الضحاك بن مزاحم أيضا ."
  }, {
    "id" : 22,
    "eya" : "لَّقَدْ كُنتَ فِي غَفْلَةٍ مِّنْ هَٰذَا فَكَشَفْنَا عَنكَ غِطَاءَكَ فَبَصَرُكَ الْيَوْمَ حَدِيدٌ (22) ",
    "tafsir" : "وحكى ابن جرير ثلاثة أقوال في المراد بهذا الخطاب في قوله : ( لقد كنت في غفلة من هذا فكشفنا عنك غطاءك فبصرك اليوم حديد )\nأحدها : أن المراد بذلك الكافر . رواه علي بن أبي طلحة ، عن ابن عباس . وبه يقول الضحاك بن مزاحم وصالح بن كيسان .\nوالثاني : أن المراد بذلك كل أحد من بر وفاجر ; لأن الآخرة بالنسبة إلى الدنيا كاليقظة والدنيا كالمنام . وهذا اختيار ابن جرير ، ونقله عن حسين بن عبد الله بن عبيد الله بن عباس .\nوالثالث : أن المخاطب بذلك النبي - صلى الله عليه وسلم - . وبه يقول زيد بن أسلم ، وابنه . والمعنى على قولهما : لقد كنت في غفلة من هذا الشأن قبل أن يوحى إليك ، فكشفنا عنك غطاءك بإنزاله إليك ، فبصرك اليوم حديد .\nوالظاهر من السياق خلاف هذا ، بل الخطاب مع الإنسان من حيث هو ، والمراد بقوله : ( لقد كنت في غفلة من هذا ) يعني : من هذا اليوم ، ( فكشفنا عنك غطاءك فبصرك اليوم حديد ) أي : قوي ; لأن كل واحد يوم القيامة يكون مستبصرا حتى الكفار في الدنيا يكونون يوم القيامة على الاستقامة ، لكن لا ينفعهم ذلك . قال الله تعالى : ( أسمع بهم وأبصر يوم يأتوننا )[ مريم : 38 ] ، وقال تعالى : ( ولو ترى إذ المجرمون ناكسو رءوسهم عند ربهم ربنا أبصرنا وسمعنا فارجعنا نعمل صالحا إنا موقنون )[ السجدة : 12 ]"
  }, {
    "id" : 23,
    "eya" : "وَقَالَ قَرِينُهُ هَٰذَا مَا لَدَيَّ عَتِيدٌ (23) ",
    "tafsir" : "يقول تعالى مخبرا عن الملك الموكل بعمل ابن آدم : أنه يشهد عليه يوم القيامة بما فعل ويقول : ( هذا ما لدي عتيد ) أي : معتد محضر بلا زيادة ولا نقصان .\nوقال مجاهد : هذا كلام الملك السائق يقول : هذا ابن آدم الذي وكلتني به ، قد أحضرته .\nوقد اختار ابن جرير أن يعم السائق والشهيد ، وله اتجاه وقوة ."
  }, {
    "id" : 24,
    "eya" : "أَلْقِيَا فِي جَهَنَّمَ كُلَّ كَفَّارٍ عَنِيدٍ (24) ",
    "tafsir" : "فعند ذلك يحكم الله سبحانه تعالى ، في الخليقة بالعدل فيقول : ( ألقيا في جهنم كل كفار عنيد )\nوقد اختلف النحاة في قوله : ( ألقيا ) فقال بعضهم : هي لغة لبعض العرب يخاطبون المفرد بالتثنية ، كما روي عن الحجاج أنه كان يقول : يا حرسي ، اضربا عنقه ، ومما أنشد ابن جرير على هذه اللغة قول الشاعر :\nفإن تزجراني - يابن عفان - أنزجر وإن تتركاني أحم عرضا ممنعا\nوقيل : بل هي نون التأكيد سهلت إلى الألف . وهذا بعيد ; لأن هذا إنما يكون في الوقف ، والظاهر أنها مخاطبة مع السائق والشهيد ، فالسائق أحضره إلى عرصة الحساب ، فلما أدى الشهيد عليه ، أمرهما الله تعالى بإلقائه في نار جهنم وبئس المصير .( ألقيا في جهنم كل كفار عنيد ) أي : كثير الكفر والتكذيب بالحق ، ( عنيد ) : معاند للحق ، معارض له بالباطل مع علمه بذلك ."
  }, {
    "id" : 25,
    "eya" : "مَّنَّاعٍ لِّلْخَيْرِ مُعْتَدٍ مُّرِيبٍ (25) ",
    "tafsir" : "( مناع للخير ) أي : لا يؤدي ما عليه من الحقوق ، ولا بر فيه ولا صلة ولا صدقة ، ( معتد ) أي : فيما ينفقه ويصرفه ، يتجاوز فيه الحد .\nوقال قتادة : معتد في منطقه وسيرته وأمره .( مريب ) أي : شاك في أمره ، مريب لمن نظر في أمره ."
  }, {
    "id" : 26,
    "eya" : "الَّذِي جَعَلَ مَعَ اللَّهِ إِلَٰهًا آخَرَ فَأَلْقِيَاهُ فِي الْعَذَابِ الشَّدِيدِ (26) ",
    "tafsir" : "( الذي جعل مع الله إلها آخر ) أي : أشرك بالله فعبد معه غيره ، ( فألقياه في العذاب الشديد ) . وقد تقدم في الحديث : أن عنقا من النار يبرز للخلائق فينادي بصوت يسمع الخلائق : إني وكلت بثلاثة ، بكل جبار ، ومن جعل مع الله إلها آخر ، وبالمصورين ثم تلوى عليهم .\nقال الإمام أحمد : حدثنا معاوية - هو ابن هشام - حدثنا شيبان ، عن فراس عن عطية ، عن أبي سعيد الخدري عن نبي الله - صلى الله عليه وسلم - أنه قال : \" يخرج عنق من النار يتكلم ، يقول : وكلت اليوم بثلاثة : بكل جبار ، ومن جعل مع الله إلها آخر ، ومن قتل نفسا بغير نفس . فتنطوي عليهم ، فتقذفهم في غمرات جهنم \""
  }, {
    "id" : 27,
    "eya" : "۞ قَالَ قَرِينُهُ رَبَّنَا مَا أَطْغَيْتُهُ وَلَٰكِن كَانَ فِي ضَلَالٍ بَعِيدٍ (27) ",
    "tafsir" : "( قال قرينه ) : قال ابن عباس ، ومجاهد ، وقتادة ، وغيرهم : هو الشيطان الذي وكل به : ( ربنا ما أطغيته ) أي : يقول عن الإنسان الذي قد وافى القيامة كافرا ، يتبرأ منه شيطانه ، فيقول : ( ربنا ما أطغيته ) أي : ما أضللته ، ( ولكن كان في ضلال بعيد ) أي : بل كان هو في نفسه ضالا قابلا للباطل معاندا للحق . كما أخبر تعالى في الآية الأخرى في قوله : ( وقال الشيطان لما قضي الأمر إن الله وعدكم وعد الحق ووعدتكم فأخلفتكم وما كان لي عليكم من سلطان إلا أن دعوتكم فاستجبتم لي فلا تلوموني ولوموا أنفسكم ما أنا بمصرخكم وما أنتم بمصرخي إني كفرت بما أشركتموني من قبل إن الظالمين لهم عذاب أليم )[ إبراهيم : 22 ]"
  }, {
    "id" : 28,
    "eya" : "قَالَ لَا تَخْتَصِمُوا لَدَيَّ وَقَدْ قَدَّمْتُ إِلَيْكُم بِالْوَعِيدِ (28) ",
    "tafsir" : "وقوله : ( قال لا تختصموا لدي ) يقول الرب عز وجل للإنسي وقرينه من الجن ، وذلك أنهما يختصمان بين يدي الحق فيقول الإنسي : يا رب ، هذا أضلني عن الذكر بعد إذ جاءني . ويقول الشيطان : ( ربنا ما أطغيته ولكن كان في ضلال بعيد ) أي : عن منهج الحق . فيقول الرب عز وجل لهما : ( لا تختصموا لدي ) أي : عندي ، ( وقد قدمت إليكم بالوعيد ) أي : قد أعذرت إليكم على ألسنة الرسل ، وأنزلت الكتب ، وقامت عليكم الحجج والبينات والبراهين ."
  }, {
    "id" : 29,
    "eya" : "مَا يُبَدَّلُ الْقَوْلُ لَدَيَّ وَمَا أَنَا بِظَلَّامٍ لِّلْعَبِيدِ (29) ",
    "tafsir" : "( ما يبدل القول لدي ) قال مجاهد : يعني قد قضيت ما أنا قاض ، ( وما أنا بظلام للعبيد ) أي : لست أعذب أحدا بذنب أحد ، ولكن لا أعذب أحدا إلا بذنبه بعد قيام الحجة عليه ."
  }, {
    "id" : 30,
    "eya" : "يَوْمَ نَقُولُ لِجَهَنَّمَ هَلِ امْتَلَأْتِ وَتَقُولُ هَلْ مِن مَّزِيدٍ (30) ",
    "tafsir" : "يخبر تعالى أنه يقول لجهنم يوم القيامة : هل امتلأت ؟ وذلك أنه وعدها أن سيملؤها من الجنة والناس أجمعين ، فهو سبحانه يأمر بمن يأمر به إليها ، ويلقى وهي تقول : ( هل من مزيد ) أي : هل بقي شيء تزيدوني ؟ هذا هو الظاهر من سياق الآية ، وعليه تدل الأحاديث :\nقال البخاري عند تفسير هذه الآية : حدثنا عبد الله بن أبي الأسود ، حدثنا حرمي بن عمارة حدثنا شعبة ، عن قتادة ، عن أنس بن مالك ، عن النبي - صلى الله عليه وسلم - قال : \" يلقى في النار ، وتقول : هل من مزيد ، حتى يضع قدمه فيها ، فتقول قط قط \"\nوقال الإمام أحمد : حدثنا عبد الوهاب ، عن سعيد ، عن قتادة ، عن أنس قال : قال رسول الله - صلى الله عليه وسلم - : \" لا تزال جهنم يلقى فيها وتقول : هل من مزيد ؟ حتى يضع رب العزة فيها قدمه ، فينزوي بعضها إلى بعض ، وتقول : قط قط ، وعزتك وكرمك ولا يزال في الجنة فضل حتى ينشئ الله لها خلقا آخر فيسكنهم في فضول الجنة \"\nثم رواه مسلم من حديث قتادة ، بنحوه . ورواه أبان العطار وسليمان التيمي ، عن قتادة ، بنحوه .\nحديث آخر : قال البخاري : حدثنا محمد بن موسى القطان ، حدثنا أبو سفيان الحميري سعيد بن يحيى بن مهدي ، حدثنا عوف ، عن محمد عن أبي هريرة - رفعه ، وأكثر ما كان يوقفه أبو سفيان - : \" يقال لجهنم : هل امتلأت ، وتقول : هل من مزيد ، فيضع الرب عز وجل قدمه عليها ، فتقول : قط قط \"\nرواه أيوب وهشام بن حسان عن محمد بن سيرين ، به .\nطريق أخرى : قال البخاري : وحدثنا عبد الله بن محمد ، حدثنا عبد الرزاق ، أخبرنا معمر عن همام عن أبي هريرة قال : قال النبي - صلى الله عليه وسلم - : \" تحاجت الجنة والنار ، فقالت النار : أوثرت بالمتكبرين والمتجبرين . وقالت الجنة : ما لي لا يدخلني إلا ضعفاء الناس وسقطهم . قال الله عز وجل للجنة : أنت رحمتي أرحم بك من أشاء من عبادي . وقال للنار : إنما أنت عذابي ، أعذب بك من أشاء من عبادي ، ولكل واحدة منكما ملؤها ، فأما النار فلا تمتلئ حتى يضع رجله ، فتقول : قط قط ، فهنالك تمتلئ ويزوى بعضها إلى بعض ولا يظلم الله من خلقه أحدا ، وأما الجنة فإن الله ينشئ لها خلقا آخر \"\nحديث آخر : قال مسلم في صحيحه : حدثنا عثمان بن أبي شيبة ، حدثنا جرير ، عن الأعمش ، عن أبي صالح ، عن أبي سعيد قال : قال رسول الله - صلى الله عليه وسلم - : \" احتجت الجنة والنار ، فقالت النار : في الجبارون والمتكبرون . وقالت الجنة : في ضعفاء الناس ومساكينهم . فقضى بينهما ، فقال للجنة : إنما أنت رحمتي ، أرحم بك من أشاء من عبادي . وقال للنار : إنما أنت عذابي ، أعذب بك من أشاء من عبادي ، ولكل واحدة منكما ملؤها \" انفرد به مسلم دون البخاري من هذا الوجه . والله سبحانه وتعالى أعلم .\nوقد رواه الإمام أحمد من طريق أخرى ، عن أبي سعيد بأبسط من هذا السياق فقال :\nحدثنا حسن وروح قالا : حدثنا حماد بن سلمة ، عن عطاء بن السائب ، عن عبيد الله بن عبد الله بن عتبة ، عن أبي سعيد الخدري ; أن رسول الله - صلى الله عليه وسلم - قال : \" افتخرت الجنة والنار ، فقالت النار : يا رب يدخلني الجبابرة والمتكبرون والملوك والأشراف . وقالت الجنة : أي رب يدخلني الضعفاء والفقراء والمساكين . فيقول الله عز وجل ، للنار : أنت عذابي أصيب بك من أشاء . وقال للجنة : أنت رحمتي وسعت كل شيء ، ولكل واحدة منكما ملؤها ، فيلقى في النار أهلها فتقول : هل من مزيد ؟ قال : ويلقى فيها وتقول : هل من مزيد ؟ ويلقى فيها وتقول : هل من مزيد ؟ حتى يأتيها عز وجل ، فيضع قدمه عليها ، فتزوى وتقول : قدني ، قدني . وأما الجنة فيبقى فيها ما شاء الله أن يبقى ، فينشئ الله لها خلقا ما يشاء \"\nحديث آخر : وقال الحافظ أبو يعلى في مسنده : حدثنا عقبة بن مكرم ، حدثنا يونس ، حدثنا عبد الغفار بن القاسم ، عن عدي بن ثابت ، عن زر بن حبيش ، عن أبي بن كعب ; أن رسول الله - صلى الله عليه وسلم - قال : \" يعرفني الله عز وجل ، نفسه يوم القيامة ، فأسجد سجدة يرضى بها عني ، ثم أمدحه مدحة يرضى بها عني ، ثم يؤذن لي في الكلام ، ثم تمر أمتي على الصراط - مضروب بين ظهراني جهنم - فيمرون أسرع من الطرف والسهم ، وأسرع من أجود الخيل ، حتى يخرج الرجل منها يحبو ، وهي الأعمال . وجهنم تسأل المزيد ، حتى يضع فيها قدمه ، فينزوي بعضها إلى بعض وتقول : قط قط ! وأنا على الحوض \" . قيل : وما الحوض يا رسول الله ؟ قال : \" والذي نفسي بيده ، إن شرابه أبيض من اللبن ، وأحلى من العسل ، وأبرد من الثلج ، وأطيب ريحا من المسك . وآنيته أكثر من عدد النجوم ، لا يشرب منه إنسان فيظمأ أبدا ، ولا يصرف فيروى أبدا \" . وهذا القول هو اختيار ابن جرير .\nوقد قال ابن أبي حاتم : حدثنا أبو سعيد الأشج ، حدثنا أبو يحيى الحماني عن نضر الخزاز ، عن عكرمة ، عن ابن عباس ، ( يوم نقول لجهنم هل امتلأت وتقول هل من مزيد ) قال : ما امتلأت ، قال : تقول : وهل في من مكان يزاد في .\nوكذا روى الحكم بن أبان عن عكرمة : ( وتقول هل من مزيد ) : وهل في مدخل واحد ، قد امتلأت .[ و ] قال الوليد بن مسلم ، عن يزيد بن أبي مريم أنه سمع مجاهدا يقول : لا يزال يقذف فيها حتى تقول : قد امتلأت فتقول : هل [ في ] من مزيد ؟ وعن عبد الرحمن بن زيد بن أسلم نحو هذا .\nفعند هؤلاء أن قوله تعالى : ( هل امتلأت ) ، إنما هو بعد ما يضع عليها قدمه ، فتنزوي وتقول حينئذ : هل بقي في [ من ] مزيد ؟ يسع شيئا .\nقال العوفي ، عن ابن عباس : وذلك حين لا يبقى فيها موضع [ يسع ] إبرة . فالله أعلم ."
  }, {
    "id" : 31,
    "eya" : "وَأُزْلِفَتِ الْجَنَّةُ لِلْمُتَّقِينَ غَيْرَ بَعِيدٍ (31) ",
    "tafsir" : "وقوله : ( وأزلفت الجنة للمتقين غير بعيد ) : قال قتادة ، وأبو مالك ، والسدي : ( أزلفت ) أدنيت وقربت من المتقين ، ( غير بعيد ) وذلك يوم القيامة ، وليس ببعيد ; لأنه واقع لا محالة ، وكل ما هو آت آت ."
  }, {
    "id" : 32,
    "eya" : "هَٰذَا مَا تُوعَدُونَ لِكُلِّ أَوَّابٍ حَفِيظٍ (32) ",
    "tafsir" : "( هذا ما توعدون لكل أواب ) أي : رجاع تائب مقلع ، ( حفيظ ) أي : يحفظ العهد فلا ينقضه و [ لا ]\nوقال عبيد بن عمير : الأواب : الحفيظ الذي لا يجلس مجلسا [ فيقوم ] حتى يستغفر الله عز وجل ."
  }, {
    "id" : 33,
    "eya" : "مَّنْ خَشِيَ الرَّحْمَٰنَ بِالْغَيْبِ وَجَاءَ بِقَلْبٍ مُّنِيبٍ (33) ",
    "tafsir" : "( من خشي الرحمن بالغيب ) أي : من خاف الله في سره حيث لا يراه أحد إلا الله . كقوله [ عليه السلام ] ورجل ذكر الله خاليا ، ففاضت عيناه \" .( وجاء بقلب منيب ) أي : ولقي الله يوم القيامة بقلب سليم منيب إليه خاضع لديه ."
  }, {
    "id" : 34,
    "eya" : "ادْخُلُوهَا بِسَلَامٍ ۖ ذَٰلِكَ يَوْمُ الْخُلُودِ (34) ",
    "tafsir" : "( ادخلوها ) أي : الجنة ) بسلام ) ، قال قتادة : سلموا من عذاب الله ، وسلم عليهم ملائكة الله .( ذلك يوم الخلود ) أي : يخلدون في الجنة فلا يموتون أبدا ، ولا يظعنون أبدا ، ولا يبغون عنها حولا ."
  }, {
    "id" : 35,
    "eya" : "لَهُم مَّا يَشَاءُونَ فِيهَا وَلَدَيْنَا مَزِيدٌ (35) ",
    "tafsir" : "وقوله : ( لهم ما يشاءون فيها ) أي : مهما اختاروا وجدوا من أي أصناف الملاذ طلبوا أحضر لهم .\nقال ابن أبي حاتم : حدثنا أبو زرعة ، حدثنا عمرو بن عثمان ، حدثنا بقية ، عن بحير بن سعد ، عن خالد بن معدان ، عن كثير بن مرة قال : من المزيد أن تمر السحابة بأهل الجنة فتقول : ماذا تريدون فأمطره لكم ؟ فلا يدعون بشيء إلا أمطرتهم . قال كثير : لئن أشهدني الله ذلك لأقولن : أمطرينا جواري مزينات .\nوفي الحديث عن ابن مسعود أن رسول الله - صلى الله عليه وسلم - قال له : \" إنك لتشتهي الطير في الجنة ، فيخر بين يديك مشويا \"\nوقال الإمام أحمد : حدثنا علي بن عبد الله ، حدثنا معاذ بن هشام ، حدثني أبي عن عامر الأحول ، عن أبي الصديق ، عن أبي سعيد الخدري ; أن رسول الله - صلى الله عليه وسلم - قال : \" إذا اشتهى المؤمن الولد في الجنة ، كان حمله ووضعه وسنه في ساعة واحدة \"\nورواه الترمذي وابن ماجه ، عن بندار ، عن معاذ بن هشام ، به وقال الترمذي : حسن غريب ، وزاد \" كما يشتهي \"( ولدينا مزيد ) كقوله تعالى : ( للذين أحسنوا الحسنى وزيادة )[ يونس : 26 ] . وقد تقدم في صحيح مسلم عن صهيب بن سنان الرومي : أنها النظر إلى وجه الله الكريم . وقد روى البزار وابن أبي حاتم ، من حديث شريك القاضي ، عن عثمان بن عمير أبي اليقظان ، عن أنس بن مالك في قوله عز وجل : ( ولدينا مزيد ) قال : يظهر لهم الرب ، عز وجل في كل جمعة .\nوقد رواه الإمام أبو عبد الله الشافعي مرفوعا فقال في مسنده : أخبرنا إبراهيم بن محمد ، حدثني موسى بن عبيدة ، حدثني أبو الأزهر معاوية بن إسحاق بن طلحة ، عن عبد الله بن عبيد بن عمير أنه سمع أنس بن مالك يقول : أتى جبرائيل بمرآة بيضاء فيها نكتة إلى رسول الله ، فقال النبي - صلى الله عليه وسلم - : \" ما هذه ؟ \" فقال : هذه الجمعة ، فضلت بها أنت وأمتك ، فالناس لكم فيها تبع اليهود والنصارى ، ولكم فيها خير ، ولكم فيها ساعة لا يوافقها مؤمن يدعو الله بخير إلا استجيب له ، وهو عندنا يوم المزيد . قال النبي - صلى الله عليه وسلم - : \" يا جبريل ، وما يوم المزيد ؟ \" قال : إن ربك اتخذ في الفردوس واديا أفيح فيه كثب المسك ، فإذا كان يوم الجمعة أنزل الله ما شاء من ملائكته ، وحوله منابر من نور ، عليها مقاعد النبيين ، وحف تلك المنابر بمنابر من ذهب مكللة بالياقوت والزبرجد ، عليها الشهداء والصديقون فجلسوا من ورائهم على تلك الكثب ، فيقول الله عز وجل : أنا ربكم ، قد صدقتكم وعدي ، فسلوني أعطكم . فيقولون : ربنا ، نسألك رضوانك ، فيقول : قد رضيت عنكم ، ولكم علي ما تمنيتم ، ولدي مزيد . فهم يحبون يوم الجمعة لما يعطيهم فيه ربهم من الخير ، وهو اليوم الذي استوى فيه ربكم على العرش ، وفيه خلق آدم ، وفيه تقوم الساعة \" .[ و ] هكذا أورده الإمام الشافعي في كتاب \" الجمعة \" من الأم ، وله طرق عن أنس بن مالك ، رضي الله عنه . وقد أورد ابن جرير هذا من رواية عثمان بن عمير ، عن أنس بأبسط من هذا وذكر هاهنا أثرا مطولا عن أنس بن مالك موقوفا وفيه غرائب كثيرة\nوقال الإمام أحمد : حدثنا حسن ، حدثنا ابن لهيعة ، حدثنا دراج ، عن أبي الهيثم ، عن أبي سعيد ، عن رسول الله - صلى الله عليه وسلم - قال : \" إن الرجل في الجنة ليتكئ في الجنة سبعين سنة قبل أن يتحول ثم تأتيه امرأة فتضرب على منكبه فينظر وجهه في خدها أصفى من المرآة ، وإن أدنى لؤلؤة عليها تضيء ما بين المشرق والمغرب . فتسلم عليه ، فيرد السلام ، فيسألها : من أنت ؟ فتقول : أنا من المزيد . وإنه ليكون عليها سبعون حلة ، أدناها مثل النعمان من طوبى ، فينفذها بصره حتى يرى مخ ساقها من وراء ذلك ، وإن عليها من التيجان ، إن أدنى لؤلؤة منها لتضيء ما بين المشرق والمغرب \"\nوهكذا رواه عبد الله بن وهب ، عن عمرو بن الحارث ، عن دراج ، به ."
  }, {
    "id" : 36,
    "eya" : "وَكَمْ أَهْلَكْنَا قَبْلَهُم مِّن قَرْنٍ هُمْ أَشَدُّ مِنْهُم بَطْشًا فَنَقَّبُوا فِي الْبِلَادِ هَلْ مِن مَّحِيصٍ (36) ",
    "tafsir" : "يقول تعالى : وكم أهلكنا قبل هؤلاء المنكرين : ( من قرن هم أشد منهم بطشا ) أي : كانوا أكثر منهم وأشد قوة ، وأثاروا الأرض وعمروها أكثر مما عمروها ; ولهذا قال هاهنا : ( فنقبوا في البلاد ) قال ابن عباس : أثروا فيها . وقال مجاهد : ( فنقبوا في البلاد ) : ضربوا في الأرض . وقال قتادة : فساروا في البلاد ، أي ساروا فيها يبتغون الأرزاق والمتاجر والمكاسب أكثر مما طفتم أنتم فيها ويقال لمن طوف في البلاد : نقب فيها . قال امرؤ القيس :\nلقد نقبت في الآفاق حتى رضيت من الغنيمة بالإياب( هل من محيص ) أي : هل من مفر كان لهم من قضاء الله وقدره ؟ وهل نفعهم ما جمعوه ورد عنهم عذاب الله إذ جاءهم لما كذبوا الرسل ؟ فأنتم أيضا لا مفر لكم ولا محيد ولا مناص ولا محيص ."
  }, {
    "id" : 37,
    "eya" : "إِنَّ فِي ذَٰلِكَ لَذِكْرَىٰ لِمَن كَانَ لَهُ قَلْبٌ أَوْ أَلْقَى السَّمْعَ وَهُوَ شَهِيدٌ (37) ",
    "tafsir" : "وقوله : ( إن في ذلك لذكرى ) أي : لعبرة ( لمن كان له قلب ) أي : لب يعي به . وقال مجاهد : عقل ( أو ألقى السمع وهو شهيد ) أي : استمع الكلام فوعاه ، وتعقله بقلبه وتفهمه بلبه .\nوقال مجاهد : ( أو ألقى السمع ) يعني : لا يحدث نفسه بغيره ، ( وهو شهيد ) وقال : شاهد بالقلب .\nوقال الضحاك : العرب تقول : ألقى فلان سمعه : إذا استمع بأذنيه وهو شاهد ، يقول : غير غائب . وهكذا قال الثوري وغير واحد ."
  }, {
    "id" : 38,
    "eya" : "وَلَقَدْ خَلَقْنَا السَّمَاوَاتِ وَالْأَرْضَ وَمَا بَيْنَهُمَا فِي سِتَّةِ أَيَّامٍ وَمَا مَسَّنَا مِن لُّغُوبٍ (38) ",
    "tafsir" : "وقوله : ( ولقد خلقنا السماوات والأرض وما بينهما في ستة أيام وما مسنا من لغوب ) : فيه تقرير المعاد ; لأن من قدر على خلق السماوات والأرض ولم يعي بخلقهن قادر على أن يحيي الموتى بطريق الأولى والأحرى .\nوقال قتادة : قالت اليهود - عليهم لعائن الله - : خلق الله السماوات والأرض في ستة أيام ، ثم استراح في اليوم السابع ، وهو يوم السبت ، وهم يسمونه يوم الراحة ، فأنزل الله تكذيبهم فيما قالوه وتأولوه : ( وما مسنا من لغوب ) أي : من إعياء ولا نصب ولا تعب ، كما قال في الآية الأخرى : ( أولم يروا أن الله الذي خلق السماوات والأرض ولم يعي بخلقهن بقادر على أن يحيي الموتى بلى إنه على كل شيء قدير )[ الأحقاف : 33 ] ، وكما قال : ( لخلق السماوات والأرض أكبر من خلق الناس )[ غافر : 57 ]( أأنتم أشد خلقا أم السماء بناها )[ النازعات : 27 ]"
  }, {
    "id" : 39,
    "eya" : "فَاصْبِرْ عَلَىٰ مَا يَقُولُونَ وَسَبِّحْ بِحَمْدِ رَبِّكَ قَبْلَ طُلُوعِ الشَّمْسِ وَقَبْلَ الْغُرُوبِ (39) ",
    "tafsir" : "وقوله : ( فاصبر على ما يقولون ) يعني : المكذبين ، اصبر عليهم واهجرهم هجرا جميلا ( وسبح بحمد ربك قبل طلوع الشمس وقبل الغروب ) ، وكانت الصلاة المفروضة قبل الإسراء ثنتين قبل طلوع الشمس في وقت الفجر ، وقبل الغروب في وقت العصر ، وقيام الليل كان واجبا على النبي - صلى الله عليه وسلم - وعلى أمته حولا ثم نسخ في حق الأمة وجوبه . ثم بعد ذلك نسخ الله ذلك كله ليلة الإسراء بخمس صلوات ، ولكن منهن صلاة الصبح والعصر ، فهما قبل طلوع الشمس وقبل الغروب .\nوقد قال الإمام أحمد : حدثنا وكيع ، حدثنا إسماعيل بن أبي خالد ، عن قيس بن أبي حازم ، عن جرير بن عبد الله قال : كنا جلوسا عند النبي - صلى الله عليه وسلم - فنظر إلى القمر ليلة البدر فقال : \" أما إنكم ستعرضون على ربكم فترونه كما ترون هذا القمر ، لا تضامون فيه ، فإن استطعتم ألا تغلبوا على صلاة قبل طلوع الشمس وقبل غروبها ، فافعلوا \" ثم قرأ : ( وسبح بحمد ربك قبل طلوع الشمس وقبل الغروب )\nورواه البخاري ومسلم وبقية الجماعة ، من حديث إسماعيل ، به ."
  }, {
    "id" : 40,
    "eya" : "وَمِنَ اللَّيْلِ فَسَبِّحْهُ وَأَدْبَارَ السُّجُودِ (40) ",
    "tafsir" : "وقوله : ( ومن الليل فسبحه ) أي : فصل له ، كقوله : ( ومن الليل فتهجد به نافلة لك عسى أن يبعثك ربك مقاما محمودا )[ الإسراء : 79 ]( وأدبار السجود ) قال ابن أبي نجيح ، عن مجاهد ، عن ابن عباس : هو التسبيح بعد الصلاة .\nويؤيد هذا ما ثبت في الصحيحين عن أبي هريرة أنه قال : جاء فقراء المهاجرين فقالوا : يا رسول الله ، ذهب أهل الدثور بالدرجات العلى والنعيم المقيم . فقال : \" وما ذاك ؟ \" قالوا : يصلون كما نصلي ، ويصومون كما نصوم ، ويتصدقون ولا نتصدق ، ويعتقون ولا نعتق ! قال : \" أفلا أعلمكم شيئا إذا فعلتموه سبقتم من بعدكم ، ولا يكون أحد أفضل منكم إلا من فعل مثل ما فعلتم ؟ تسبحون وتحمدون وتكبرون دبر كل صلاة ثلاثا وثلاثين \" . قال : فقالوا : يا رسول الله ، سمع إخواننا أهل الأموال بما فعلنا ، ففعلوا مثله . قال : \" ذلك فضل الله يؤتيه من يشاء \"\nوالقول الثاني : أن المراد بقوله : ( وأدبار السجود ) هما الركعتان بعد المغرب ، روي ذلك عن عمر وعلي ، وابنه الحسن وابن عباس ، وأبي هريرة ، وأبي أمامة ، وبه يقول مجاهد ، وعكرمة ، والشعبي ، والنخعي والحسن ، وقتادة وغيرهم .\nقال الإمام أحمد : حدثنا وكيع وعبد الرحمن ، عن سفيان ، عن أبي إسحاق ، عن عاصم بن ضمرة ، عن علي قال : كان رسول الله - صلى الله عليه وسلم - يصلي على أثر كل صلاة مكتوبة ركعتين إلا الفجر والعصر . وقال عبد الرحمن : دبر كل صلاة .\nورواه أبو داود والنسائي ، من حديث سفيان الثوري ، به . زاد النسائي : ومطرف ، عن أبي إسحاق ، به .\nوقال ابن أبي حاتم : حدثنا هارون بن إسحاق الهمداني ، حدثنا ابن فضيل ، عن رشدين بن كريب ، عن أبيه ، عن ابن عباس قال : بت ليلة عند رسول - صلى الله عليه وسلم - فصلى ركعتين خفيفتين ، اللتين قبل الفجر . ثم خرج إلى الصلاة فقال : \" يابن عباس ، ركعتين قبل صلاة الفجر إدبار النجوم ، وركعتين بعد المغرب إدبار السجود \"\nورواه الترمذي عن أبي هشام الرفاعي ، عن محمد بن فضيل ، به . وقال : غريب لا نعرفه إلا من هذا الوجه .\nوحديث ابن عباس ، وأنه بات في بيت خالته ميمونة وصلى تلك الليلة مع النبي - صلى الله عليه وسلم - ثلاث عشرة ركعة ، ثابت في الصحيحين وغيرهما ، فأما هذه الزيادة فغريبة [ و ] لا تعرف إلا من هذا الوجه ، ورشدين بن كريب ضعيف ، ولعله من كلام ابن عباس موقوفا عليه ، والله أعلم ."
  }, {
    "id" : 41,
    "eya" : "وَاسْتَمِعْ يَوْمَ يُنَادِ الْمُنَادِ مِن مَّكَانٍ قَرِيبٍ (41) ",
    "tafsir" : "يقول تعالى : ( واستمع )( يوم ينادي المناد من مكان قريب ) قال قتادة : قال كعب الأحبار : يأمر الله [ تعالى ] ملكا أن ينادي على صخرة بيت المقدس : أيتها العظام البالية ، والأوصال المتقطعة ، إن الله يأمركن أن تجتمعن لفصل القضاء ."
  }, {
    "id" : 42,
    "eya" : "يَوْمَ يَسْمَعُونَ الصَّيْحَةَ بِالْحَقِّ ۚ ذَٰلِكَ يَوْمُ الْخُرُوجِ (42) ",
    "tafsir" : "( يوم يسمعون الصيحة بالحق ) يعني : النفخة في الصور التي تأتي بالحق الذي كان أكثرهم فيه يمترون . ( ذلك يوم الخروج ) أي : من الأجداث ."
  }, {
    "id" : 43,
    "eya" : "إِنَّا نَحْنُ نُحْيِي وَنُمِيتُ وَإِلَيْنَا الْمَصِيرُ (43) ",
    "tafsir" : "( إنا نحن نحيي ونميت وإلينا المصير ) أي : هو الذي يبدأ الخلق ثم يعيده ، وهو أهون عليه ، وإليه مصير الخلائق كلهم ، فيجازي كلا بعمله ، إن خيرا فخير ، وإن شرا فشر ."
  }, {
    "id" : 44,
    "eya" : "يَوْمَ تَشَقَّقُ الْأَرْضُ عَنْهُمْ سِرَاعًا ۚ ذَٰلِكَ حَشْرٌ عَلَيْنَا يَسِيرٌ (44) ",
    "tafsir" : "وقوله : ( يوم تشقق الأرض عنهم سراعا ) : وذلك أن الله تعالى ينزل مطرا من السماء تنبت به أجساد الخلائق في قبورها ، كما ينبت الحب في الثرى بالماء ، فإذا تكاملت الأجساد أمر الله إسرافيل فينفخ في الصور ، وقد أودعت الأرواح في ثقب في الصور ، فإذا نفخ إسرافيل فيه خرجت الأرواح تتوهج بين السماء والأرض ، فيقول الله عز وجل : وعزتي وجلالي ، لترجعن كل روح إلى الجسد الذي كانت تعمره ، فترجع كل روح إلى جسدها ، فتدب فيه كما يدب السم في اللديغ وتنشق الأرض عنهم ، فيقومون إلى موقف الحساب سراعا ، مبادرين إلى أمر الله عز وجل ، ( مهطعين إلى الداع يقول الكافرون هذا يوم عسر )[ القمر : 8 ] ، وقال الله تعالى : ( يوم يدعوكم فتستجيبون بحمده وتظنون إن لبثتم إلا قليلا )[ الإسراء : 52 ] ، وفي صحيح مسلم عن أنس قال : قال رسول الله - صلى الله عليه وسلم - : \" أنا أول من تنشق عنه الأرض \"( ذلك حشر علينا يسير ) أي : تلك إعادة سهلة علينا يسيرة لدينا ، كما قال تعالى : ( وما أمرنا إلا واحدة كلمح بالبصر )[ القمر : 50 ] ، وقال تعالى : ( ما خلقكم ولا بعثكم إلا كنفس واحدة إن الله سميع بصير )[ لقمان : 28 ]"
  }, {
    "id" : 45,
    "eya" : "نَّحْنُ أَعْلَمُ بِمَا يَقُولُونَ ۖ وَمَا أَنتَ عَلَيْهِم بِجَبَّارٍ ۖ فَذَكِّرْ بِالْقُرْآنِ مَن يَخَافُ وَعِيدِ (45) ",
    "tafsir" : "وقوله : ( نحن أعلم بما يقولون ) أي : نحن علمنا محيط بما يقول لك المشركون من التكذيب فلا يهيدنك ذلك ، كقوله [ تعالى ]( ولقد نعلم أنك يضيق صدرك بما يقولون فسبح بحمد ربك وكن من الساجدين واعبد ربك حتى يأتيك اليقين )[ الحجر : 97 - 99 ]( وما أنت عليهم بجبار ) أي : ولست بالذي تجبر هؤلاء على الهدى ، وليس ذلك ما كلفت به .\nوقال مجاهد ، وقتادة ، والضحاك : ( وما أنت عليهم بجبار ) أي : لا تتجبر عليهم .\nوالقول الأول أولى ، ولو أراد ما قالوه لقال : ولا تكن جبارا عليهم ، وإنما قال : ( وما أنت عليهم بجبار ) بمعنى : وما أنت بمجبرهم على الإيمان إنما أنت مبلغ .\nقال الفراء : سمعت العرب تقول : جبر فلان فلانا على كذا ، بمعنى أجبره .\nثم قال تعالى : ( فذكر بالقرآن من يخاف وعيد ) أي : بلغ أنت رسالة ربك ، فإنما يتذكر من يخاف الله ووعيده ويرجو وعده ، كقوله [ تعالى ]( فإنما عليك البلاغ وعلينا الحساب )[ الرعد : 40 ] ، وقوله : ( فذكر إنما أنت مذكر لست عليهم بمسيطر )[ الغاشية : 21 ، 22 ]( ليس عليك هداهم ولكن الله يهدي من يشاء )[ البقرة : 272 ]( إنك لا تهدي من أحببت ولكن الله يهدي من يشاء )[ القصص : 56 ] ، ولهذا قال هاهنا : ( وما أنت عليهم بجبار فذكر بالقرآن من يخاف وعيد ) كان قتادة يقول : اللهم ، اجعلنا ممن يخاف وعيدك ، ويرجو موعودك ، يا بار ، يا رحيم .\nآخر تفسير سورة ( ق ) ، والحمد لله وحده ، وحسبنا الله ونعم الوكيل ."
  } ]
}