{
  "id" : 64,
  "nbAya" : 18,
  "name" : "التَّغَابُن",
  "type" : "مدنيَّة",
  "ayets" : [ {
    "id" : 1,
    "eya" : "يُسَبِّحُ لِلَّهِ مَا فِي السَّمَاوَاتِ وَمَا فِي الْأَرْضِ ۖ لَهُ الْمُلْكُ وَلَهُ الْحَمْدُ ۖ وَهُوَ عَلَىٰ كُلِّ شَيْءٍ قَدِيرٌ (1) ",
    "tafsir" : "تفسير سورة التغابن وهي مدنية ، وقيل : مكية .\nقال الطبراني : حدثنا محمد بن هارون بن محمد بن بكار الدمشقي ، حدثنا العباس بن الوليد الخلال ، حدثنا الوليد بن الوليد ، حدثنا ابن ثوبان ، عن عطاء بن أبي رباح ، عن عبد الله بن عمرو رضي الله عنه ، قال : قال رسول الله - صلى الله عليه وسلم - : \" ما من مولود يولد إلا مكتوب في تشبيك رأسه خمس آيات من سورة التغابن \"\nأورده ابن عساكر في ترجمة \" الوليد بن صالح \" وهو غريب جدا ، بل منكر .\nهذه السورة هي آخر المسبحات ، وقد تقدم الكلام على تسبيح المخلوقات لبارئها ومالكها ; ولهذا قال : ( له الملك وله الحمد ) أي : هو المتصرف في جميع الكائنات ، المحمود على جميع ما يخلقه ويقدره .( وهو على كل شيء قدير ) أي : مهما أراد كان بلا ممانع ولا مدافع ، وما لم يشأ لم يكن ."
  }, {
    "id" : 2,
    "eya" : "هُوَ الَّذِي خَلَقَكُمْ فَمِنكُمْ كَافِرٌ وَمِنكُم مُّؤْمِنٌ ۚ وَاللَّهُ بِمَا تَعْمَلُونَ بَصِيرٌ (2) ",
    "tafsir" : "وقوله : ( هو الذي خلقكم فمنكم كافر ومنكم مؤمن ) أي : هو الخالق لكم على هذه الصفة ، وأراد منكم ذلك ، فلا بد من وجود مؤمن وكافر ، وهو البصير بمن يستحق الهداية ممن يستحق الضلال ، وهو شهيد على أعمال عباده ، وسيجزيهم بها أتم الجزاء ; ولهذا قال : ( والله بما تعملون بصير )"
  }, {
    "id" : 3,
    "eya" : "خَلَقَ السَّمَاوَاتِ وَالْأَرْضَ بِالْحَقِّ وَصَوَّرَكُمْ فَأَحْسَنَ صُوَرَكُمْ ۖ وَإِلَيْهِ الْمَصِيرُ (3) ",
    "tafsir" : "ثم قال : ( خلق السماوات والأرض بالحق ) أي : بالعدل والحكمة ، ( وصوركم فأحسن صوركم ) أي : أحسن أشكالكم ، كقوله تعالى : ( يا أيها الإنسان ما غرك بربك الكريم الذي خلقك فسواك فعدلك في أي صورة ما شاء ركبك )[ الانفطار : 6 - 8 ] وكقوله : ( الله الذي جعل لكم الأرض قرارا والسماء بناء وصوركم فأحسن صوركم ورزقكم من الطيبات )[ غافر : 64 ]( وإليه المصير ) أي : المرجع والمآب ."
  }, {
    "id" : 4,
    "eya" : "يَعْلَمُ مَا فِي السَّمَاوَاتِ وَالْأَرْضِ وَيَعْلَمُ مَا تُسِرُّونَ وَمَا تُعْلِنُونَ ۚ وَاللَّهُ عَلِيمٌ بِذَاتِ الصُّدُورِ (4) ",
    "tafsir" : "ثم أخبر تعالى عن علمه بجميع الكائنات السمائية ، والأرضية ، والنفسية ، فقال : ( يعلم ما في السماوات والأرض ويعلم ما تسرون وما تعلنون والله عليم بذات الصدور )"
  }, {
    "id" : 5,
    "eya" : "أَلَمْ يَأْتِكُمْ نَبَأُ الَّذِينَ كَفَرُوا مِن قَبْلُ فَذَاقُوا وَبَالَ أَمْرِهِمْ وَلَهُمْ عَذَابٌ أَلِيمٌ (5) ",
    "tafsir" : "يقول تعالى مخبرا عن الأمم الماضين ، وما حل بهم من العذاب والنكال ; في مخالفة الرسل والتكذيب بالحق ، فقال : ( ألم يأتكم نبأ الذين كفروا من قبل ) أي : خبرهم وما كان من أمرهم ، ( فذاقوا وبال أمرهم ) أي : وخيم تكذيبهم ورديء أفعالهم ، وهو ما حل بهم في الدنيا من العقوبة والخزي ( ولهم عذاب أليم ) أي : في الدار الآخرة مضاف إلى هذا الدنيوي . ثم علل ذلك فقال :"
  }, {
    "id" : 6,
    "eya" : "ذَٰلِكَ بِأَنَّهُ كَانَت تَّأْتِيهِمْ رُسُلُهُم بِالْبَيِّنَاتِ فَقَالُوا أَبَشَرٌ يَهْدُونَنَا فَكَفَرُوا وَتَوَلَّوا ۚ وَّاسْتَغْنَى اللَّهُ ۚ وَاللَّهُ غَنِيٌّ حَمِيدٌ (6) ",
    "tafsir" : "( ذلك بأنه كانت تأتيهم رسلهم بالبينات ) أي : بالحجج والدلائل والبراهين ( فقالوا أبشر يهدوننا ) ؟ أي : استبعدوا أن تكون الرسالة في البشر ، وأن يكون هداهم على يدي بشر مثلهم ، ( فكفروا وتولوا ) أي : كذبوا بالحق ونكلوا عن العمل ، ( واستغنى الله ) أي : عنهم ( والله غني حميد )"
  }, {
    "id" : 7,
    "eya" : "زَعَمَ الَّذِينَ كَفَرُوا أَن لَّن يُبْعَثُوا ۚ قُلْ بَلَىٰ وَرَبِّي لَتُبْعَثُنَّ ثُمَّ لَتُنَبَّؤُنَّ بِمَا عَمِلْتُمْ ۚ وَذَٰلِكَ عَلَى اللَّهِ يَسِيرٌ (7) ",
    "tafsir" : "يقول تعالى مخبرا عن المشركين والكفار والملحدين أنهم يزعمون أنهم لا يبعثون : ( قل بلى وربي لتبعثن ثم لتنبؤن بما عملتم ) أي : لتخبرن بجميع أعمالكم ، جليلها وحقيرها ، صغيرها وكبيرها ، ( وذلك على الله يسير ) أي : بعثكم ومجازاتكم .\nوهذه هي الآية الثالثة التي أمر الله رسوله - صلى الله عليه وسلم - أن يقسم بربه ، عز وجل ، على وقوع المعاد ووجوده فالأولى في سورة يونس : ( ويستنبئونك أحق هو قل إي وربي إنه لحق وما أنتم بمعجزين )[ يونس : 53 ] والثانية في سورة سبإ : ( وقال الذين كفروا لا تأتينا الساعة قل بلى وربي لتأتينكم )[ سبإ : 3 ] والثالثة هي هذه [ ( زعم الذين كفروا أن لن يبعثوا قل بلى وربي لتبعثن ثم لتنبؤن بما عملتم وذلك على الله يسير )"
  }, {
    "id" : 8,
    "eya" : "فَآمِنُوا بِاللَّهِ وَرَسُولِهِ وَالنُّورِ الَّذِي أَنزَلْنَا ۚ وَاللَّهُ بِمَا تَعْمَلُونَ خَبِيرٌ (8) ",
    "tafsir" : "ثم قال تعالى : ( فآمنوا بالله ورسوله والنور الذي أنزلنا ) يعني : القرآن ، ( والله بما تعملون خبير ) أي : فلا تخفى عليه من أعمالكم خافية ."
  }, {
    "id" : 9,
    "eya" : "يَوْمَ يَجْمَعُكُمْ لِيَوْمِ الْجَمْعِ ۖ ذَٰلِكَ يَوْمُ التَّغَابُنِ ۗ وَمَن يُؤْمِن بِاللَّهِ وَيَعْمَلْ صَالِحًا يُكَفِّرْ عَنْهُ سَيِّئَاتِهِ وَيُدْخِلْهُ جَنَّاتٍ تَجْرِي مِن تَحْتِهَا الْأَنْهَارُ خَالِدِينَ فِيهَا أَبَدًا ۚ ذَٰلِكَ الْفَوْزُ الْعَظِيمُ (9) ",
    "tafsir" : "وقوله : ( يوم يجمعكم ليوم الجمع ) وهو يوم القيامة ، سمي بذلك لأنه يجمع فيه الأولون والآخرون في صعيد واحد ، يسمعهم الداعي ، وينفذهم البصر ، كما قال تعالى : ( ذلك يوم مجموع له الناس وذلك يوم مشهود )[ هود : 103 ] وقال تعالى : ( قل إن الأولين والآخرين لمجموعون إلى ميقات يوم معلوم )[ الواقعة : 49 ، 50 ]( ذلك يوم التغابن ) قال ابن عباس : هو اسم من أسماء يوم القيامة . وذلك أن أهل الجنة يغبنون أهل النار . وكذا قال قتادة ، ومجاهد .\nوقال مقاتل بن حيان : لا غبن أعظم من أن يدخل هؤلاء إلى الجنة ، ويذهب بأولئك إلى النار ."
  }, {
    "id" : 10,
    "eya" : "وَالَّذِينَ كَفَرُوا وَكَذَّبُوا بِآيَاتِنَا أُولَٰئِكَ أَصْحَابُ النَّارِ خَالِدِينَ فِيهَا ۖ وَبِئْسَ الْمَصِيرُ (10) ",
    "tafsir" : "قلت : وقد فسر ذلك بقوله تعالى : ( ومن يؤمن بالله ويعمل صالحا يكفر عنه سيئاته ويدخله جنات تجري من تحتها الأنهار خالدين فيها أبدا ذلك الفوز العظيم والذين كفروا وكذبوا بآياتنا أولئك أصحاب النار خالدين فيها وبئس المصير ) وقد تقدم تفسير مثل هذه غير مرة ."
  }, {
    "id" : 11,
    "eya" : "مَا أَصَابَ مِن مُّصِيبَةٍ إِلَّا بِإِذْنِ اللَّهِ ۗ وَمَن يُؤْمِن بِاللَّهِ يَهْدِ قَلْبَهُ ۚ وَاللَّهُ بِكُلِّ شَيْءٍ عَلِيمٌ (11) ",
    "tafsir" : "يقول تعالى مخبرا بما أخبر به في سورة الحديد : ( ما أصاب من مصيبة في الأرض ولا في أنفسكم إلا في كتاب من قبل أن نبرأها )[ الحديد : 22 ] وهكذا قال ها هنا : ( ما أصاب من مصيبة إلا بإذن الله ) قال ابن عباس : بأمر الله ، يعني : عن قدره ومشيئته .( ومن يؤمن بالله يهد قلبه والله بكل شيء عليم ) أي : ومن أصابته مصيبة فعلم أنها بقضاء الله وقدره ، فصبر واحتسب ، واستسلم لقضاء الله ، هدى الله قلبه ، وعوضه عما فاته من الدنيا هدى في قلبه ، ويقينا صادقا ، وقد يخلف عليه ما كان أخذ منه ، أو خيرا منه .\nقال علي بن أبي طلحة ، عن ابن عباس : ( ومن يؤمن بالله يهد قلبه ) يعني : يهد قلبه لليقين ، فيعلم أن ما أصابه لم يكن ليخطئه ، وما أخطأه لم يكن ليصيبه .\nوقال الأعمش ، عن أبي ظبيان قال : كنا عند علقمة فقرئ عنده هذه الآية : ( ومن يؤمن بالله يهد قلبه ) فسئل عن ذلك فقال : هو الرجل تصيبه المصيبة ، فيعلم أنها من عند الله ، فيرضى ويسلم . رواه ابن جرير ، وابن أبي حاتم\nوقال سعيد بن جبير ، ومقاتل بن حيان : ( ومن يؤمن بالله يهد قلبه ) يعني : يسترجع ، يقول : ( إنا لله وإنا إليه راجعون )[ البقرة : 156 ]\nوفي الحديث المتفق عليه : \" عجبا للمؤمن ، لا يقضي الله له قضاء إلا كان خيرا له ، إن أصابته ضراء صبر فكان خيرا له ، وإن أصابته سراء شكر فكان خيرا له ، وليس ذلك لأحد إلا للمؤمن \"\nوقال أحمد : حدثنا حسن ، حدثنا ابن لهيعة ، حدثنا الحارث بن يزيد ، عن علي بن رباح ; أنه سمع جنادة بن أبي أمية يقول : سمعت عبادة بن الصامت يقول : إن رجلا أتى رسول الله - صلى الله عليه وسلم - فقال : يا رسول الله ، أي العمل أفضل ؟ قال : \" إيمان بالله ، وتصديق به ، وجهاد في سبيله \" . قال : أريد أهون من هذا يا رسول الله . قال : \" لا تتهم الله في شيء ، قضى لك به \" . لم يخرجوه"
  }, {
    "id" : 12,
    "eya" : "وَأَطِيعُوا اللَّهَ وَأَطِيعُوا الرَّسُولَ ۚ فَإِن تَوَلَّيْتُمْ فَإِنَّمَا عَلَىٰ رَسُولِنَا الْبَلَاغُ الْمُبِينُ (12) ",
    "tafsir" : "وقوله : ( وأطيعوا الله وأطيعوا الرسول ) أمر بطاعة الله ورسوله فيما شرع ، وفعل ما به أمر ، وترك ما عنه نهى ، وزجر ، ثم قال : ( فإن توليتم فإنما على رسولنا البلاغ المبين ) أي : إن نكلتم عن العمل فإنما عليه ما حمل من البلاغ ، وعليكم ما حملتم من السمع والطاعة .\nقال الزهري : من الله الرسالة ، وعلى الرسول البلاغ ، وعلينا التسليم"
  }, {
    "id" : 13,
    "eya" : "اللَّهُ لَا إِلَٰهَ إِلَّا هُوَ ۚ وَعَلَى اللَّهِ فَلْيَتَوَكَّلِ الْمُؤْمِنُونَ (13) ",
    "tafsir" : "ثم قال تعالى مخبرا أنه الأحد الصمد ، الذي لا إله غيره ، فقال : ( الله لا إله إلا هو وعلى الله فليتوكل المؤمنون ) فالأول خبر عن التوحيد ، ومعناه معنى الطلب ، أي : وحدوا الإلهية له ، وأخلصوها لديه ، وتوكلوا عليه ، كما قال تعالى : ( رب المشرق والمغرب لا إله إلا هو فاتخذه وكيلا )[ المزمل : 9 ]"
  }, {
    "id" : 14,
    "eya" : "يَا أَيُّهَا الَّذِينَ آمَنُوا إِنَّ مِنْ أَزْوَاجِكُمْ وَأَوْلَادِكُمْ عَدُوًّا لَّكُمْ فَاحْذَرُوهُمْ ۚ وَإِن تَعْفُوا وَتَصْفَحُوا وَتَغْفِرُوا فَإِنَّ اللَّهَ غَفُورٌ رَّحِيمٌ (14) ",
    "tafsir" : "يقول تعالى مخبرا عن الأزواج والأولاد : إن منهم من هو عدو الزوج والوالد ، بمعنى : أنه يلتهى به عن العمل الصالح ، كقوله : ( يا أيها الذين آمنوا لا تلهكم أموالكم ولا أولادكم عن ذكر الله ومن يفعل ذلك فأولئك هم الخاسرون )[ . : 9 ] ; ولهذا قال ها هنا : ( فاحذروهم ) قال ابن زيد : يعني على دينكم .\nوقال مجاهد : ( إن من أزواجكم وأولادكم عدوا لكم ) قال : يحمل الرجل على قطيعة الرحم أو معصية ربه ، فلا يستطيع الرجل مع حبه إلا أن يطيعه . وقال ابن أبي حاتم حدثنا أبي ، حدثنا محمد بن خلف العسقلاني ، حدثنا الفريابي ، حدثنا إسرائيل ، حدثنا سماك بن حرب ، عن عكرمة ، عن ابن عباس - وسأله رجل عن هذه الآية : ( يا أيها الذين آمنوا إن من أزواجكم وأولادكم عدوا لكم فاحذروهم ) - قال : فهؤلاء رجال أسلموا من مكة فأرادوا أن يأتوا رسول الله - صلى الله عليه وسلم - فأبى أزواجهم وأولادهم أن يدعوهم ، فلما أتوا رسول الله - صلى الله عليه وسلم - رأوا الناس قد فقهوا في الدين ، فهموا أن يعاقبوهم ، فأنزل الله هذه الآية : ( وإن تعفوا وتصفحوا وتغفروا فإن الله غفور رحيم )\nوكذا رواه الترمذي ، عن محمد بن يحيى ، عن الفريابي - وهو محمد بن يوسف - به ، وقال : حسن صحيح . ورواه ابن جرير ، والطبراني من حديث إسرائيل به وروي من طريق العوفي ، عن ابن عباس ، نحوه ، وهكذا قال عكرمة مولاه سواء ."
  }, {
    "id" : 15,
    "eya" : "إِنَّمَا أَمْوَالُكُمْ وَأَوْلَادُكُمْ فِتْنَةٌ ۚ وَاللَّهُ عِندَهُ أَجْرٌ عَظِيمٌ (15) ",
    "tafsir" : "وقوله : ( إنما أموالكم وأولادكم فتنة والله عنده أجر عظيم ) يقول تعالى : إنما الأموال والأولاد فتنة ، أي : اختبار وابتلاء من الله لخلقه . ليعلم من يطيعه ممن يعصيه .( والله عنده ) أي : يوم القيامة ( أجر عظيم ) كما قال : ( زين للناس حب الشهوات من النساء والبنين والقناطير المقنطرة من الذهب والفضة والخيل المسومة والأنعام والحرث ذلك متاع الحياة الدنيا والله عنده حسن المآب ) والتي بعدها [ آل عمران : 14 ، 15 ]\nوقال الإمام أحمد : حدثنا زيد بن الحباب ، حدثني حسين بن واقد ، حدثني عبد الله بن بريدة ، سمعت أبي بريدة يقول : كان رسول الله - صلى الله عليه وسلم - يخطب ، فجاء الحسن والحسين رضي الله عنهما ، عليهما قميصان أحمران يمشيان ويعثران ، فنزل رسول الله - صلى الله عليه وسلم - من المنبر فحملهما فوضعهما بين يديه ، ثم قال : \" صدق الله ورسوله ، إنما أموالكم وأولادكم فتنة ، نظرت إلى هذين الصبيين يمشيان ويعثران فلم أصبر حتى قطعت حديثي ورفعتهما \"\nورواه أهل السنن من حديث حسين بن واقد ، به ، وقال الترمذي : حسن غريب ، إنما نعرفه من حديثه .\nوقال الإمام أحمد : حدثنا سريج بن النعمان ، حدثنا هشيم ، أخبرنا مجالد ، عن الشعبي ، حدثنا الأشعث بن قيس قال : قدمت على رسول الله - صلى الله عليه وسلم - في وفد كندة فقال لي : \" هل لك من ولد ؟ \" قلت : غلام ولد لي في مخرجي إليك من ابنة جمد ، ولوددت أن بمكانه شبع القوم . قال : \" لا تقولن ذلك ، فإن فيهم قرة عين ، وأجرا إذا قبضوا \" ، ثم قال : \" ولئن قلت ذاك : إنهم لمجبنة محزنة \" تفرد به أحمد رحمه الله تعالى .\nوقال الحافظ أبو بكر البزار : حدثنا محمود بن بكر ، حدثنا أبي ، عن عيسى بن أبي وائل ، عن ابن أبي ليلى ، عن عطية ، عن أبي سعيد قال : قال رسول الله - صلى الله عليه وسلم - : \" الولد ثمرة القلوب ، وإنهم مجبنة مبخلة محزنة \" ثم قال : لا يعرف إلا بهذا الإسناد\nوقال الطبراني : حدثنا هاشم بن مرثد ، حدثنا محمد بن إسماعيل بن عياش ، حدثني أبي ، حدثني ضمضم بن زرعة ، عن شريح بن عبيد ، عن أبي مالك الأشعري ; أن رسول الله - صلى الله عليه وسلم - قال : \" ليس عدوك الذي إن قتلته كان فوزا لك ، وإن قتلك دخلت الجنة ، ولكن الذي لعله عدو لك ولدك الذي خرج من صلبك ، ثم أعدى عدو لك مالك الذي ملكت يمينك \""
  }, {
    "id" : 16,
    "eya" : "فَاتَّقُوا اللَّهَ مَا اسْتَطَعْتُمْ وَاسْمَعُوا وَأَطِيعُوا وَأَنفِقُوا خَيْرًا لِّأَنفُسِكُمْ ۗ وَمَن يُوقَ شُحَّ نَفْسِهِ فَأُولَٰئِكَ هُمُ الْمُفْلِحُونَ (16) ",
    "tafsir" : "وقوله تعالى : ( فاتقوا الله ما استطعتم ) أي : جهدكم وطاقتكم . كما ثبت في الصحيحين عن أبي هريرة رضي الله عنه ، قال : قال رسول الله - صلى الله عليه وسلم - : \" إذا أمرتكم بأمر فائتوا منه ما استطعتم ، وما نهيتكم عنه فاجتنبوه \"\nوقد قال بعض المفسرين - كما رواه مالك ، عن زيد بن أسلم - إن هذه الآية العظيمة ناسخة للتي في \" آل عمران \" وهي قوله : ( ياأيها الذين آمنوا اتقوا الله حق تقاته ولا تموتن إلا وأنتم مسلمون )[ آل عمران : 102 ]\nقال ابن أبي حاتم : حدثنا أبو زرعة ، حدثني يحيى بن عبد الله بن بكير ، حدثني ابن لهيعة ، حدثني عطاء - هو ابن دينار - عن سعيد بن جبير في قوله : ( اتقوا الله حق تقاته ولا تموتن إلا وأنتم مسلمون ) قال : لما نزلت الآية اشتد على القوم العمل ، فقاموا حتى ورمت عراقيبهم وتقرحت جباههم ، فأنزل الله تخفيفا على المسلمين : ( فاتقوا الله ما استطعتم ) فنسخت الآية الأولى .\nوروي عن أبي العالية ، وزيد بن أسلم ، وقتادة ، والربيع بن أنس ، والسدي ، ومقاتل بن حيان نحو ذلك .( واسمعوا وأطيعوا ) أي : كونوا منقادين لما يأمركم الله به ورسوله ، ولا تحيدوا عنه يمنة ولا يسرة ، ولا تقدموا بين يدي الله ورسوله ، ولا تتخلفوا عما به أمرتم ، ولا تركبوا ما عنه زجرتم .\nوقوله تعالى : ( وأنفقوا خيرا لأنفسكم ) أي : وابذلوا مما رزقكم الله على الأقارب والفقراء والمساكين وذوي الحاجات ، وأحسنوا إلى خلق الله كما أحسن إليكم ، يكن خيرا لكم في الدنيا والآخرة ، وإن لا تفعلوا يكن شرا لكم في الدنيا والآخرة .( ومن يوق شح نفسه فأولئك هم المفلحون ) تقدم تفسيره في سورة \" الحشر \" وذكر الأحاديث الواردة في معنى هذه الآية ، بما أغنى عن إعادته ها هنا ، ولله الحمد والمنة ،"
  }, {
    "id" : 17,
    "eya" : "إِن تُقْرِضُوا اللَّهَ قَرْضًا حَسَنًا يُضَاعِفْهُ لَكُمْ وَيَغْفِرْ لَكُمْ ۚ وَاللَّهُ شَكُورٌ حَلِيمٌ (17) ",
    "tafsir" : "وقوله : ( إن تقرضوا الله قرضا حسنا يضاعفه لكم ويغفر لكم ) أي : مهما أنفقتم من شيء فهو يخلفه ، ومهما تصدقتم من شيء فعليه جزاؤه ، ونزل ذلك منزلة القرض له ، كما ثبت في الصحيح أن الله تعالى يقول : \" من يقرض غير ظلوم ولا عديم \" ولهذا قال : ( يضاعفه لكم ) كما تقدم في سورة البقرة : ( فيضاعفه له أضعافا كثيرة )[ البقرة : 245 ]( ويغفر لكم ) أي : ويكفر عنكم السيئات . ولهذا قال : ( والله شكور ) أي : يجزي على القليل بالكثير ( حليم ) أي : يعفو ويصفح ويغفر ويستر ، ويتجاوز عن الذنوب والزلات والخطايا والسيئات ."
  }, {
    "id" : 18,
    "eya" : "عَالِمُ الْغَيْبِ وَالشَّهَادَةِ الْعَزِيزُ الْحَكِيمُ (18) ",
    "tafsir" : "\" عالم الغيب والشهادة \" أي يعلم كل شيء مما يشاهده العباد ومما يغيب عنهم ولا يخفى عليه منه شيء \" العزيز الحكيم \" أي ذو العزة والحكمة في شرعه وقدره."
  } ]
}