{
  "id" : 67,
  "nbAya" : 30,
  "name" : "المُلْك",
  "type" : "مكيَّة",
  "ayets" : [ {
    "id" : 1,
    "eya" : "تَبَارَكَ الَّذِي بِيَدِهِ الْمُلْكُ وَهُوَ عَلَىٰ كُلِّ شَيْءٍ قَدِيرٌ (1) ",
    "tafsir" : "تفسير سورة الملك وهي مكية .\nقال أحمد : حدثنا حجاج بن محمد ، وابن جعفر قالا : حدثنا شعبة ، عن قتادة ، عن عباس الجشمي ، عن أبي هريرة ، عن رسول الله - صلى الله عليه وسلم - قال : \" إن سورة في القرآن ثلاثين آية شفعت لصاحبها حتى غفر له : \" تبارك الذي بيده الملك \" .\nورواه أهل السنن الأربعة ، من حديث شعبة به ، وقال الترمذي : هذا حديث حسن .\nوقد روى الطبراني ، والحافظ الضياء المقدسي ، من طريق سلام بن مسكين ، عن ثابت ، عن أنس قال : قال رسول الله - صلى الله عليه وسلم - : \" سورة في القرآن خاصمت عن صاحبها حتى أدخلته الجنة : \" تبارك الذي بيده الملك \" .\nوقال الترمذي : حدثنا محمد بن عبد الملك بن أبي الشوارب ، حدثنا يحيى بن مالك النكري ، عن أبيه ، عن أبي الجوزاء عن ابن عباس قال : ضرب بعض أصحاب النبي - صلى الله عليه وسلم - خباءه على قبر ، وهو لا يحسب أنه قبر إنسان يقرأ سورة الملك حتى ختمها ، فأتى النبي - صلى الله عليه وسلم - فقال : يا رسول الله ، ضربت خبائي على قبر وأنا لا أحسب أنه قبر ، فإذا إنسان يقرأ سورة الملك \" تبارك \" حتى ختمها ، فقال رسول الله - صلى الله عليه وسلم - : \" هي المانعة ، هي المنجية ، تنجيه من عذاب القبر \" ثم قال : \" هذا حديث غريب من هذا الوجه . وفي الباب عن أبي هريرة . ثم روى الترمذي أيضا من طريق ليث بن أبي سليم ، عن أبي الزبير ، عن جابر : أن رسول الله - صلى الله عليه وسلم - كان لا ينام حتى يقرأ \" الم تنزيل \" سورة السجدة ، و \" تبارك الذي بيده الملك \" . وقال ليث ، عن طاوس : يفضلان كل سورة في القرآن بسبعين حسنة .\nوقال الطبراني : حدثنا محمد بن الحسين بن عجلان الأصبهاني ، حدثنا سلمة بن شبيب ، حدثنا إبراهيم بن الحكم بن أبان ، عن أبيه ، عن عكرمة عن ابن عباس قال : قال رسول الله - صلى الله عليه وسلم - : \" لوددت أنها في قلب كل إنسان من أمتي \"\" تبارك الذي بيده الملك \"\nهذا حديث غريب ، وإبراهيم ضعيف ، وقد تقدم مثله في سورة \" يس \" وقد روى هذا الحديث عبد بن حميد في مسنده بأبسط من هذا ، فقال :\nحدثنا إبراهيم بن الحكم ، عن أبيه ، عن عكرمة ، عن ابن عباس أنه قال لرجل : ألا أتحفك بحديث تفرح به ؟ قال : بلى . قال اقرأ : \" تبارك الذي بيده الملك \" ، وعلمها أهلك ، وجميع ولدك ، وصبيان بيتك ، وجيرانك ، ، فإنها المنجية والمجادلة ، تجادل - أو تخاصم - يوم القيامة عند ربها لقارئها ، وتطلب له أن ينجيه من عذاب النار ، وينجي بها صاحبها من عذاب القبر ; قال رسول الله - صلى الله عليه وسلم - : \" لوددت أنها في قلب كل إنسان من أمتي \"\nوقد روى الحافظ ابن عساكر في تاريخه ، في ترجمة أحمد بن نصر بن زياد أبي عبد الله القرشي النيسابوري المقرئ الزاهد الفقيه ، أحد الثقات الذين روى عنهم البخاري ، ومسلم ولكن في غير الصحيحين ، وروى عنه الترمذي ، وابن ماجه ، وابن خزيمة . وعليه تفقه في مذهب أبي عبيد بن حربويه وخلق سواهم ، ساق بسنده من حديثه عن فرات بن السائب ، عن الزهري ، عن أنس بن مالك قال : قال رسول الله - صلى الله عليه وسلم - : \" إن رجلا ممن كان قبلكم مات ، وليس معه شيء من كتاب الله إلا \"\" ، فلما وضع في حفرته أتاه الملك فثارت السورة في وجهه ، فقال لها : إنك من كتاب الله ، وأنا أكره مساءتك ، وإني لا أملك لك ولا له ولا لنفسي ضرا ولا نفعا ، فإن أردت هذا به فانطلقي إلى الرب تبارك وتعالى فاشفعي له . فتنطلق إلى الرب فتقول : يا رب ، إن فلانا عمد إلي من بين كتابك فتعلمني ، وتلاني أفتحرقه أنت بالنار ، وتعذبه ، وأنا في جوفه ؟ فإن كنت فاعلا ذاك به فامحني من كتابك . فيقول : ألا أراك غضبت ؟ فتقول : وحق لي أن أغضب . فيقول : اذهبي فقد وهبته لك ، وشفعتك فيه . قال : فتجيء فيخرج الملك ، فيخرج كاسف البال لم يحل منه بشيء . قال : فتجيء فتضع فاها على فيه ، فتقول مرحبا بهذا الفم ، فربما تلاني ، ومرحبا بهذا الصدر ، فربما وعاني ، ومرحبا بهاتين القدمين ، فربما قامتا بي . وتؤنسه في قبره مخافة الوحشة عليه \" . قال : فلما حدث بهذا رسول الله - صلى الله عليه وسلم - لم يبق صغير ، ولا كبير ، ولا حر ، ولا عبد ، إلا تعلمها ، وسماها رسول الله - صلى الله عليه وسلم - المنجية .\nقلت : وهذا حديث منكر جدا وفرات بن السائب هذا ضعفه الإمام أحمد ، ويحيى بن معين ، والبخاري ، وأبو حاتم ، والدارقطني ، وغير واحد . وقد ذكره ابن عساكر من وجه آخر ، عن الزهري من قوله مختصرا . وروى البيهقي في كتاب \" إثبات عذاب القبر \" عن ابن مسعود موقوفا ، ومرفوعا ما يشهد لهذا ، وقد كتبناه في كتاب الجنائز من الأحكام الكبرى ، ولله الحمد .\nيمجد تعالى نفسه الكريمة ، ويخبر أنه بيده الملك ، أي : هو المتصرف في جميع المخلوقات بما يشاء لا معقب لحكمه ، ولا يسأل عما يفعل لقهره وحكمته وعدله . ولهذا قال : ( وهو على كل شيء قدير )"
  }, {
    "id" : 2,
    "eya" : "الَّذِي خَلَقَ الْمَوْتَ وَالْحَيَاةَ لِيَبْلُوَكُمْ أَيُّكُمْ أَحْسَنُ عَمَلًا ۚ وَهُوَ الْعَزِيزُ الْغَفُورُ (2) ",
    "tafsir" : "ثم قال : ( الذي خلق الموت والحياة ) واستدل بهذه الآية من قال : إن الموت أمر وجودي لأنه مخلوق . ومعنى الآية : أنه أوجد الخلائق من العدم ، ليبلوهم ، ويختبرهم أيهم أحسن عملا ؟ كما قال : ( كيف تكفرون بالله وكنتم أمواتا فأحياكم )[ البقرة : 28 ] فسمى الحال الأول - وهو العدم - موتا ، وسمى هذه النشأة حياة . ولهذا قال : ( ثم يميتكم ثم يحييكم )[ البقرة : 28 ]\nوقال ابن أبي حاتم : حدثنا أبو زرعة ، حدثنا صفوان ، حدثنا الوليد ، حدثنا خليد ، عن قتادة في قوله : ( الذي خلق الموت والحياة ) قال : كان رسول الله - صلى الله عليه وسلم - يقول : \" إن الله أذل بني آدم بالموت ، وجعل الدنيا دار حياة ، ثم دار موت ، وجعل الآخرة دار جزاء ، ثم دار بقاء \"\nورواه معمر ، عن قتادة .( ليبلوكم أيكم أحسن عملا ) أي : خير عملا كما قال محمد بن عجلان : ولم يقل أكثر عملا .( وهو العزيز الغفور ) أي : هو العزيز العظيم المنيع الجناب ، وهو مع ذلك غفور لمن تاب إليه وأناب ، بعدما عصاه وخالف أمره ، وإن كان تعالى عزيزا ، هو مع ذلك يغفر ، ويرحم ، ويصفح ، ويتجاوز ."
  }, {
    "id" : 3,
    "eya" : "الَّذِي خَلَقَ سَبْعَ سَمَاوَاتٍ طِبَاقًا ۖ مَّا تَرَىٰ فِي خَلْقِ الرَّحْمَٰنِ مِن تَفَاوُتٍ ۖ فَارْجِعِ الْبَصَرَ هَلْ تَرَىٰ مِن فُطُورٍ (3) ",
    "tafsir" : "ثم قال : ( الذي خلق سبع سماوات طباقا ) أي : طبقة بعد طبقة ، وهل هن متواصلات بمعنى أنهن علويات بعضهم على بعض ، أو متفاصلات بينهن خلاء ؟ فيه قولان ، أصحهما الثاني ، كما دل على ذلك حديث الإسراء وغيره .( ما ترى في خلق الرحمن من تفاوت ) أي : بل هو مصطحب مستو ، ليس فيه اختلاف ، ولا تنافر ، ولا مخالفة ، ولا نقص ، ولا عيب ، ولا خلل ; ولهذا قال : ( فارجع البصر هل ترى من فطور ) أي : انظر إلى السماء فتأملها ، هل ترى فيها عيبا ، أو نقصا ، أو خللا ; أو فطورا ؟ .\nقال ابن عباس ، ومجاهد ، والضحاك ، والثوري ، وغيرهم في قوله : ( فارجع البصر هل ترى من فطور ) أي : شقوق .\nوقال السدي : ( هل ترى من فطور ) أي : من خروق . وقال ابن عباس في رواية : ( من فطور ) أي : من وهي ، وقال قتادة : ( هل ترى من فطور ) أي : هل ترى خللا يا ابن آدم ؟ ."
  }, {
    "id" : 4,
    "eya" : "ثُمَّ ارْجِعِ الْبَصَرَ كَرَّتَيْنِ يَنقَلِبْ إِلَيْكَ الْبَصَرُ خَاسِئًا وَهُوَ حَسِيرٌ (4) ",
    "tafsir" : "وقوله : ( ثم ارجع البصر كرتين ) قال : مرتين . ( ينقلب إليك البصر خاسئا ) قال ابن عباس : ذليلا ؟ وقال مجاهد ، وقتادة : صاغرا .( وهو حسير ) قال ابن عباس : يعني : وهو كليل . وقال مجاهد ، وقتادة ، والسدي : الحسير : المنقطع من الإعياء .\nومعنى الآية : إنك لو كررت البصر ، مهما كررت ، لانقلب إليك ، أي : لرجع إليك البصر ، ( خاسئا ) عن أن يرى عيبا أو خللا ( وهو حسير ) أي : كليل قد انقطع من الإعياء من كثرة التكرر ، ولا يرى نقصا ."
  }, {
    "id" : 5,
    "eya" : "وَلَقَدْ زَيَّنَّا السَّمَاءَ الدُّنْيَا بِمَصَابِيحَ وَجَعَلْنَاهَا رُجُومًا لِّلشَّيَاطِينِ ۖ وَأَعْتَدْنَا لَهُمْ عَذَابَ السَّعِيرِ (5) ",
    "tafsir" : "ولما نفى عنها في خلقها النقص بين كمالها وزينتها فقال : ( ولقد زينا السماء الدنيا بمصابيح ) وهي الكواكب التي وضعت فيها من السيارات والثوابت .( وجعلناها رجوما للشياطين ) عاد الضمير في قوله : ( وجعلناها ) على جنس المصابيح لا على عينها ; لأنه لا يرمي بالكواكب التي في السماء ، بل بشهب من دونها ، وقد تكون مستمدة منها ، والله أعلم .( وأعتدنا لهم عذاب السعير ) أي : جعلنا للشياطين هذا الخزي في الدنيا ، وأعتدنا لهم عذاب السعير في الأخرى ، كما قال : في أول الصافات : ( إنا زينا السماء الدنيا بزينة الكواكب وحفظا من كل شيطان مارد لا يسمعون إلى الملإ الأعلى ويقذفون من كل جانب دحورا ولهم عذاب واصب إلا من خطف الخطفة فأتبعه شهاب ثاقب )[ الصافات : 6 - 10 ]\nقال قتادة : إنما خلقت هذه النجوم لثلاث خصال : خلقها الله زينة للسماء ، ورجوما للشياطين ، وعلامات يهتدى بها ، فمن تأول فيها غير ذلك فقد قال برأيه ، وأخطأ حظه ، وأضاع نصيبه ، وتكلف ما لا علم له به . رواه ابن جرير ، وابن أبي حاتم ."
  }, {
    "id" : 6,
    "eya" : "وَلِلَّذِينَ كَفَرُوا بِرَبِّهِمْ عَذَابُ جَهَنَّمَ ۖ وَبِئْسَ الْمَصِيرُ (6) ",
    "tafsir" : "يقول تعالى : ( و )( للذين كفروا بربهم عذاب جهنم وبئس المصير ) أي : بئس المآل والمنقلب ."
  }, {
    "id" : 7,
    "eya" : "إِذَا أُلْقُوا فِيهَا سَمِعُوا لَهَا شَهِيقًا وَهِيَ تَفُورُ (7) ",
    "tafsir" : "( إذا ألقوا فيها سمعوا لها شهيقا ) قال ابن جرير : يعني الصياح .( وهي تفور ) قال الثوري : تغلي بهم كما يغلي الحب القليل في الماء الكثير ."
  }, {
    "id" : 8,
    "eya" : "تَكَادُ تَمَيَّزُ مِنَ الْغَيْظِ ۖ كُلَّمَا أُلْقِيَ فِيهَا فَوْجٌ سَأَلَهُمْ خَزَنَتُهَا أَلَمْ يَأْتِكُمْ نَذِيرٌ (8) ",
    "tafsir" : "وقوله : ( تكاد تميز من الغيظ ) أي : يكاد ينفصل بعضها من بعض ، من شدة غيظها عليهم وحنقها بهم ، ( كلما ألقي فيها فوج سألهم خزنتها ألم يأتكم نذير"
  }, {
    "id" : 9,
    "eya" : "قَالُوا بَلَىٰ قَدْ جَاءَنَا نَذِيرٌ فَكَذَّبْنَا وَقُلْنَا مَا نَزَّلَ اللَّهُ مِن شَيْءٍ إِنْ أَنتُمْ إِلَّا فِي ضَلَالٍ كَبِيرٍ (9) ",
    "tafsir" : "يذكر تعالى عدله في خلقه ، وأنه لا يعذب أحدا إلا بعد قيام الحجة عليه وإرسال الرسول إليه ، كما قال : ( وما كنا معذبين حتى نبعث رسولا )[ الإسراء : 15 ] وقال تعالى : ( حتى إذا جاءوها فتحت أبوابها وقال لهم خزنتها ألم يأتكم رسل منكم يتلون عليكم آيات ربكم وينذرونكم لقاء يومكم هذا قالوا بلى ولكن حقت كلمة العذاب على الكافرين )[ الزمر : 71 ] . وهكذا عادوا على أنفسهم بالملامة ، وندموا حيث لا تنفعهم الندامة ،"
  }, {
    "id" : 10,
    "eya" : "وَقَالُوا لَوْ كُنَّا نَسْمَعُ أَوْ نَعْقِلُ مَا كُنَّا فِي أَصْحَابِ السَّعِيرِ (10) ",
    "tafsir" : "فقالوا : ( لو كنا نسمع أو نعقل ما كنا في أصحاب السعير ) أي : لو كانت لنا عقول ننتفع بها أو نسمع ما أنزله الله من الحق ، لما كنا على ما كنا عليه من الكفر بالله والاغترار به ، ولكن لم يكن لنا فهم نعي به ما جاءت به الرسل ، ولا كان لنا عقل يرشدنا إلى اتباعهم ،"
  }, {
    "id" : 11,
    "eya" : "فَاعْتَرَفُوا بِذَنبِهِمْ فَسُحْقًا لِّأَصْحَابِ السَّعِيرِ (11) ",
    "tafsir" : "قال الله تعالى : ( فاعترفوا بذنبهم فسحقا لأصحاب السعير )\nقال الإمام أحمد : حدثنا محمد بن جعفر ، حدثنا ، شعبة ، عن عمرو بن مرة ، عن أبي البختري الطائي قال : أخبرني من سمعه من رسول الله - صلى الله عليه وسلم - أنه قال : \" لن يهلك الناس حتى يعذروا من أنفسهم \" وفي حديث آخر : \" لا يدخل أحد النار ، إلا وهو يعلم أن النار أولى به من الجنة \""
  }, {
    "id" : 12,
    "eya" : "إِنَّ الَّذِينَ يَخْشَوْنَ رَبَّهُم بِالْغَيْبِ لَهُم مَّغْفِرَةٌ وَأَجْرٌ كَبِيرٌ (12) ",
    "tafsir" : "يقول تعالى مخبرا عمن يخاف مقام ربه فيما بينه وبينه إذا كان غائبا عن الناس ، فينكف عن المعاصي ويقوم بالطاعات ، حيث لا يراه أحد إلا الله ، بأنه له مغفرة وأجر كبير ، أي : يكفر عنه ذنوبه ، ويجازى بالثواب الجزيل ، كما ثبت في الصحيحين : \" سبعة يظلهم الله تعالى في ظل عرشه يوم لا ظل إلا ظله \" ، فذكر منهم : \" رجلا دعته امرأة ذات منصب وجمال فقال : إني أخاف الله ، ورجلا تصدق بصدقة فأخفاها ، حتى لا تعلم شماله ما تنفق يمينه \"\nوقال الحافظ أبو بكر البزار في مسنده : حدثنا طالوت بن عباد ، حدثنا الحارث بن عبيد ، عن ثابت ، عن أنس قال : قالوا : يا رسول الله ، إنا نكون عندك على حال ، فإذا فارقناك كنا على غيره ؟ قال : \" كيف أنتم وربكم ؟ \" قالوا : الله ربنا في السر والعلانية . قال : \" ليس ذلكم النفاق \"\nلم يروه عن ثابت إلا الحارث بن عبيد فيما نعلمه ."
  }, {
    "id" : 13,
    "eya" : "وَأَسِرُّوا قَوْلَكُمْ أَوِ اجْهَرُوا بِهِ ۖ إِنَّهُ عَلِيمٌ بِذَاتِ الصُّدُورِ (13) ",
    "tafsir" : "ثم قال تعالى منبها على أنه مطلع على الضمائر والسرائر : ( وأسروا قولكم أو اجهروا به إنه عليم بذات الصدور ) أي : بما خطر في القلوب ."
  }, {
    "id" : 14,
    "eya" : "أَلَا يَعْلَمُ مَنْ خَلَقَ وَهُوَ اللَّطِيفُ الْخَبِيرُ (14) ",
    "tafsir" : "( ألا يعلم من خلق ) ؟ أي : ألا يعلم الخالق ؟ ! وقيل : معناه ألا يعلم الله مخلوقه ؟ والأول أولى ، لقوله : ( وهو اللطيف الخبير )"
  }, {
    "id" : 15,
    "eya" : "هُوَ الَّذِي جَعَلَ لَكُمُ الْأَرْضَ ذَلُولًا فَامْشُوا فِي مَنَاكِبِهَا وَكُلُوا مِن رِّزْقِهِ ۖ وَإِلَيْهِ النُّشُورُ (15) ",
    "tafsir" : "ثم ذكر نعمته على خلقه في تسخيره لهم الأرض ، وتذليله إياها لهم ، بأن جعلها قارة ساكنة لا تمتد ولا تضطرب بما جعل فيها من الجبال ، وأنبع فيها من العيون ، وسلك فيها من السبل ، وهيأها فيها من المنافع ومواضع الزروع والثمار ، فقال : ( هو الذي جعل لكم الأرض ذلولا فامشوا في مناكبها ) أي : فسافروا حيث شئتم من أقطارها ، وترددوا في أقاليمها وأرجائها في أنواع المكاسب والتجارات ، واعلموا أن سعيكم لا يجدي عليكم شيئا ، إلا أن ييسره الله لكم ; ولهذا قال : ( وكلوا من رزقه ) فالسعي في السبب لا ينافي التوكل كما قال الإمام أحمد :\nحدثنا أبو عبد الرحمن ، حدثنا حيوة ، أخبرني بكر بن عمرو أنه سمع عبد الله بن هبيرة يقول : إنه سمع أبا تميم الجيشاني يقول : إنه سمع عمر بن الخطاب يقول : إنه سمع رسول الله - صلى الله عليه وسلم - يقول : \" لو أنكم تتوكلون على الله حق توكله ، لرزقكم كما يرزق الطير ، تغدو خماصا وتروح بطانا \"\nرواه الترمذي ، والنسائي ، وابن ماجه من حديث ابن هبيرة وقال الترمذي : حسن صحيح . فأثبت لها رواحا وغدوا لطلب الرزق ، مع توكلها على الله ، عز وجل ، وهو المسخر المسير المسبب . ) وإليه النشور ) أي : المرجع يوم القيامة .\nقال ابن عباس ، ومجاهد ، وقتادة ، والسدي : ( مناكبها ) أطرافها ، وفجاجها ، ونواحيها . وقال ابن عباس ، وقتادة : ( مناكبها )\nوقال ابن أبي حاتم : حدثنا أبي ، حدثنا عمرو بن حكام الأزدي ، حدثنا شعبة ، عن قتادة ، عن يونس بن جبير ، عن بشير بن كعب : أنه قرأ هذه الآية : ( فامشوا في مناكبها ) فقال لأم ولد له : إن علمت ) مناكبها ) فأنت عتيقة . فقالت : هي الجبال . فسأل أبا الدرداء فقال : هي الجبال ."
  }, {
    "id" : 16,
    "eya" : "أَأَمِنتُم مَّن فِي السَّمَاءِ أَن يَخْسِفَ بِكُمُ الْأَرْضَ فَإِذَا هِيَ تَمُورُ (16) ",
    "tafsir" : "وهذا أيضا من لطفه ورحمته بخلقه أنه قادر على تعذيبهم ، بسبب كفر بعضهم به وعبادتهم معه غيره وهو مع هذا يحلم ويصفح ، ويؤجل ولا يعجل ، كما قال : ( ولو يؤاخذ الله الناس بما كسبوا ما ترك على ظهرها من دابة ولكن يؤخرهم إلى أجل مسمى فإذا جاء أجلهم فإن الله كان بعباده بصيرا )[ فاطر : 45 ]\nوقال ها هنا : ( أأمنتم من في السماء أن يخسف بكم الأرض فإذا هي تمور ) أي : تذهب وتجيء وتضطرب"
  }, {
    "id" : 17,
    "eya" : "أَمْ أَمِنتُم مَّن فِي السَّمَاءِ أَن يُرْسِلَ عَلَيْكُمْ حَاصِبًا ۖ فَسَتَعْلَمُونَ كَيْفَ نَذِيرِ (17) ",
    "tafsir" : "أم أمنتم من في السماء أن يرسل عليكم حاصبا ) أي : ريحا فيها حصباء تدمغكم ، كما قال : ( أفأمنتم أن يخسف بكم جانب البر أو يرسل عليكم حاصبا ثم لا تجدوا لكم وكيلا )[ الإسراء : 68 ] . وهكذا توعدهم ها هنا بقوله : ( فستعلمون كيف نذير ) أي : كيف يكون إنذاري وعاقبة من تخلف عنه وكذب به ."
  }, {
    "id" : 18,
    "eya" : "وَلَقَدْ كَذَّبَ الَّذِينَ مِن قَبْلِهِمْ فَكَيْفَ كَانَ نَكِيرِ (18) ",
    "tafsir" : "ثم قال : ( ولقد كذب الذين من قبلهم ) أي : من الأمم السالفة والقرون الخالية ، ( فكيف كان نكير ) أي : فكيف كان إنكاري عليهم ومعاقبتي لهم ؟ أي : عظيما شديدا أليما ."
  }, {
    "id" : 19,
    "eya" : "أَوَلَمْ يَرَوْا إِلَى الطَّيْرِ فَوْقَهُمْ صَافَّاتٍ وَيَقْبِضْنَ ۚ مَا يُمْسِكُهُنَّ إِلَّا الرَّحْمَٰنُ ۚ إِنَّهُ بِكُلِّ شَيْءٍ بَصِيرٌ (19) ",
    "tafsir" : "ثم قال تعالى : ( أولم يروا إلى الطير فوقهم صافات ويقبضن ) أي : تارة يصففن أجنحتهن في الهواء ، وتارة تجمع جناحا وتنشر جناحا ) ما يمسكهن ) أي : في الجو ) إلا الرحمن ) أي : بما سخر لهن من الهواء ، من رحمته ولطفه ، ( إنه بكل شيء بصير ) أي : بما يصلح كل شيء من مخلوقاته . وهذه كقوله : ( ألم يروا إلى الطير مسخرات في جو السماء ما يمسكهن إلا الله إن في ذلك لآيات لقوم يؤمنون )[ النحل : 79 ]"
  }, {
    "id" : 20,
    "eya" : "أَمَّنْ هَٰذَا الَّذِي هُوَ جُندٌ لَّكُمْ يَنصُرُكُم مِّن دُونِ الرَّحْمَٰنِ ۚ إِنِ الْكَافِرُونَ إِلَّا فِي غُرُورٍ (20) ",
    "tafsir" : "يقول تعالى للمشركين الذين عبدوا غيره ، يبتغون عندهم نصرا ورزقا ، منكرا عليهم فيما اعتقدوه ، ومخبرا لهم أنه لا يحصل لهم ما أملوه ، فقال : ( أمن هذا الذي هو جند لكم ينصركم من دون الرحمن ) أي : ليس لكم من دونه من ولي ولا واق ، ولا ناصر لكم غيره ; ولهذا قال : ( إن الكافرون إلا في غرور )"
  }, {
    "id" : 21,
    "eya" : "أَمَّنْ هَٰذَا الَّذِي يَرْزُقُكُمْ إِنْ أَمْسَكَ رِزْقَهُ ۚ بَل لَّجُّوا فِي عُتُوٍّ وَنُفُورٍ (21) ",
    "tafsir" : "ثم قال : ( أمن هذا الذي يرزقكم إن أمسك رزقه ) ؟ ! أي : من هذا الذي إذا قطع الله رزقه عنكم يرزقكم بعده ؟ ! أي : لا أحد يعطي ويمنع ويخلق ويرزق ، وينصر إلا الله ، عز وجل ، وحده لا شريك له ، أي : وهم يعلمون ذلك ، ومع هذا يعبدون غيره ; ولهذا قال : ( بل لجوا ) أي : استمروا في طغيانهم وإفكهم وضلالهم ) في عتو ونفور ) أي : معاندة ، واستكبارا ، ونفورا على أدبارهم عن الحق ، أي لا يسمعون له ولا يتبعونه ."
  }, {
    "id" : 22,
    "eya" : "أَفَمَن يَمْشِي مُكِبًّا عَلَىٰ وَجْهِهِ أَهْدَىٰ أَمَّن يَمْشِي سَوِيًّا عَلَىٰ صِرَاطٍ مُّسْتَقِيمٍ (22) ",
    "tafsir" : "ثم قال : ( أفمن يمشي مكبا على وجهه أهدى أمن يمشي سويا على صراط مستقيم ) ؟ : وهذا مثل ضربه الله للمؤمن والكافر ، فالكافر مثله فيما هو فيه كمثل من يمشي مكبا على وجهه ، أي : يمشي منحنيا لا مستويا على وجهه ، أي : لا يدري أين يسلك ، ولا كيف يذهب ؟ بل تائه حائر ضال ، أهذا أهدى ( أمن يمشي سويا ) أي : منتصب القامة ) على صراط مستقيم ) أي : على طريق واضح بين ، وهو في نفسه مستقيم ، وطريقه مستقيمة . هذا مثلهم في الدنيا ، وكذلك يكونون في الآخرة . فالمؤمن يحشر يمشي سويا على صراط مستقيم ، مفضى به إلى الجنة الفيحاء ، وأما الكافر فإنه يحشر يمشي على وجهه إلى نار جهنم ، ( احشروا الذين ظلموا وأزواجهم وما كانوا يعبدون من دون الله فاهدوهم إلى صراط الجحيم وقفوهم إنهم مسئولون ما لكم لا تناصرون بل هم اليوم مستسلمون )\nقال الإمام أحمد رحمه الله : حدثنا ابن نمير ، حدثنا إسماعيل ، عن نفيع ، قال : سمعت أنس بن مالك يقول : قيل : يا رسول الله ، كيف يحشر الناس على وجوههم ؟ فقال : \" أليس الذي أمشاهم على أرجلهم قادرا على أن يمشيهم على وجوههم \"\nوهذا الحديث مخرج في الصحيحين من طريق يونس بن محمد ، عن شيبان ، عن قتادة عن أنس به نحوه ."
  }, {
    "id" : 23,
    "eya" : "قُلْ هُوَ الَّذِي أَنشَأَكُمْ وَجَعَلَ لَكُمُ السَّمْعَ وَالْأَبْصَارَ وَالْأَفْئِدَةَ ۖ قَلِيلًا مَّا تَشْكُرُونَ (23) ",
    "tafsir" : "وقوله : ( قل هو الذي أنشأكم ) أي : ابتدأ خلقكم بعد أن لم تكونوا شيئا مذكورا ، ( وجعل لكم السمع والأبصار والأفئدة ) أي : العقول والإدراك ، ( قليلا ما تشكرون ) أي : ما أقل تستعملون هذه القوى التي أنعم الله بها عليكم ، في طاعته ، وامتثال أوامره ، وترك زواجره ."
  }, {
    "id" : 24,
    "eya" : "قُلْ هُوَ الَّذِي ذَرَأَكُمْ فِي الْأَرْضِ وَإِلَيْهِ تُحْشَرُونَ (24) ",
    "tafsir" : "( قل هو الذي ذرأكم في الأرض ) أي : بثكم ونشركم في أقطار الأرض وأرجائها ، مع اختلاف ألسنتكم في لغاتكم وألوانكم ، وحلاكم وأشكالكم وصوركم ، ( وإليه تحشرون ) أي : تجمعون بعد هذا التفرق والشتات ، يجمعكم كما فرقكم ويعيدكم كما بدأكم ."
  }, {
    "id" : 25,
    "eya" : "وَيَقُولُونَ مَتَىٰ هَٰذَا الْوَعْدُ إِن كُنتُمْ صَادِقِينَ (25) ",
    "tafsir" : "ثم قال مخبرا عن الكفار المنكرين للمعاد المستبعدين وقوعه : ( ويقولون متى هذا الوعد إن كنتم صادقين ) أي : متى يقع هذا الذي تخبرنا بكونه من الاجتماع بعد هذا التفرق ؟"
  }, {
    "id" : 26,
    "eya" : "قُلْ إِنَّمَا الْعِلْمُ عِندَ اللَّهِ وَإِنَّمَا أَنَا نَذِيرٌ مُّبِينٌ (26) ",
    "tafsir" : "( قل إنما العلم عند الله ) أي : لا يعلم وقت ذلك على التعيين إلا الله ، عز وجل ، لكنه أمرني أن أخبركم أن هذا كائن وواقع لا محالة فاحذروه ، ( وإنما أنا نذير مبين ) وإنما علي البلاغ ، وقد أديته إليكم ."
  }, {
    "id" : 27,
    "eya" : "فَلَمَّا رَأَوْهُ زُلْفَةً سِيئَتْ وُجُوهُ الَّذِينَ كَفَرُوا وَقِيلَ هَٰذَا الَّذِي كُنتُم بِهِ تَدَّعُونَ (27) ",
    "tafsir" : "قال الله تعالى : ( فلما رأوه زلفة سيئت وجوه الذين كفروا ) أي : لما قامت القيامة وشاهدها الكفار ، ورأوا أن الأمر كان قريبا ; لأن كل ما هو آت آت وإن طال زمنه ، فلما وقع ما كذبوا به ساءهم ذلك ، لما يعلمون ما لهم هناك من الشر ، أي : فأحاط بهم ذلك ، وجاءهم من أمر الله ما لم يكن لهم في بال ولا حساب ، ( وبدا لهم من الله ما لم يكونوا يحتسبون وبدا لهم سيئات ما كسبوا وحاق بهم ما كانوا به يستهزئون )[ الزمر : 47 ، 48 ] ; ولهذا يقال لهم على وجه التقريع والتوبيخ : ( هذا الذي كنتم به تدعون ) أي : تستعجلون ."
  }, {
    "id" : 28,
    "eya" : "قُلْ أَرَأَيْتُمْ إِنْ أَهْلَكَنِيَ اللَّهُ وَمَن مَّعِيَ أَوْ رَحِمَنَا فَمَن يُجِيرُ الْكَافِرِينَ مِنْ عَذَابٍ أَلِيمٍ (28) ",
    "tafsir" : "يقول تعالى : ( قل ) يا محمد لهؤلاء المشركين بالله الجاحدين لنعمه : ( أرأيتم إن أهلكني الله ومن معي أو رحمنا فمن يجير الكافرين من عذاب أليم ) أي : خلصوا أنفسكم ، فإنه لا منقذ لكم من الله إلا التوبة والإنابة ، والرجوع إلى دينه ، ولا ينفعكم وقوع ما تتمنون لنا من العذاب والنكال ، فسواء عذبنا الله أو رحمنا ، فلا مناص لكم من نكاله وعذابه الأليم الواقع بكم ."
  }, {
    "id" : 29,
    "eya" : "قُلْ هُوَ الرَّحْمَٰنُ آمَنَّا بِهِ وَعَلَيْهِ تَوَكَّلْنَا ۖ فَسَتَعْلَمُونَ مَنْ هُوَ فِي ضَلَالٍ مُّبِينٍ (29) ",
    "tafsir" : "ثم قال : ( قل هو الرحمن آمنا به وعليه توكلنا ) أي : آمنا برب العالمين الرحمن الرحيم ، وعليه توكلنا في جميع أمورنا ، كما قال : ( فاعبده وتوكل عليه )[ هود : 123 ] . ولهذا قال : ( فستعلمون من هو في ضلال مبين ) ؟ أي : منا ومنكم ، ولمن تكون العاقبة في الدنيا والآخرة ؟ ."
  }, {
    "id" : 30,
    "eya" : "قُلْ أَرَأَيْتُمْ إِنْ أَصْبَحَ مَاؤُكُمْ غَوْرًا فَمَن يَأْتِيكُم بِمَاءٍ مَّعِينٍ (30) ",
    "tafsir" : "ثم قال : ( قل أرأيتم إن أصبح ماؤكم غورا ) أي : ذاهبا في الأرض إلى أسفل ، فلا ينال بالفئوس الحداد ، ولا السواعد الشداد ، والغائر : عكس النابع ; ولهذا قال : ( فمن يأتيكم بماء معين ) أي : نابع سائح جار على وجه الأرض ، لا يقدر على ذلك إلا الله ، عز وجل ، فمن فضله وكرمه أن أنبع لكم المياه وأجراها في سائر أقطار الأرض ، بحسب ما يحتاج العباد إليه من القلة والكثرة ، فلله الحمد والمنة .[ آخر تفسير سورة \" تبارك \" ولله الحمد ]"
  } ]
}