{
  "id" : 68,
  "nbAya" : 52,
  "name" : "القَلَم",
  "type" : "مكيَّة",
  "ayets" : [ {
    "id" : 1,
    "eya" : "ن ۚ وَالْقَلَمِ وَمَا يَسْطُرُونَ (1) ",
    "tafsir" : "تفسير سورة \" ن \" وهي مدنية .\nقد تقدم الكلام على حروف الهجاء في أول \" سورة البقرة \" ، وأن قوله : ( ن )( ص ) ) ق ) ونحو ذلك من الحروف المقطعة في أوائل السور ، وتحرير القول في ذلك بما أغنى عن إعادته .\nوقيل : المراد بقوله : ( ن ) حوت عظيم على تيار الماء العظيم المحيط ، وهو حامل للأرضين السبع ، كما قال الإمام أبو جعفر بن جرير :\nحدثنا ابن بشار ، حدثنا يحيى ، حدثنا سفيان - هو الثوري - حدثنا سليمان - هو الأعمش - عن أبي ظبيان ، عن ابن عباس قال : أول ما خلق الله القلم قال : اكتب . قال : وما أكتب ؟ قال : اكتب القدر . فجرى بما يكون من ذلك اليوم إلى يوم قيام الساعة . ثم خلق \" النون \" ورفع بخار الماء ، ففتقت منه السماء ، وبسطت الأرض على ظهر النون ، فاضطرب النون فمادت الأرض ، فأثبتت بالجبال ، فإنها لتفخر على الأرض .\nوكذا رواه ابن أبي حاتم ، عن أحمد بن سنان ، عن أبي معاوية ، عن الأعمش به . وهكذا رواه شعبة ، ومحمد بن فضيل ، ووكيع ، عن الأعمش ، به . وزاد شعبة في روايته : ثم قرأ : ( ن والقلم وما يسطرون ) وقد رواه شريك ، عن الأعمش ، عن أبي ظبيان - أو مجاهد ، - عن ابن عباس فذكر نحوه . ورواه معمر ، عن الأعمش : أن ابن عباس قال . . . فذكره ، ثم قرأ : ( ن والقلم وما يسطرون ) ثم قال ابن جرير : حدثنا ابن حميد ، حدثنا جرير ، عن عطاء ، عن أبي الضحى ، عن ابن عباس قال : إن أول شيء خلق ربي عز وجل القلم ، ثم قال له : اكتب . فكتب ما هو كائن إلى أن تقوم الساعة . ثم خلق \" النون \" فوق الماء ، ثم كبس الأرض عليه .\nوقد روى الطبراني ذلك مرفوعا فقال : حدثنا أبو حبيب زيد بن المهتدي المروذي ، حدثنا سعيد بن يعقوب الطالقاني ، حدثنا مؤمل بن إسماعيل ، حدثنا حماد بن زيد ، عن عطاء بن السائب ، عن أبي الضحى مسلم بن صبيح ، عن ابن عباس قال : قال رسول الله - صلى الله عليه وسلم - : \" إن أول ما خلق الله القلم والحوت ، قال للقلم : اكتب ، قال : ما أكتب ؟ قال : كل شيء كائن إلى يوم القيامة \" . ثم قرأ : ( ن والقلم وما يسطرون ) فالنون : الحوت . والقلم : القلم .\nحديث آخر في ذلك : رواه ابن عساكر ، عن أبي عبد الله مولى بني أمية ، عن أبي صالح ، عن أبي هريرة : سمعت رسول الله - صلى الله عليه وسلم - يقول : \" إن أول شيء خلقه الله القلم ، ثم خلق \"\" وهي : الدواة . ثم قال له : اكتب . قال وما أكتب ؟ قال : اكتب ما يكون - أو : ما هو كائن - من عمل ، أو رزق ، أو أثر ، أو أجل . فكتب ذلك إلى يوم القيامة ، فذلك قوله : ( ن والقلم وما يسطرون ) ثم ختم على القلم فلم يتكلم إلى يوم القيامة ، ثم خلق العقل وقال : وعزتي لأكملنك فيمن أحببت ، ولأنقصنك ممن أبغضت \"\nوقال ابن أبي نجيح : إن إبراهيم بن أبي بكر أخبره عن مجاهد قال : كان يقال : النون : الحوت العظيم الذي تحت الأرض السابعة .\nوذكر البغوي وجماعة من المفسرين : إن على ظهر هذا الحوت صخرة سمكها كغلظ السماوات والأرض ، وعلى ظهرها ثور له أربعون ألف قرن ، وعلى متنه الأرضون السبع وما فيهن وما بينهن فالله أعلم . ومن العجيب أن بعضهم حمل على هذا المعنى الحديث الذي رواه الإمام أحمد :\nحدثنا إسماعيل ، حدثنا حميد ، عن أنس : أن عبد الله بن سلام بلغه مقدم رسول الله - صلى الله عليه وسلم - المدينة ، فأتاه فسأله عن أشياء ، قال : إني سائلك عن أشياء لا يعلمها إلا نبي ، قال : ما أول أشراط الساعة ؟ وما أول طعام يأكله أهل الجنة ؟ وما بال الولد ينزع إلى أبيه ؟ والولد ينزع إلى أمه ؟ قال : \" أخبرني بهن جبريل آنفا \" . قال ابن سلام : فذاك عدو اليهود من الملائكة . قال : \" أما أول أشراط الساعة فنار تحشرهم من المشرق إلى المغرب . وأول طعام يأكله أهل الجنة زيادة كبد حوت . وأما الولد فإذا سبق ماء الرجل ماء المرأة نزع الولد ، وإذا سبق ماء المرأة ماء الرجل نزعت \"\nورواه البخاري من طرق عن حميد ، ورواه مسلم أيضا ، وله من حديث ثوبان - مولى رسول الله - صلى الله عليه وسلم - نحو هذا . وفي صحيح مسلم من حديث أبي أسماء الرحبي ، عن ثوبان : أن حبرا سأل رسول الله - صلى الله عليه وسلم - عن مسائل ، فكان منها أن قال : فما تحفتهم ؟ - يعني أهل الجنة حين يدخلون الجنة - قال : \" زيادة كبد الحوت \" . قال : فما غذاؤهم على أثرها ؟ قال : \" ينحر لهم ثور الجنة الذي كان يأكل من أطرافها \" . قال : فما شرابهم عليه ؟ قال : \" من عين فيها تسمى سلسبيلا \"\nوقيل : المراد بقوله : ( ن ) لوح من نور .\nقال ابن جرير : حدثنا الحسين بن شبيب المكتب ، حدثنا محمد بن زياد الجزري ، عن فرات بن أبي الفرات ، عن معاوية بن قرة ، عن أبيه قال : قال رسول الله - صلى الله عليه وسلم - : \" ( ن والقلم وما يسطرون ) لوح من نور ، وقلم من نور ، يجري بما هو كائن إلى يوم القيامة \" وهذا مرسل غريب .\nوقال ابن جريج أخبرت أن ذلك القلم من نور طوله مائة عام .\nوقيل : المراد بقوله : ( ن ) دواة ، والقلم : القلم . قال ابن جرير :\nحدثنا عبد الأعلى ، حدثنا ابن ثور ، عن معمر ، عن الحسن ، وقتادة في قوله : ( ن ) قالا هي الدواة .\nوقد روي في هذا حديث مرفوع غريب جدا ، فقال ابن أبي حاتم :\nحدثنا أبي ، حدثنا هشام بن خالد ، حدثنا الحسن بن يحيى ، حدثنا أبو عبد الله مولى بني أمية ، عن أبي صالح ، عن أبي هريرة قال : سمعت رسول الله - صلى الله عليه وسلم - يقول : \" خلق الله النون ، وهي الدواة \"\nوقال ابن جرير : حدثنا ابن حميد ، حدثنا يعقوب ، حدثنا أخي عيسى بن عبد الله ، حدثنا ثابت الثمالي ، عن ابن عباس قال : إن الله خلق النون - وهي الدواة - وخلق القلم ، فقال : اكتب . قال : وما أكتب ؟ قال : اكتب ما هو كائن إلى يوم القيامة من عمل معمول به بر ، أو فجور ، أو رزق مقسوم ، حلال ، أو حرام . ثم ألزم كل شيء من ذلك شأنه : دخوله في الدنيا ، ومقامه فيها كم ؟ وخروجه منها كيف ؟ ثم جعل على العباد حفظة ، وللكتاب خزانا ، فالحفظة ينسخون كل يوم من الخزان عمل ذلك اليوم ، فإذا فني الرزق وانقطع الأثر وانقضى الأجل أتت الحفظة الخزنة يطلبون عمل ذلك اليوم ، فتقول لهم الخزنة : ما نجد لصاحبكم عندنا شيئا فترجع الحفظة ، فيجدونهم قد ماتوا . قال : فقال ابن عباس : ألستم قوما عربا تسمعون الحفظة يقولون : ( إنا كنا نستنسخ ما كنتم تعملون )[ الجاثية : 29 ] ؟ وهل يكون الاستنساخ إلا من أصل .( والقلم ) الظاهر أنه جنس القلم الذي يكتب به كقوله ( اقرأ وربك الأكرم الذي علم بالقلم علم الإنسان ما لم يعلم )[ العلق : 3 - 5 ] . فهو قسم منه تعالى ، وتنبيه لخلقه على ما أنعم به عليهم من تعليم الكتابة التي بها تنال العلوم ; ولهذا قال : ( وما يسطرون ) قال ابن عباس ، ومجاهد ، وقتادة : يعني : وما يكتبون .\nوقال أبو الضحى ، عن ابن عباس : ( وما يسطرون ) أي : وما يعملون .\nوقال السدي : ( وما يسطرون ) يعني الملائكة وما تكتب من أعمال العباد .\nوقال آخرون : بل المراد ها هنا بالقلم الذي أجراه الله بالقدر حين كتب مقادير الخلائق قبل أن يخلق السماوات والأرضين بخمسين ألف سنة . وأوردوا في ذلك الأحاديث الواردة في ذكر القلم ، فقال ابن أبي حاتم :\nحدثنا أبو سعيد بن يحيى بن سعيد القطان ، ويونس بن حبيب قالا : حدثنا أبو داود الطيالسي ، حدثنا عبد الواحد بن سليم السلمي ، عن عطاء - هو ابن أبي رباح - حدثني الوليد بن عبادة بن الصامت قال : دعاني أبي حين حضره الموت فقال : إني سمعت رسول الله - صلى الله عليه وسلم - يقول : \" إن أول ما خلق الله القلم ، فقال له : اكتب . قال : يا رب وما أكتب ؟ قال : اكتب القدر [ ما كان ] وما هو كائن إلى الأبد \"\nوهذا الحديث قد رواه الإمام أحمد من طرق ، عن الوليد بن عبادة ، عن أبيه به . وأخرجه الترمذي من حديث أبي داود الطيالسي به . ، وقال : حسن صحيح غريب . ورواه أبو داود في كتاب \" السنة \" من سننه ، عن جعفر بن مسافر ، عن يحيى بن حسان ، عن ابن رباح ، عن إبراهيم بن أبي عبلة ، عن أبي حفصة - واسمه حبيش بن شريح الحبشي الشامي - عن عبادة فذكره .\nوقال ابن جرير : حدثنا محمد بن عبد الله الطوسي ، حدثنا علي بن الحسن بن شقيق ، أنبأنا عبد الله بن المبارك ، حدثنا رباح بن زيد ، عن عمر بن حبيب ، عن القاسم بن أبي بزة ، عن سعيد بن جبير ، عن ابن عباس : أنه كان يحدث أن رسول الله - صلى الله عليه وسلم - قال : \" إن أول شيء خلقه الله القلم ، فأمره ، فكتب كل شيء \" . غريب من هذا الوجه ، ولم يخرجوه\nوقال ابن أبي نجيح ، عن مجاهد : ( والقلم ) يعني : الذي كتب به الذكر . .( وما يسطرون ) أي : يكتبون كما تقدم ."
  }, {
    "id" : 2,
    "eya" : "مَا أَنتَ بِنِعْمَةِ رَبِّكَ بِمَجْنُونٍ (2) ",
    "tafsir" : "أي لست ولله الحمد بمجنون كما يقوله الجهلة من قومك المكذبون بما جئتهم به من الهدى والحق المبين فنسبوك فيه إلى الجنون."
  }, {
    "id" : 3,
    "eya" : "وَإِنَّ لَكَ لَأَجْرًا غَيْرَ مَمْنُونٍ (3) ",
    "tafsir" : "( وإن لك لأجرا غير ممنون ) أي : بل لك الأجر العظيم ، والثواب الجزيل الذي لا ينقطع ولا يبيد ، على إبلاغك رسالة ربك إلى الخلق ، وصبرك على أذاهم . ومعنى ) غير ممنون ) أي : غير مقطوع كقوله : ( عطاء غير مجذوذ )[ هود : 108 ]( فلهم أجر غير ممنون )[ التين : 6 ] أي : غير مقطوع عنهم . وقال مجاهد : ( غير ممنون ) أي : غير محسوب ، وهو يرجع إلى ما قلناه ."
  }, {
    "id" : 4,
    "eya" : "وَإِنَّكَ لَعَلَىٰ خُلُقٍ عَظِيمٍ (4) ",
    "tafsir" : "وقوله : ( وإنك لعلى خلق عظيم ) قال العوفي ، عن ابن عباس : أي : وإنك لعلى دين عظيم ، وهو الإسلام . وكذلك قال مجاهد ، وأبو مالك ، والسدي ، والربيع بن أنس ، والضحاك ، وابن زيد .\nوقال عطية : لعلى أدب عظيم . وقال معمر ، عن قتادة : سئلت عائشة عن خلق رسول الله - صلى الله عليه وسلم - . قالت : كان خلقه القرآن ، تقول كما هو في القرآن .\nوقال سعيد بن أبي عروبة ، عن قتادة قوله : ( وإنك لعلى خلق عظيم ) ذكر لنا أن سعد بن هشام سأل عائشة عن خلق رسول الله - صلى الله عليه وسلم - . فقالت : ألست تقرأ القرآن ؟ قال : بلى . قالت : فإن خلق رسول الله - صلى الله عليه وسلم - كان القرآن .\nوقال عبد الرزاق ، عن معمر ، عن قتادة ، عن زرارة بن أوفى ، عن سعد بن هشام قال : سألت عائشة فقلت : أخبريني يا أم المؤمنين - عن خلق رسول الله - صلى الله عليه وسلم - . فقالت : أتقرأ القرآن ؟ فقلت : نعم . فقالت : كان خلقه القرآن .\nهذا حديث طويل . وقد رواه الإمام مسلم في صحيحه ، من حديث قتادة بطوله ، وسيأتي في سورة \" المزمل \" إن شاء الله تعالى .\nوقال الإمام أحمد : حدثنا إسماعيل ، حدثنا يونس ، عن الحسن ، قال : سألت عائشة عن خلق رسول الله - صلى الله عليه وسلم - فقالت : كان خلقه القرآن .\nوقال الإمام أحمد : حدثنا أسود ، حدثنا شريك ، عن قيس بن وهب ، عن رجل من بني سواد قال : سألت عائشة عن خلق رسول الله - صلى الله عليه وسلم - . فقالت : أما تقرأ القرآن : ( وإنك لعلى خلق عظيم ) ؟ قال : قلت : حدثيني عن ذاك . قالت : صنعت له طعاما ، وصنعت له حفصة طعاما ، فقلت لجاريتي : اذهبي فإن جاءت هي بالطعام فوضعته قبل فاطرحي الطعام ! قالت : فجاءت بالطعام . قالت : فألقت الجارية ، فوقعت القصعة فانكسرت - وكان نطعا - قالت : فجمعه رسول الله وقال : \" اقتضوا - أو : اقتضي - شك أسود - ظرفا مكان ظرفك \" . قالت : فما قال شيئا .\nوقال ابن جرير : حدثنا عبيد بن آدم بن أبي إياس ، حدثنا أبي ، حدثنا المبارك بن فضالة ، عن الحسن ، عن سعد بن هشام : قال : أتيت عائشة أم المؤمنين فقلت لها : أخبريني بخلق النبي صلى لله عليه وسلم . فقالت : كان خلقه القرآن . أما تقرأ : ( وإنك لعلى خلق عظيم )\nوقد روى أبو داود ، والنسائي من حديث الحسن ، نحوه\nوقال ابن جرير : حدثني يونس ، أنبأنا ابن وهب ، وأخبرني معاوية بن صالح ، عن أبي الزاهرية ، عن جبير بن نفير قال : حججت ، فدخلت على عائشة رضي الله عنها ، فسألتها عن خلق رسول الله - صلى الله عليه وسلم - . فقالت : كان خلق رسول الله - صلى الله عليه وسلم - القرآن .\nوهكذا رواه أحمد ، عن عبد الرحمن بن مهدي . ورواه النسائي في التفسير ، عن إسحاق بن منصور ، عن عبد الرحمن بن مهدي ، عن معاوية بن صالح به\nومعنى هذا أنه ، عليه السلام ، صار امتثال القرآن أمرا ونهيا سجية له ، وخلقا تطبعه ، وترك طبعه الجبلي ، فمهما أمره القرآن فعله ، ومهما نهاه عنه تركه . هذا مع ما جبله الله عليه من الخلق العظيم ، من الحياء ، والكرم والشجاعة ، والصفح ، والحلم ، وكل خلق جميل . كما ثبت في الصحيحين عن أنس قال : خدمت رسول الله - صلى الله عليه وسلم - عشر سنين فما قال لي : \" أف \" قط ، ولا قال لشيء فعلته : لم فعلته ؟ ولا لشيء لم أفعله : ألا فعلته ؟ وكان - صلى الله عليه وسلم - أحسن الناس خلقا ، ولا مسست خزا ، ولا حريرا ، ولا شيئا كان ألين من كف رسول الله - صلى الله عليه وسلم - ولا شممت مسكا ولا عطرا كان أطيب من عرق رسول الله - صلى الله عليه وسلم -\nوقال البخاري : حدثنا أحمد بن سعيد أبو عبد الله ، حدثنا إسحاق بن منصور ، حدثنا إبراهيم بن يوسف ، عن أبيه ، عن أبي إسحاق قال : سمعت البراء يقول : كان رسول الله - صلى الله عليه وسلم - أحسن الناس وجها ، وأحسن الناس خلقا ، ليس بالطويل البائن ، ولا بالقصير\nوالأحاديث في هذا كثيرة ولأبي عيسى الترمذي في هذا كتاب \" الشمائل \"\nقال الإمام أحمد : حدثنا عبد الرزاق ، حدثنا معمر ، عن الزهري ، عن عروة ، عن عائشة قالت : ما ضرب رسول الله - صلى الله عليه وسلم - بيده خادما له قط ، ولا امرأة ، ولا ضرب بيده شيئا قط ، إلا أن يجاهد في سبيل الله . ولا خير بين شيئين قط إلا كان أحبهما إليه أيسرهما حتى يكون إثما ، فإذا كان إثما كان أبعد الناس من الإثم ، ولا انتقم لنفسه من شيء يؤتى إليه إلا أن تنتهك حرمات الله ، فيكون هو ينتقم لله ، عز وجل\nوقال الإمام أحمد : حدثنا سعيد بن منصور ، حدثنا عبد العزيز بن محمد ، عن محمد بن عجلان ، عن القعقاع بن حكيم ، عن أبي صالح ، عن أبي هريرة ، قال : قال رسول الله - صلى الله عليه وسلم - : \" إنما بعثت لأتمم صالح الأخلاق \" . تفرد به"
  }, {
    "id" : 5,
    "eya" : "فَسَتُبْصِرُ وَيُبْصِرُونَ (5) ",
    "tafsir" : "وقوله : ( فستبصر ويبصرون بأيكم المفتون ) أي : فستعلم يا محمد ، وسيعلم مخالفوك ومكذبوك : من المفتون الضال منك ومنهم . وهذا كقوله تعالى : ( سيعلمون غدا من الكذاب الأشر )[ القمر : 26 ] ، وكقوله : ( وإنا أو إياكم لعلى هدى أو في ضلال مبين )[ سبإ : 24 ]\nقال ابن جريج : قال ابن عباس في هذه الآية : ستعلم ويعلمون يوم القيامة ."
  }, {
    "id" : 6,
    "eya" : "بِأَييِّكُمُ الْمَفْتُونُ (6) ",
    "tafsir" : "وقال العوفي ، عن ابن عباس : ( بأيكم المفتون ) أي : الجنون . وكذا قال مجاهد وغيره . وقال قتادة وغيره : ( بأيكم المفتون ) أي : أولى بالشيطان .\nومعنى المفتون ظاهر ، أي : الذي قد افتتن عن الحق وضل عنه ، وإنما دخلت الباء في قوله : ( بأيكم المفتون ) لتدل على تضمين الفعل في قوله : ( فستبصر ويبصرون ) وتقديره : فستعلم ويعلمون ، أو : فستخبر ويخبرون بأيكم المفتون . والله أعلم ."
  }, {
    "id" : 7,
    "eya" : "إِنَّ رَبَّكَ هُوَ أَعْلَمُ بِمَن ضَلَّ عَن سَبِيلِهِ وَهُوَ أَعْلَمُ بِالْمُهْتَدِينَ (7) ",
    "tafsir" : "أي هو يعلم تعالى أي الفريقين منكم ومنهم هو المهتدي ويعلم الحزب الضال عن الحق."
  }, {
    "id" : 8,
    "eya" : "فَلَا تُطِعِ الْمُكَذِّبِينَ (8) ",
    "tafsir" : "يقول تعالى كما أنعمنا عليك وأعطيناك الشرع المستقيم والخلق العظيم \"فلا تطع المكذبين \""
  }, {
    "id" : 9,
    "eya" : "وَدُّوا لَوْ تُدْهِنُ فَيُدْهِنُونَ (9) ",
    "tafsir" : "\"ودوا لو تدهن فيدهنون\" قال ابن عباس: لو ترخص لهم فيرخصون.\"ودوا لو تدهن\" تركن إلى آلهتم وتترك ما أنت عليه من الحق."
  }, {
    "id" : 10,
    "eya" : "وَلَا تُطِعْ كُلَّ حَلَّافٍ مَّهِينٍ (10) ",
    "tafsir" : "ثم قال تعالى : ( ولا تطع كل حلاف مهين ) وذلك أن الكاذب لضعفه ومهانته إنما يتقي بأيمانه الكاذبة التي يجترئ بها على أسماء الله تعالى ، واستعمالها في كل وقت في غير محلها .\nقال ابن عباس : المهين الكاذب . وقال مجاهد : هو الضعيف القلب . قال الحسن : كل حلاف : مكابر ، مهين : ضعيف ."
  }, {
    "id" : 11,
    "eya" : "هَمَّازٍ مَّشَّاءٍ بِنَمِيمٍ (11) ",
    "tafsir" : "وقوله ) هماز ) قال ابن عباس ، وقتادة : يعني الاغتياب .( مشاء بنميم ) يعني : الذي يمشي بين الناس ، ويحرش بينهم ، وينقل الحديث لفساد ذات البين وهي الحالقة ، وقد ثبت في الصحيحين من حديث مجاهد ، عن طاوس ، عن ابن عباس قال : مر رسول الله - صلى الله عليه وسلم - بقبرين فقال : \" إنهما ليعذبان وما يعذبان في كبير ، أما أحدهما فكان لا يستتر من البول ، وأما الآخر فكان يمشي بالنميمة \" الحديث . وأخرجه بقية الجماعة في كتبهم ، من طرق عن مجاهد به .\nوقال أحمد : حدثنا أبو معاوية ، حدثنا الأعمش ، عن إبراهيم ، عن همام أن حذيفة قال : سمعت رسول الله - صلى الله عليه وسلم - يقول : \" لا يدخل الجنة قتات \"\nرواه الجماعة - إلا ابن ماجه - من طرق ، عن إبراهيم به .\nوحدثنا عبد الرزاق ، حدثنا الثوري ، عن منصور ، عن إبراهيم ، عن همام ، عن حذيفة قال : سمعت رسول الله - صلى الله عليه وسلم - يقول : \" لا يدخل الجنة قتات \" يعني : نماما .\nوحدثنا يحيى بن سعيد القطان أبو سعيد الأحول ، عن الأعمش حدثني إبراهيم - منذ نحو ستين سنة - عن همام بن الحارث قال : مر رجل على حذيفة فقيل : إن هذا يرفع الحديث إلى الأمراء . فقال سمعت رسول الله - صلى الله عليه وسلم - يقول - أو : قال - : قال رسول الله - صلى الله عليه وسلم - : \" لا يدخل الجنة قتات \"\nوقال أحمد : حدثنا هاشم ، حدثنا مهدي ، عن واصل الأحدب ، عن أبي وائل قال : بلغ حذيفة عن رجل أنه ينم الحديث ، فقال : سمعت رسول الله - صلى الله عليه وسلم - قال : \" لا يدخل الجنة نمام \"\nوقال الإمام أحمد : حدثنا عبد الرزاق ، أنبأنا معمر ، عن ابن خثيم ، عن شهر بن حوشب ، عن أسماء بنت يزيد بن السكن أن النبي - صلى الله عليه وسلم - قال : \" ألا أخبركم بخياركم ؟ \" . قالوا : بلى يا رسول الله . قال : \" الذين إذا رءوا ذكر الله ، عز وجل \" . ثم قال : \" ألا أخبركم بشراركم ؟ المشاءون بالنميمة ، المفسدون بين الأحبة ، والباغون للبرآء العنت \"\nورواه ابن ماجه عن سويد بن سعيد ، عن يحيى بن سليم ، عن ابن خثيم به .\nوقال الإمام أحمد : حدثنا سفيان ، عن ابن أبي حسين ، عن شهر بن حوشب ، عن عبد الرحمن بن غنم - يبلغ به النبي - صلى الله عليه وسلم - : \" خيار عباد الله الذين إذا رءوا ذكر الله ، وشرار عباد الله المشاءون بالنميمة ، المفرقون بين الأحبة ، الباغون للبرآء العنت \""
  }, {
    "id" : 12,
    "eya" : "مَّنَّاعٍ لِّلْخَيْرِ مُعْتَدٍ أَثِيمٍ (12) ",
    "tafsir" : "أي يمنع ما عليه وما لديه من الخير \"معتد\" في تناول ما أحل الله له يتجاوز فيها الحد المشروع \"أثيم\" أي يتناول المحرمات."
  }, {
    "id" : 13,
    "eya" : "عُتُلٍّ بَعْدَ ذَٰلِكَ زَنِيمٍ (13) ",
    "tafsir" : "وقوله : ( عتل بعد ذلك زنيم ) أما العتل : فهو الفظ الغليظ الصحيح ، الجموع المنوع .\nوقال الإمام أحمد : حدثنا وكيع ، وعبد الرحمن ، عن سفيان ، عن معبد بن خالد ، عن حارثة بن وهب قال : قال رسول الله - صلى الله عليه وسلم - : \" ألا أنبئكم بأهل الجنة ؟ كل ضعيف متضعف لو أقسم على الله لأبره ، ألا أنبئكم بأهل النار ؟ كل عتل جواظ مستكبر \" . وقال وكيع : \" كل جواظ جعظري مستكبر \"\nأخرجاه في الصحيحين ، وبقية الجماعة إلا أبا داود من حديث سفيان الثوري ، وشعبة ، كلاهما عن معبد بن خالد به .\nوقال الإمام أحمد أيضا : حدثنا أبو عبد الرحمن ، حدثنا موسى بن علي ، قال : سمعت أبي يحدث عن عبد الله بن عمرو بن العاص أن النبي - صلى الله عليه وسلم - قال عند ذكر أهل النار : \" كل جعظري جواظ مستكبر جماع مناع \" . تفرد به أحمد .\nقال أهل اللغة : الجعظري : الفظ الغليظ ، والجواظ : الجموع المنوع .\nوقال الإمام أحمد : حدثنا وكيع ، حدثنا عبد الحميد ، عن شهر بن حوشب ، عن عبد الرحمن بن غنم قال : سئل رسول الله - صلى الله عليه وسلم - عن العتل الزنيم ، فقال : \" هو الشديد الخلق ، المصحح ، الأكول ، الشروب ، الواجد للطعام والشراب ، الظلوم للناس ، رحيب الجوف \"\nوبهذا الإسناد قال رسول الله - صلى الله عليه وسلم - : \" لا يدخل الجنة الجواظ الجعظري ، العتل الزنيم \" وقد أرسله أيضا غير واحد من التابعين .\nوقال ابن جرير : حدثنا ابن عبد الأعلى ، حدثنا ابن ثور ، عن معمر ، عن زيد بن أسلم قال : قال رسول الله - صلى الله عليه وسلم - : \" تبكي السماء من عبد أصح الله جسمه ، وأرحب جوفه ، وأعطاه من الدنيا مقضما ، فكان للناس ظلوما . قال : فذلك العتل الزنيم \"\nوهكذا رواه ابن أبي حاتم من طريقين مرسلين ، ونص عليه غير واحد من السلف ، منهم مجاهد ، وعكرمة ، والحسن ، وقتادة ، وغيرهم : أن العتل هو : المصحح الخلق ، الشديد القوي في المأكل والمشرب والمنكح ، وغير ذلك ، وأما الزنيم فقال البخاري :\nحدثنا محمود ، حدثنا عبيد الله ، عن إسرائيل ، عن أبي حصين ، عن مجاهد ، عن ابن عباس : ( عتل بعد ذلك زنيم ) قال : رجل من قريش له زنمة مثل زنمة الشاة .\nومعنى هذا : أنه كان مشهورا بالشر كشهرة الشاة ذات الزنمة من بين أخواتها . وإنما الزنيم في لغة العرب : هو الدعي في القوم . قاله ابن جرير ، وغير واحد من الأئمة ، قال : ومنه قول حسان بن ثابت يعني يذم بعض كفار قريش :\nوأنت زنيم نيط في آل هاشم كما نيط خلف الراكب القدح الفرد\nزنيم ليس يعرف من أبوه     بغي الأم ذو حسب لئيم\nوقال ابن أبي حاتم : حدثنا عمار بن خالد الواسطي ، حدثنا أسباط ، عن هشام ، عن عكرمة ، عن ابن عباس في قوله : ( زنيم ) قال : الدعي الفاحش اللئيم . ثم قال ابن عباس :\nزنيم تداعاه الرجال زيادة     كما زيد في عرض الأديم الأكارع\nوقال العوفي ، عن ابن عباس : الزنيم : الدعي . ويقال : الزنيم : رجل كانت به زنمة يعرف بها . ويقال : هو الأخنس بن شريق الثقفي حليف بني زهرة . وزعم أناس من بني زهرة أن الزنيم الأسود بن عبد يغوث الزهري وليس به .\nوقال ابن أبي نجيح ، عن مجاهد ، عن ابن عباس : أنه زعم أن الزنيم الملحق النسب .\nوقال ابن أبي حاتم : حدثني يونس ، حدثنا ابن وهب ، حدثني سليمان بن بلال ، عن عبد الرحمن بن حرملة ، عن سعيد بن المسيب ، أنه سمعه يقول في هذه الآية : ( عتل بعد ذلك زنيم ) قال سعيد : هو الملصق بالقوم ، ليس منهم .\nوقال ابن أبي حاتم : حدثنا أبو سعيد الأشج ، حدثنا عقبة بن خالد ، عن عامر بن قدامة ، قال : سئل عكرمة ، عن الزنيم ، قال : هو ولد الزنا .\nوقال الحكم بن أبان ، عن عكرمة في قوله تعالى : ( عتل بعد ذلك زنيم ) قال : يعرف المؤمن من الكافر مثل الشاة الزنماء . والزنماء من الشياه : التي في عنقها هنتان معلقتان في حلقها . وقال الثوري ، عن جابر ، عن الحسن ، عن سعيد بن جبير قال : الزنيم : الذي يعرف بالشر كما تعرف الشاة بزنمتها . والزنيم : الملصق ، رواه ابن جرير .\nوروى أيضا من طريق داود بن أبي هند ، عن عكرمة ، عن ابن عباس أنه قال في الزنيم : قال : نعت فلم يعرف حتى قيل : زنيم . قال : وكانت له زنمة في عنقه يعرف بها . وقال آخرون : كان دعيا .\nوقال ابن جرير : حدثنا أبو كريب ، حدثنا ابن إدريس ، عن أبيه ، عن أصحاب التفسير قالوا هو الذي تكون له زنمة مثل زنمة الشاة .\nوقال الضحاك : كانت له زنمة في أصل أذنه ، ويقال : هو اللئيم الملصق في النسب .\nوقال أبو إسحاق : عن سعيد بن جبير ، عن ابن عباس : هو المريب الذي يعرف بالشر .\nوقال مجاهد : الزنيم الذي يعرف بهذا الوصف كما تعرف الشاة . وقال أبو رزين : الزنيم علامة الكفر . وقال عكرمة : الزنيم الذي يعرف باللؤم كما تعرف الشاة بزنمتها .\nوالأقوال في هذا كثيرة ، وترجع إلى ما قلناه ، وهو أن الزنيم هو : المشهور بالشر ، الذي يعرف به من بين الناس ، وغالبا يكون دعيا ولد زنا ، فإنه في الغالب يتسلط الشيطان عليه ما لا يتسلط على غيره ، كما جاء في الحديث : \" لا يدخل الجنة ولد زنا \" وفي الحديث الآخر : \" ولد الزنا شر الثلاثة إذا عمل بعمل أبويه \""
  }, {
    "id" : 14,
    "eya" : "أَن كَانَ ذَا مَالٍ وَبَنِينَ (14) ",
    "tafsir" : "يقول تعالى هذا مقابلة ما أنعم الله عليه من المال والبنين."
  }, {
    "id" : 15,
    "eya" : "إِذَا تُتْلَىٰ عَلَيْهِ آيَاتُنَا قَالَ أَسَاطِيرُ الْأَوَّلِينَ (15) ",
    "tafsir" : "كفر بآيات الله وأعرض عنها ، وزعم أنها كذب مأخوذ من أساطير الأولين ، كقوله : ( ذرني ومن خلقت وحيدا وجعلت له مالا ممدودا وبنين شهودا ومهدت له تمهيدا ثم يطمع أن أزيد كلا إنه كان لآياتنا عنيدا سأرهقه صعودا إنه فكر وقدر فقتل كيف قدر ثم قتل كيف قدر ثم نظر ثم عبس وبسر ثم أدبر واستكبر فقال إن هذا إلا سحر يؤثر إن هذا إلا قول البشر ) قال الله تعالى : ( سأصليه سقر )[ المدثر : 11 - 26 ]"
  }, {
    "id" : 16,
    "eya" : "سَنَسِمُهُ عَلَى الْخُرْطُومِ (16) ",
    "tafsir" : "قال تعالى ها هنا : ( سنسمه على الخرطوم )\nقال ابن جرير : سنبين أمره بيانا واضحا ، حتى يعرفوه ، ولا يخفى عليهم ، كما لا تخفى السمة على الخراطيم ، وهكذا قال قتادة : ( سنسمه على الخرطوم ) شين لا يفارقه آخر ما عليه . وفي رواية عنه : سيما على أنفه . وكذا قال السدي .\nوقال العوفي ، عن ابن عباس : ( سنسمه على الخرطوم ) يقاتل يوم بدر فيخطم بالسيف في القتال . وقال آخرون : ( سنسمه ) سمة أهل النار ، يعني نسود وجهه يوم القيامة ، وعبر عن الوجه بالخرطوم . حكى ذلك كله أبو جعفر بن جرير ومال إلى أنه لا مانع من اجتماع الجميع عليه في الدنيا والآخرة ، وهو متجه .\nوقد قال ابن أبي حاتم في سورة ( عم يتساءلون ) حدثنا أبي ، حدثنا أبو صالح كاتب الليث ، حدثني الليث ، حدثني خالد ، عن سعيد ، عن عبد الملك بن عبد الله ، عن عيسى بن هلال الصدفي ، عن عبد الله بن عمرو ، عن رسول الله - صلى الله عليه وسلم - أنه قال : \" إن العبد يكتب مؤمنا أحقابا ، ثم أحقابا ، ثم يموت والله عليه ساخط . وإن العبد يكتب كافرا أحقابا ، ثم أحقابا ، ثم يموت والله عليه راض . ومن مات همازا لمازا ملقبا للناس ، كان علامته يوم القيامة أن يسمه الله على الخرطوم ، من كلا الشفتين \""
  }, {
    "id" : 17,
    "eya" : "إِنَّا بَلَوْنَاهُمْ كَمَا بَلَوْنَا أَصْحَابَ الْجَنَّةِ إِذْ أَقْسَمُوا لَيَصْرِمُنَّهَا مُصْبِحِينَ (17) ",
    "tafsir" : "هذا مثل ضربه الله تعالى لكفار قريش فيما أهدى إليهم من الرحمة العظيمة ، وأعطاهم من النعم الجسيمة ، وهو بعثه محمدا - صلى الله عليه وسلم - إليهم ، فقابلوه بالتكذيب والرد والمحاربة ; ولهذا قال : ( إنا بلوناهم ) أي : اختبرناهم ، ( كما بلونا أصحاب الجنة ) وهي البستان المشتمل على أنواع الثمار والفواكه ( إذ أقسموا ليصرمنها مصبحين ) أي : حلفوا فيما بينهم ليجذن ثمرها ليلا لئلا يعلم بهم فقير ولا سائل ، ليتوفر ثمرها عليهم ولا يتصدقوا منه بشيء"
  }, {
    "id" : 18,
    "eya" : "وَلَا يَسْتَثْنُونَ (18) ",
    "tafsir" : "أي فيما حلفوا به."
  }, {
    "id" : 19,
    "eya" : "فَطَافَ عَلَيْهَا طَائِفٌ مِّن رَّبِّكَ وَهُمْ نَائِمُونَ (19) ",
    "tafsir" : "ولهذا حنثهم الله في أيمانهم فقال تعالى \"فطاف عليها طائف من ربك وهم نائمون\" أي أصابتها آفة سماوية."
  }, {
    "id" : 20,
    "eya" : "فَأَصْبَحَتْ كَالصَّرِيمِ (20) ",
    "tafsir" : "( فأصبحت كالصريم ) قال ابن عباس : أي كالليل الأسود . وقال الثوري ، والسدي : مثل الزرع إذا حصد ، أي هشيما يبسا .\nوقال ابن أبي حاتم : ذكر عن أحمد بن الصباح : أنبأنا بشر بن زاذان ، عن عمر بن صبح ، عن ليث بن أبي سليم ، عن عبد الرحمن بن سابط ، عن ابن مسعود قال : قال رسول الله - صلى الله عليه وسلم - : \" إياكم والمعاصي ، إن العبد ليذنب الذنب فيحرم به رزقا قد كان هيئ له \" ، ثم تلا رسول الله - صلى الله عليه وسلم - : ( فطاف عليها طائف من ربك وهم نائمون فأصبحت كالصريم ) قد حرموا خير جنتهم بذنبهم ."
  }, {
    "id" : 21,
    "eya" : "فَتَنَادَوْا مُصْبِحِينَ (21) ",
    "tafsir" : "أي لما كان وقت الصبح نادى بعضهم بعضا ليذهبوا إلى الجذاذ أي القطع."
  }, {
    "id" : 22,
    "eya" : "أَنِ اغْدُوا عَلَىٰ حَرْثِكُمْ إِن كُنتُمْ صَارِمِينَ (22) ",
    "tafsir" : "أي تريدون الصرام."
  }, {
    "id" : 23,
    "eya" : "فَانطَلَقُوا وَهُمْ يَتَخَافَتُونَ (23) ",
    "tafsir" : "قال مجاهد: كان حرثهم عنبا \"فانطلقوا وهم يتخافتون\" أي يتناجون فيما بينهم بحيث لا يسمعون أحدا كلامهم.\nثم فسر الله سبحانه وتعالى عالم السر والنجوى ما كانوا يتخافتون به."
  }, {
    "id" : 24,
    "eya" : "أَن لَّا يَدْخُلَنَّهَا الْيَوْمَ عَلَيْكُم مِّسْكِينٌ (24) ",
    "tafsir" : "فقال تعالى \"فانطلقوا وهم يتخافتون أن لا يدخلنها اليوم عليكم مسكين\" أي يقول بعضهم لبعض لا تمكنوا اليوم فقيرا يدخلها عليكم."
  }, {
    "id" : 25,
    "eya" : "وَغَدَوْا عَلَىٰ حَرْدٍ قَادِرِينَ (25) ",
    "tafsir" : "أي على قصد وقدرة فى أنفسهم ويظنون أنهم تمكنوا من مرادهم.\nقال معناه ابن عباس وغيره.\nوالحرد القصد.(بالكسر) حردا قصد.\nتقول: حردت حردك; أي قصدت قصدك.\nومنه قول الراجز: أقبل سيل جاء من عند الله يحرد حرد الجنة المغلة أنشده النحاس: قد جاء سيل جاء من أمر الله يحرد حرد الجنة المغلة قال البرد: المغلة ذات الغلة.\nوقال غيره: المغلة التي يجري الماء في غللها أي في أصولها.\nومنه تغللت بالغالية.\nومنه تغليت, أبدل من اللام ياء.\nومن قال تغلفت فمعناه عنده جعلتها غلافا.\nوقال قتادة ومجاهد: \"على حرد\" أي على جد.\nالحسن: على حاجة وفاقة.\nوقال أبو عبيدة والقتيبي: على حرد على منع; من قولهم حاردت الإبل حرادا أي قلت ألبانها.\nوالحرود من النوق القليلة الدر.\nوحاردت السنة قل مطرها وخيرها.\nوقال السدي وسفيان: \"على حرد\"\nوالحرد الغضب.\nقال أبو نصر أحمد بن حاتم صاحب الأصمعي: وهو مخفف; وأنشد شعرا: إذا جياد الخيل جاءت تردي مملوءة من غضب وحرد وقال ابن السكيت: وقد يحرك; تقول منه: حرد (بالكسر) حردا, فهو حارد وحردان.\nومنه قيل: أسد حارد, وليوث حوارد.\"على حرد\" على انفراد.\nيقال: حرد يحرد حرودا; أي تنحى عن قومه ونزل منفردا ولم يخالطهم.\nوقال أبو زيد: رجل حريد من قوم حرداء.\nوقد حرد يحرد حرودا; إذا ترك قومه وتحول عنهم.\nوكوكب حريد; أي معتزل عن الكواكب.\nقال الأصمعي: رجل حريد; أي فريد وحيد.\nقال والمنحرد المنفرد في لغة هذيل.\nوأنشد لأبي ذؤيب: كأنه كوكب في الجو منحرد ورواه أبو عمرو بالجيم, وفسره: منفرد.\nقال: وهو سهيل.\nوقال الأزهري: حرد اسم قريتهم.\nالسدي: اسم جنتهم; وفيه لغتان: حرد وحرد.\nوقرأ العامة بالإسكان.\nوقرأ أبو العالية وابن السميقع بالفتح; وهما لغتان.\"قادرين\" قد قدروا أموهم وبنوا عليه; قاله الفراء.\nوقال قتادة: قادرين على جنتهم عند أنفسهم.\nوقال الشعبي: \"قادرين\" يعني على المساكين.\nوقيل: معناه من الوجود; أي منعوا وهم واجدون."
  }, {
    "id" : 26,
    "eya" : "فَلَمَّا رَأَوْهَا قَالُوا إِنَّا لَضَالُّونَ (26) ",
    "tafsir" : "( فلما رأوها قالوا إنا لضالون ) أي : فلما وصلوا إليها وأشرفوا عليها ، وهي على الحالة التي قال الله ، عز وجل ، قد استحالت عن تلك النضارة ، والزهرة ، وكثرة الثمار إلى أن صارت سوداء مدلهمة ، لا ينتفع بشيء منها ، فاعتقدوا أنهم قد أخطئوا الطريق ; ولهذا قالوا : ( إنا لضالون ) أي : قد سلكنا إليها غير الطريق فتهنا عنها . قاله ابن عباس وغيره ."
  }, {
    "id" : 27,
    "eya" : "بَلْ نَحْنُ مَحْرُومُونَ (27) ",
    "tafsir" : "ثم رجعوا عما كانوا فيه ، وتيقنوا أنها هي فقالوا : ( بل نحن محرومون ) أي : بل هذه هي ، ولكن نحن لا حظ لنا ولا نصيب ."
  }, {
    "id" : 28,
    "eya" : "قَالَ أَوْسَطُهُمْ أَلَمْ أَقُل لَّكُمْ لَوْلَا تُسَبِّحُونَ (28) ",
    "tafsir" : "( قال أوسطهم ) قال ابن عباس ، ومجاهد ، وسعيد بن جبير ، وعكرمة ، ومحمد بن كعب ، والربيع بن أنس ، والضحاك ، وقتادة : أي : أعدلهم وخيرهم : ( ألم أقل لكم لولا تسبحون ) ! قال مجاهد ، والسدي ، وابن جريج : ( لولا تسبحون ) أي : لولا تستثنون . قال السدي : وكان استثناؤهم في ذلك الزمان تسبيحا .\nوقال ابن جريج : هو قول القائل : إن شاء الله . وقيل : معناه : ( قال أوسطهم ألم أقل لكم لولا تسبحون ) أي : هلا تسبحون الله وتشكرونه على ما أعطاكم وأنعم به عليكم ،"
  }, {
    "id" : 29,
    "eya" : "قَالُوا سُبْحَانَ رَبِّنَا إِنَّا كُنَّا ظَالِمِينَ (29) ",
    "tafsir" : "( قالوا سبحان ربنا إنا كنا ظالمين ) أتوا بالطاعة حيث لا تنفع ، وندموا واعترفوا حيث لا ينجع ; ولهذا قالوا : ( إنا كنا ظالمين)"
  }, {
    "id" : 30,
    "eya" : "فَأَقْبَلَ بَعْضُهُمْ عَلَىٰ بَعْضٍ يَتَلَاوَمُونَ (30) ",
    "tafsir" : "أي : يلوم بعضهم بعضا على ما كانوا أصروا عليه من منع المساكين من حق الجذاذ ، فما كان جواب بعضهم لبعض إلا الاعتراف بالخطيئة والذنب"
  }, {
    "id" : 31,
    "eya" : "قَالُوا يَا وَيْلَنَا إِنَّا كُنَّا طَاغِينَ (31) ",
    "tafsir" : "( قالوا يا ويلنا إنا كنا طاغين ) أي : اعتدينا وبغينا وطغينا وجاوزنا الحد حتى أصابنا ما أصابنا"
  }, {
    "id" : 32,
    "eya" : "عَسَىٰ رَبُّنَا أَن يُبْدِلَنَا خَيْرًا مِّنْهَا إِنَّا إِلَىٰ رَبِّنَا رَاغِبُونَ (32) ",
    "tafsir" : "( عسى ربنا أن يبدلنا خيرا منها إنا إلى ربنا راغبون ) قيل : رغبوا في بذلها لهم في الدنيا . وقيل : احتسبوا ثوابها في الدار الآخرة ، والله أعلم .\nثم قد ذكر بعض السلف أن هؤلاء قد كانوا من أهل اليمن - قال سعيد بن جبير : كانوا من قرية يقال لها ضروان على ستة أميال من صنعاء . وقيل : كانوا من أهل الحبشة - وكان أبوهم قد خلف لهم هذه الجنة ، وكانوا من أهل الكتاب ، وقد كان أبوهم يسير فيها سيرة حسنة ، فكان ما استغله منها يرد فيها ما يحتاج إليها ، ويدخر لعياله قوت سنتهم ، ويتصدق بالفاضل . فلما مات ورثه بنوه ، قالوا : لقد كان أبونا أحمق إذ كان يصرف من هذه شيئا للفقراء ، ولو أنا منعناهم لتوفر ذلك علينا . فلما عزموا على ذلك عوقبوا بنقيض قصدهم ، فأذهب الله ما بأيديهم بالكلية ، ورأس المال ، والربح ، والصدقة ، فلم يبق لهم شيء ."
  }, {
    "id" : 33,
    "eya" : "كَذَٰلِكَ الْعَذَابُ ۖ وَلَعَذَابُ الْآخِرَةِ أَكْبَرُ ۚ لَوْ كَانُوا يَعْلَمُونَ (33) ",
    "tafsir" : "قال الله تعالى : ( كذلك العذاب ) أي : هكذا عذاب من خالف أمر الله ، وبخل بما آتاه الله وأنعم به عليه ، ومنع حق المسكين والفقراء وذوي الحاجات ، وبدل نعمة الله كفرا ( ولعذاب الآخرة أكبر لو كانوا يعلمون ) أي : هذه عقوبة الدنيا كما سمعتم ، وعذاب الآخرة أشق . وقد ورد في حديث رواه الحافظ البيهقي من طريق جعفر بن محمد بن علي بن الحسين بن علي بن أبي طالب ، عن أبيه ، عن جده أن رسول الله - صلى الله عليه وسلم - نهى عن الجداد بالليل ، والحصاد بالليل ."
  }, {
    "id" : 34,
    "eya" : "إِنَّ لِلْمُتَّقِينَ عِندَ رَبِّهِمْ جَنَّاتِ النَّعِيمِ (34) ",
    "tafsir" : "لما ذكر الله تعالى حال أهل الجنة الدنيوية ، وما أصابهم فيها من النقمة حين عصوا الله ، عز وجل ، وخالفوا أمره ، بين أن لمن اتقاه وأطاعه في الدار الآخرة جنات النعيم التي لا تبيد ولا تفرغ ولا ينقضي نعيمها ."
  }, {
    "id" : 35,
    "eya" : "أَفَنَجْعَلُ الْمُسْلِمِينَ كَالْمُجْرِمِينَ (35) ",
    "tafsir" : "ثم قال : ( أفنجعل المسلمين كالمجرمين ) ؟ أي : أفنساوي بين هؤلاء وهؤلاء في الجزاء ؟ كلا ورب الأرض والسماء ; ولهذا قال"
  }, {
    "id" : 36,
    "eya" : "مَا لَكُمْ كَيْفَ تَحْكُمُونَ (36) ",
    "tafsir" : "( ما لكم كيف تحكمون ) ! أي : كيف تظنون ذلك ؟ ."
  }, {
    "id" : 37,
    "eya" : "أَمْ لَكُمْ كِتَابٌ فِيهِ تَدْرُسُونَ (37) ",
    "tafsir" : "ثم قال : ( أم لكم كتاب فيه تدرسون إن لكم فيه لما تخيرون ) يقول : أفبأيديكم كتاب منزل من السماء تدرسونه ، وتحفظونه ، وتتداولونه بنقل الخلف عن السلف ، متضمن حكما مؤكدا كما تدعونه ؟"
  }, {
    "id" : 38,
    "eya" : "إِنَّ لَكُمْ فِيهِ لَمَا تَخَيَّرُونَ (38) ",
    "tafsir" : "ثم قال : ( أم لكم كتاب فيه تدرسون إن لكم فيه لما تخيرون ) يقول : أفبأيديكم كتاب منزل من السماء تدرسونه ، وتحفظونه ، وتتداولونه بنقل الخلف عن السلف ، متضمن حكما مؤكدا كما تدعونه ؟"
  }, {
    "id" : 39,
    "eya" : "أَمْ لَكُمْ أَيْمَانٌ عَلَيْنَا بَالِغَةٌ إِلَىٰ يَوْمِ الْقِيَامَةِ ۙ إِنَّ لَكُمْ لَمَا تَحْكُمُونَ (39) ",
    "tafsir" : "( أم لكم أيمان علينا بالغة إلى يوم القيامة إن لكم لما تحكمون ) أي : أمعكم عهود منا ومواثيق مؤكدة ، ( إن لكم لما تحكمون ) أي : إنه سيحصل لكم ما تريدون وتشتهون"
  }, {
    "id" : 40,
    "eya" : "سَلْهُمْ أَيُّهُم بِذَٰلِكَ زَعِيمٌ (40) ",
    "tafsir" : "( سلهم أيهم بذلك زعيم ) ؟ أي : قل لهم : من هو المتضمن المتكفل بهذا ؟"
  }, {
    "id" : 41,
    "eya" : "أَمْ لَهُمْ شُرَكَاءُ فَلْيَأْتُوا بِشُرَكَائِهِمْ إِن كَانُوا صَادِقِينَ (41) ",
    "tafsir" : "( أم لهم شركاء ) أي : من الأصنام والأنداد ( فليأتوا بشركائهم إن كانوا صادقين )"
  }, {
    "id" : 42,
    "eya" : "يَوْمَ يُكْشَفُ عَن سَاقٍ وَيُدْعَوْنَ إِلَى السُّجُودِ فَلَا يَسْتَطِيعُونَ (42) ",
    "tafsir" : "لما ذكر تعالى أن للمتقين عنده جنات النعيم ، بين متى ذلك كائن وواقع ، فقال : ( يوم يكشف عن ساق ويدعون إلى السجود فلا يستطيعون ) يعني : يوم القيامة وما يكون فيه من الأهوال والزلازل والبلاء والامتحان والأمور العظام . وقد قال البخاري ها هنا :\nحدثنا آدم ، حدثنا الليث ، عن خالد بن يزيد ، عن سعيد بن أبي هلال ، عن زيد بن أسلم ، عن عطاء بن يسار ، عن أبي سعيد الخدري قال : سمعت النبي - صلى الله عليه وسلم - يقول : \" يكشف ربنا عن ساقه ، فيسجد له كل مؤمن ومؤمنة ، ويبقى من كان يسجد في الدنيا رياء وسمعة ، فيذهب ليسجد فيعود ظهره طبقا واحدا \"\nوهذا الحديث مخرج في الصحيحين وفي غيرهما من طرق وله ألفاظ ، وهو حديث طويل مشهور .\nوقد قال عبد الله بن المبارك ، عن أسامة بن زيد ، عن عكرمة ، عن ابن عباس : ( يوم يكشف عن ساق ) قال : هو يوم كرب وشدة . رواه ابن جرير ثم قال :\nحدثنا ابن حميد ، حدثنا مهران ، عن سفيان ، عن المغيرة ، عن إبراهيم ، عن ابن مسعود ، - أو ابن عباس الشك من ابن جرير - : ( يوم يكشف عن ساق ) قال : عن أمر عظيم ، كقول الشاعر :\nوقامت الحرب بنا عن ساق\nوقال ابن أبي نجيح ، عن مجاهد : ( يوم يكشف عن ساق ) قال : شدة الأمر\nوقال ابن عباس : هي أول ساعة تكون في يوم القيامة .\nوقال ابن جريج ، عن مجاهد : ( يوم يكشف عن ساق ) قال : شدة الأمر وجده .\nوقال علي بن أبي طلحة ، عن ابن عباس قوله : ( يوم يكشف عن ساق ) هو الأمر الشديد المفظع من الهول يوم القيامة .\nوقال العوفي ، عن ابن عباس قوله : ( يوم يكشف عن ساق ) يقول : حين يكشف الأمر وتبدو الأعمال . وكشفه دخول الآخرة ، وكشف الأمر عنه . وكذا روى الضحاك ، وغيره ، عن ابن عباس . أورد ذلك كله أبو جعفر بن جرير ثم قال :\nحدثني أبو زيد عمر بن شبة ، حدثنا هارون بن عمر المخزومي ، حدثنا الوليد بن مسلم ، حدثنا أبو سعيد روح بن جناح ، عن مولى لعمر بن عبد العزيز ، عن أبي بردة بن أبي موسى ، عن أبيه ، عن النبي - صلى الله عليه وسلم - قال : ( يوم يكشف عن ساق )\" عن نور عظيم ، يخرون له سجدا \"\nورواه أبو يعلى ، عن القاسم بن يحيى ، عن الوليد بن مسلم به ، وفيه رجل مبهم ، والله أعلم ."
  }, {
    "id" : 43,
    "eya" : "خَاشِعَةً أَبْصَارُهُمْ تَرْهَقُهُمْ ذِلَّةٌ ۖ وَقَدْ كَانُوا يُدْعَوْنَ إِلَى السُّجُودِ وَهُمْ سَالِمُونَ (43) ",
    "tafsir" : "وقوله : ( خاشعة أبصارهم ترهقهم ذلة ) أي : في الدار الآخرة بإجرامهم ، وتكبرهم في الدنيا ، فعوقبوا بنقيض ما كانوا عليه . ولما دعوا إلى السجود في الدنيا فامتنعوا منه مع صحتهم ، وسلامتهم كذلك عوقبوا بعدم قدرتهم عليه في الآخرة ، إذا تجلى الرب عز وجل ، فيسجد له المؤمنون ، لا يستطيع أحد من الكافرين ولا المنافقين أن يسجد ، بل يعود ظهر أحدهم طبقا واحدا ، كلما أراد أحدهم أن يسجد خر لقفاه ، عكس السجود ، كما كانوا في الدنيا ، بخلاف ما عليه المؤمنون ."
  }, {
    "id" : 44,
    "eya" : "فَذَرْنِي وَمَن يُكَذِّبُ بِهَٰذَا الْحَدِيثِ ۖ سَنَسْتَدْرِجُهُم مِّنْ حَيْثُ لَا يَعْلَمُونَ (44) ",
    "tafsir" : "ثم قال تعالى : ( فذرني ومن يكذب بهذا الحديث ) يعني : القرآن . وهذا تهديد شديد ، أي : دعني وإياه مني ومنه ، أنا أعلم به كيف أستدرجه ، وأمده في غيه وأنظر ، ثم آخذه أخذ عزيز مقتدر ؛ ولهذا قال : ( سنستدرجهم من حيث لا يعلمون ) أي : وهم لا يشعرون ، بل يعتقدون أن ذلك من الله كرامة ، وهو في نفس الأمر إهانة ، كما قال : ( أيحسبون أنما نمدهم به من مال وبنين نسارع لهم في الخيرات بل لا يشعرون )[ المؤمنون : 55 ، 56 ] ، وقال : ( فلما نسوا ما ذكروا به فتحنا عليهم أبواب كل شيء حتى إذا فرحوا بما أوتوا أخذناهم بغتة فإذا هم مبلسون )[ الأنعام : 44 ] . ولهذا قال ها هنا :"
  }, {
    "id" : 45,
    "eya" : "وَأُمْلِي لَهُمْ ۚ إِنَّ كَيْدِي مَتِينٌ (45) ",
    "tafsir" : "( وأملي لهم إن كيدي متين ) أي : وأؤخرهم ، وأنظرهم ، وأمدهم ، وذلك من كيدي ومكري بهم ; ولهذا قال تعالى : ( إن كيدي متين ) أي : عظيم لمن خالف أمري ، وكذب رسلي ، واجترأ على معصيتي .\nوفي الصحيحين عن رسول الله - صلى الله عليه وسلم - أنه قال : \" إن الله تعالى ليملي للظالم حتى إذا أخذه لم يفلته \" . ثم قرأ : ( وكذلك أخذ ربك إذا أخذ القرى وهي ظالمة إن أخذه أليم شديد )[ هود : 102 ]"
  }, {
    "id" : 46,
    "eya" : "أَمْ تَسْأَلُهُمْ أَجْرًا فَهُم مِّن مَّغْرَمٍ مُّثْقَلُونَ (46) ",
    "tafsir" : "وقوله : ( أم تسألهم أجرا فهم من مغرم مثقلون أم عندهم الغيب فهم يكتبون ) تقدم تفسيرهما في سورة \" الطور \" ، والمعنى في ذلك : أنك يا محمد تدعوهم إلى الله ، عز وجل ، بلا أجر تأخذه منهم ، بل ترجو ثواب ذلك عند الله ، عز وجل ، وهم يكذبون بما جئتهم به ، بمجرد الجهل والكفر والعناد ."
  }, {
    "id" : 47,
    "eya" : "أَمْ عِندَهُمُ الْغَيْبُ فَهُمْ يَكْتُبُونَ (47) ",
    "tafsir" : "وقوله : ( أم تسألهم أجرا فهم من مغرم مثقلون أم عندهم الغيب فهم يكتبون ) تقدم تفسيرهما في سورة \" الطور \" ، والمعنى في ذلك : أنك يا محمد تدعوهم إلى الله ، عز وجل ، بلا أجر تأخذه منهم ، بل ترجو ثواب ذلك عند الله ، عز وجل ، وهم يكذبون بما جئتهم به ، بمجرد الجهل والكفر والعناد ."
  }, {
    "id" : 48,
    "eya" : "فَاصْبِرْ لِحُكْمِ رَبِّكَ وَلَا تَكُن كَصَاحِبِ الْحُوتِ إِذْ نَادَىٰ وَهُوَ مَكْظُومٌ (48) ",
    "tafsir" : "يقول تعالى : ( فاصبر ) يا محمد على أذى قومك لك وتكذيبهم ; فإن الله سيحكم لك عليهم ، ويجعل العاقبة لك ولأتباعك في الدنيا والآخرة ، ( ولا تكن كصاحب الحوت ) يعني : ذا النون ، وهو يونس بن متى عليه السلام حين ذهب مغاضبا على قومه ، فكان من أمره ما كان من ركوبه في البحر والتقام الحوت له ، وشرود الحوت به في البحار وظلمات غمرات اليم ، وسماعه تسبيح البحر بما فيه للعلي القدير ، الذي لا يرد ما أنفذه من التقدير ، فحينئذ نادى في الظلمات . ( أن لا إله إلا أنت سبحانك إني كنت من الظالمين )[ الأنبياء : 87 ] . قال الله ( فاستجبنا له ونجيناه من الغم وكذلك ننجي المؤمنين )[ الأنبياء : 88 ] ، وقال تعالى : ( فلولا أنه كان من المسبحين للبث في بطنه إلى يوم يبعثون )[ الصافات : 143 ، 144 ] وقال هاهنا : ( إذ نادى وهو مكظوم ) قال ابن عباس ومجاهد والسدي : وهو مغموم . وقال عطاء الخراساني وأبو مالك : مكروب . وقد قدمنا في الحديث أنه لما قال : ( لا إله إلا أنت سبحانك إني كنت من الظالمين ) خرجت الكلمة تحف حول العرش ، فقالت الملائكة : يا رب ، هذا صوت ضعيف معروف من بلاد غريبة ، فقال الله : أما تعرفون هذا ؟ قالوا : لا . قال : هذا يونس . قالوا : يا رب ، عبدك الذي لا يزال يرفع له عمل صالح ودعوة مجابة ؟ قال : نعم . قالوا : أفلا ترحم ما كان يعمله في الرخاء فتنجيه من البلاء ؟ فأمر الله الحوت فألقاه بالعراء ; ولهذا قال تعالى : ( فاجتباه ربه فجعله من الصالحين )\nوقد قال الإمام أحمد : حدثنا وكيع ، حدثنا سفيان ، عن الأعمش ، عن أبي وائل ، عن عبد الله قال : قال رسول الله صلى الله عليه وسلم : \" لا ينبغي لأحد أن يقول : أنا خير من يونس بن متى \"\nورواه البخاري من حديث سفيان‌ الثوري وهو في الصحيحين من حديث أبي هريرة‌ ."
  }, {
    "id" : 49,
    "eya" : "لَّوْلَا أَن تَدَارَكَهُ نِعْمَةٌ مِّن رَّبِّهِ لَنُبِذَ بِالْعَرَاءِ وَهُوَ مَذْمُومٌ (49) ",
    "tafsir" : "يقول تعالى : ( فاصبر ) يا محمد على أذى قومك لك وتكذيبهم ; فإن الله سيحكم لك عليهم ، ويجعل العاقبة لك ولأتباعك في الدنيا والآخرة ، ( ولا تكن كصاحب الحوت ) يعني : ذا النون ، وهو يونس بن متى عليه السلام حين ذهب مغاضبا على قومه ، فكان من أمره ما كان من ركوبه في البحر والتقام الحوت له ، وشرود الحوت به في البحار وظلمات غمرات اليم ، وسماعه تسبيح البحر بما فيه للعلي القدير ، الذي لا يرد ما أنفذه من التقدير ، فحينئذ نادى في الظلمات . ( أن لا إله إلا أنت سبحانك إني كنت من الظالمين )[ الأنبياء : 87 ] . قال الله ( فاستجبنا له ونجيناه من الغم وكذلك ننجي المؤمنين )[ الأنبياء : 88 ] ، وقال تعالى : ( فلولا أنه كان من المسبحين للبث في بطنه إلى يوم يبعثون )[ الصافات : 143 ، 144 ] وقال هاهنا : ( إذ نادى وهو مكظوم ) قال ابن عباس ومجاهد والسدي : وهو مغموم . وقال عطاء الخراساني وأبو مالك : مكروب . وقد قدمنا في الحديث أنه لما قال : ( لا إله إلا أنت سبحانك إني كنت من الظالمين ) خرجت الكلمة تحف حول العرش ، فقالت الملائكة : يا رب ، هذا صوت ضعيف معروف من بلاد غريبة ، فقال الله : أما تعرفون هذا ؟ قالوا : لا . قال : هذا يونس . قالوا : يا رب ، عبدك الذي لا يزال يرفع له عمل صالح ودعوة مجابة ؟ قال : نعم . قالوا : أفلا ترحم ما كان يعمله في الرخاء فتنجيه من البلاء ؟ فأمر الله الحوت فألقاه بالعراء ; ولهذا قال تعالى : ( فاجتباه ربه فجعله من الصالحين )\nوقد قال الإمام أحمد : حدثنا وكيع ، حدثنا سفيان ، عن الأعمش ، عن أبي وائل ، عن عبد الله قال : قال رسول الله صلى الله عليه وسلم : \" لا ينبغي لأحد أن يقول : أنا خير من يونس بن متى \"\nورواه البخاري من حديث سفيان‌ الثوري وهو في الصحيحين من حديث أبي هريرة‌ ."
  }, {
    "id" : 50,
    "eya" : "فَاجْتَبَاهُ رَبُّهُ فَجَعَلَهُ مِنَ الصَّالِحِينَ (50) ",
    "tafsir" : "يقول تعالى : ( فاصبر ) يا محمد على أذى قومك لك وتكذيبهم ; فإن الله سيحكم لك عليهم ، ويجعل العاقبة لك ولأتباعك في الدنيا والآخرة ، ( ولا تكن كصاحب الحوت ) يعني : ذا النون ، وهو يونس بن متى عليه السلام حين ذهب مغاضبا على قومه ، فكان من أمره ما كان من ركوبه في البحر والتقام الحوت له ، وشرود الحوت به في البحار وظلمات غمرات اليم ، وسماعه تسبيح البحر بما فيه للعلي القدير ، الذي لا يرد ما أنفذه من التقدير ، فحينئذ نادى في الظلمات . ( أن لا إله إلا أنت سبحانك إني كنت من الظالمين )[ الأنبياء : 87 ] . قال الله ( فاستجبنا له ونجيناه من الغم وكذلك ننجي المؤمنين )[ الأنبياء : 88 ] ، وقال تعالى : ( فلولا أنه كان من المسبحين للبث في بطنه إلى يوم يبعثون )[ الصافات : 143 ، 144 ] وقال هاهنا : ( إذ نادى وهو مكظوم ) قال ابن عباس ومجاهد والسدي : وهو مغموم . وقال عطاء الخراساني وأبو مالك : مكروب . وقد قدمنا في الحديث أنه لما قال : ( لا إله إلا أنت سبحانك إني كنت من الظالمين ) خرجت الكلمة تحف حول العرش ، فقالت الملائكة : يا رب ، هذا صوت ضعيف معروف من بلاد غريبة ، فقال الله : أما تعرفون هذا ؟ قالوا : لا . قال : هذا يونس . قالوا : يا رب ، عبدك الذي لا يزال يرفع له عمل صالح ودعوة مجابة ؟ قال : نعم . قالوا : أفلا ترحم ما كان يعمله في الرخاء فتنجيه من البلاء ؟ فأمر الله الحوت فألقاه بالعراء ; ولهذا قال تعالى : ( فاجتباه ربه فجعله من الصالحين )\nوقد قال الإمام أحمد : حدثنا وكيع ، حدثنا سفيان ، عن الأعمش ، عن أبي وائل ، عن عبد الله قال : قال رسول الله صلى الله عليه وسلم : \" لا ينبغي لأحد أن يقول : أنا خير من يونس بن متى \"\nورواه البخاري من حديث سفيان‌ الثوري وهو في الصحيحين من حديث أبي هريرة‌ ."
  }, {
    "id" : 51,
    "eya" : "وَإِن يَكَادُ الَّذِينَ كَفَرُوا لَيُزْلِقُونَكَ بِأَبْصَارِهِمْ لَمَّا سَمِعُوا الذِّكْرَ وَيَقُولُونَ إِنَّهُ لَمَجْنُونٌ (51) ",
    "tafsir" : "وقوله : ( وإن يكاد الذين كفروا ليزلقونك بأبصارهم ) قال ابن عباس ومجاهد وغيرهما : ( ليزلقونك ) لينفذونك بأبصارهم ، أي : ليعينونك بأبصارهم ، بمعنى : يحسدونك لبغضهم إياك لولا وقاية الله لك ، وحمايته إياك منهم . وفي هذه الآية دليل على أن العين إصابتها وتأثيرها حق ، بأمر الله ، عز وجل ، كما وردت بذلك الأحاديث المروية من طرق متعددة كثيرة .\nحديث أنس بن مالك رضي الله عنه : قال أبو داود : حدثنا سليمان بن داود العتكي ، حدثنا شريك ( ح ) ، وحدثنا العباس العنبري ، حدثنا يزيد بن هارون ، أنبأنا شريك ، عن العباس بن ذريح ، عن الشعبي قال العباس : عن أنس قال : قال النبي صلى الله عليه وسلم : \" لا رقية إلا من عين أو حمة أو دم لا يرقأ \" . لم يذكر العباس العين . وهذا لفظ سليمان .\nحديث بريدة بن الحصيب رضي الله عنه : قال أبو عبد الله ابن ماجه : حدثنا محمد بن عبد الله بن نمير ، حدثنا إسحاق بن سليمان ، عن أبي جعفر الرازي ، عن حصين ، عن الشعبي ، عن بريدة بن الحصيب قال : قال رسول الله صلى الله عليه وسلم : \" لا رقية إلا من عين أو حمة \"\nهكذا رواه ابن ماجه وقد أخرجه مسلم في صحيحه ، عن سعيد بن منصور ، عن هشيم ، عن حصين بن عبد الرحمن ، عن عامر الشعبي ، عن بريدة موقوفا ، وفيه قصة ، وقد رواه شعبة ، عن حصين ، عن الشعبي ، عن بريدة . قاله الترمذي وروى هذا الحديث الإمام البخاري من حديث محمد بن فضيل وأبو داود من حديث مالك بن مغول ، والترمذي من حديث سفيان بن عيينة ، ثلاثتهم عن حصين ، عن عامر ، عن الشعبي ، عن عمران بن حصين موقوفا .\nحديث أبي جندب بن جنادة : قال الحافظ أبو يعلى الموصلي رحمه الله : حدثنا إبراهيم بن محمد بن عرعرة بن البرند السامي ، حدثنا ديلم بن غزوان ، حدثنا وهب بن أبي دبي ، عن أبي حرب ، عن أبي ذر قال : قال رسول الله صلى الله عليه وسلم : \" إن العين لتولع الرجل بإذن الله ، فيتصاعد حالقا ، ثم يتردى منه \" إسناده غريب ، ولم يخرجوه .\nحديث حابس التميمي : قال الإمام أحمد : حدثنا عبد الصمد ، حدثنا حرب ، حدثنا يحيى بن أبي كثير ، حدثني حية بن حابس التميمي : أن أباه أخبره : أنه سمع رسول الله صلى الله عليه وسلم يقول : \" لا شيء في الهام ، والعين حق ، وأصدق الطيرة الفأل \"\nوقد رواه الترمذي ، عن عمرو بن علي ، عن أبي غسان يحيى بن كثير ، عن علي بن المبارك ، عن يحيى بن أبي كثير به ثم قال غريب . قال وروى شيبان ، عن يحيى بن أبي كثير ، عن حية بن حابس عن أبيه ، عن أبي هريرة‌ عن النبي صلى الله عليه وسلم .\nقلت : كذلك رواه الإمام أحمد ، عن حسن بن موسى ، وحسين بن محمد ، عن شيبان عن يحيى بن أبي كثير ، عن حية ، حدثه عن أبيه ، عن أبي هريرة ; أن رسول الله صلى الله عليه وسلم قال : \" لا بأس في الهام ، والعين حق ، وأصدق الطيرة الفأل \"\nحديث ابن عباس : قال الإمام أحمد : حدثنا عبد الله بن الوليد ، عن سفيان ، عن دويد ، حدثني إسماعيل بن ثوبان ، عن جابر بن زيد ، عن ابن عباس قال : قال رسول الله صلى الله عليه وسلم : \" العين حق ، العين حق ، تستنزل الحالق \"\nطريق أخرى : قال مسلم في صحيحه : حدثنا عبد الله بن عبد الرحمن الدارمي ، أخبرنا مسلم بن إبراهيم ، حدثنا وهيب ، عن ابن طاوس عن أبيه ، عن ابن عباس عن النبي صلى الله عليه وسلم قال : \" العين حق ، ولو كان شيء سابق القدر سبقت العين ، وإذا اغتسلتم فاغسلوا \" . انفرد به دون البخاري .\nوقال عبد الرزاق ، عن سفيان الثوري ، عن منصور ، عن المنهال بن عمرو ، عن سعيد بن جبير ، عن ابن عباس قال : كان رسول الله صلى الله عليه وسلم يعوذ الحسن والحسين يقول : \" أعيذكما بكلمات الله التامة ، من كل شيطان وهامة ، ومن كل عين لامة \" ، ويقول هكذا كان إبراهيم يعوذ إسحاق وإسماعيل عليهما السلام \" .\nأخرجه البخاري وأهل السنن من حديث المنهال به .\nحديث أبي أمامة أسعد بن سهل بن حنيف رضي الله عنه : \" قال ابن ماجه : حدثنا هشام بن عمار ، حدثنا سفيان ، عن الزهري ، عن أبي أمامة ابن سهل بن حنيف قال : مر عامر بن ربيعة بسهل بن حنيف وهو يغتسل ، فقال : لم أر كاليوم ولا جلد مخبأة ، فما لبث أن لبط به ، فأتي به رسول الله صلى الله عليه وسلم فقيل له : أدرك سهلا صريعا . قال : \" من تتهمون به ؟ \" . قالوا : عامر بن ربيعة . قال : \" علام يقتل أحدكم أخاه ؟ إذا رأى أحدكم من أخيه ما يعجبه فليدع له بالبركة \" . ثم دعا بماء فأمر عامرا أن يتوضأ فيغسل وجهه ويديه إلى المرفقين ، وركبتيه ، وداخلة إزاره ، وأمره أن يصب عليه .\nقال سفيان : قال معمر ، عن الزهري : وأمر أن يكفأ الإناء من خلفه .\nوقد رواه النسائي من حديث سفيان بن عيينة ومالك بن أنس كلاهما عن الزهري به . ومن حديث سفيان بن عيينة أيضا عن معمر ، عن الزهري ، عن أبي أمامة : ويكفأ الإناء من خلفه . ومن حديث ابن أبي ذئب ، عن الزهري ، عن أبي أمامة أسعد بن سهل بن حنيف عن أبيه ، به . ومن حديث مالك أيضا ، عن محمد بن أبي أمامة بن سهل عن أبيه ، به .\nحديث أبي سعيد الخدري : قال ابن ماجه : حدثنا أبو بكر بن أبي شيبة ، حدثنا سعيد بن سليمان ، حدثنا عباد ، عن الجريري ، عن أبي نضرة ، عن أبي سعيد قال : كان رسول الله صلى الله عليه وسلم يتعوذ من أعين الجان وأعين الإنس ، فلما نزل المعوذتان أخذ بهما وترك ما سوى ذلك .\nورواه الترمذي والنسائي من حديث سعيد بن إياس أبي مسعود الجريري به ، وقال الترمذي : حسن .\nحديث آخر عنه : قال الإمام أحمد : حدثنا عبد الصمد بن عبد الوارث حدثني أبي ، حدثني عبد العزيز بن صهيب ، حدثني أبو نضرة ، عن أبي سعيد : أن جبريل أتى رسول الله صلى الله عليه وسلم فقال : اشتكيت يا محمد ؟ قال : \" نعم \" . قال : باسم الله أرقيك ، من كل شيء يؤذيك ، من شر كل نفس وعين يشفيك ، باسم الله أرقيك .\nورواه عن عفان ، عن عبد الوارث مثله . ورواه مسلم وأهل السنن - إلا أبا داود - من حديث عبد الوارث به .\nوقال الإمام أحمد أيضا : حدثنا عفان ، حدثنا وهيب ، حدثنا داود ، عن أبي نضرة ، عن أبي سعيد - أو : جابر بن عبد الله ; أن رسول الله صلى الله عليه وسلم اشتكى ، فأتاه جبريل فقال : باسم الله أرقيك ، من كل شيء يؤذيك ، من كل حاسد وعين الله يشفيك .\nورواه أيضا ، عن محمد بن عبد الرحمن الطفاوي ، عن داود ، عن أبي نضرة ، عن أبي سعيد به .\nقال أبو زرعة الرازي : روى عبد الصمد بن عبد الوارث عن أبيه ، عن عبد العزيز ، عن أبي نضرة ، وعن عبد العزيز ، عن أنس في معناه ، وكلاهما صحيح .\nحديث أبى هريرة‌ : قال الإمام أحمد : حدثنا عبد الرزاق ، أنبأنا معمر ، عن همام بن منبه قال : هذا ما حدثنا أبو هريرة‌ عن رسول الله صلى الله عليه وسلم : \" إن العين حق \"\nأخرجاه من حديث عبد الرزاق .\nوقال ابن ماجه : حدثنا أبو بكر بن أبي شيبة ، حدثنا إسماعيل بن علية ، عن الجريري ، عن مضارب بن حزن ، عن أبي هريرة‌ قال : قال رسول الله صلى الله عليه وسلم : \" العين حق \" . تفرد به .\nورواه أحمد ، عن إسماعيل بن علية ، عن سعيد الجريري به .\nوقال الإمام أحمد ، حدثنا ابن نمير ، حدثنا ثور - يعني ابن يزيد - عن مكحول ، عن أبي هريرة‌ قال : قال رسول الله صلى الله عليه وسلم \" العين حق ، ويحضرها الشيطان ، وحسد ابن آدم \"\nوقال أحمد : حدثنا خلف بن الوليد ، حدثنا أبو معشر ، عن محمد بن قيس : سئل أبو هريرة‌ : هل سمعت رسول الله يقول : الطيرة في ثلاث : في المسكن والفرس والمرأة ؟ قال : قلت : إذا أقول على رسول الله صلى الله عليه وسلم ما لم يقل ، ولكني سمعت رسول الله صلى الله عليه وسلم يقول : \" أصدق الطيرة الفأل ، والعين حق \"\nحديث أسماء بنت عميس : قال الإمام أحمد : حدثنا سفيان ، عن عمرو بن دينار ، عن عروة بن عامر ، عن عبيد بن رفاعة الزرقي قال : قالت أسماء : يا رسول الله ، إن بني جعفر تصيبهم العين ، أفأسترقي لهم ؟ قال : \" نعم ، فلو كان شيء يسبق القدر لسبقته العين \"\nوكذا رواه الترمذي وابن ماجه من حديث سفيان بن عيينة به ، ورواه الترمذي أيضا والنسائي من حديث عبد الرزاق ، عن معمر ، عن أيوب ، عن عمرو بن دينار ، عن عروة بن عامر عن عبيد بن رفاعة ، عن أسماء بنت عميس ، به وقال الترمذي : حسن صحيح .\nحديث عائشة ، رضي الله عنها : قال ابن ماجه : حدثنا علي بن أبي الخصيب ، حدثنا وكيع ، عن سفيان ومسعر ، عن معبد بن خالد ، عن عبد الله بن شداد ، عن عائشة ; أن رسول الله صلى الله عليه وسلم أمرها أن تسترقي من العين .\nورواه البخاري ، عن محمد بن كثير ، عن سفيان ، عن معبد بن خالد به . وأخرجه مسلم من حديث سفيان ومسعر كلاهما عن معبد به ثم قال ابن ماجه :\nحدثنا محمد بن بشار ، حدثنا أبو هشام المخزومي ، حدثنا وهيب ، عن أبي واقد ، عن أبي سلمة بن عبد الرحمن ، عن عائشة قالت : قال رسول الله صلى الله عليه وسلم : \" استعيذوا بالله فإن النفس حق \" . تفرد به\nوقال أبو داود : حدثنا عثمان بن أبي شيبة ، حدثنا جرير ، حدثنا الأعمش ، عن إبراهيم ، عن الأسود ، عن عائشة قالت : كان يؤمر العائن فيتوضأ ويغسل منه المعين .\nحديث سهل بن حنيف : قال الإمام أحمد : حدثنا حسين بن محمد ، حدثنا أبو أويس ، حدثنا الزهري ، عن أبي أمامة بن سهل بن حنيف : أن أباه حدثه أن رسول الله صلى الله عليه وسلم خرج وساروا معه نحو مكة ، حتى إذا كانوا بشعب الخرار - من الجحفة - اغتسل سهل بن حنيف - وكان رجلا أبيض حسن الجسم والجلد - فنظر إليه عامر بن ربيعة أخو بني عدي بن كعب ، وهو يغتسل ، فقال : ما رأيت كاليوم ولا جلد مخبأة ، فلبط سهل ، فأتي رسول الله صلى الله عليه وسلم فقيل له : يا رسول الله ، هل لك في سهل . والله ما يرفع رأسه ولا يفيق . قال : \" هل تتهمون فيه من أحد؟ \" . قالوا : نظر إليه عامر بن ربيعة ، فدعا رسول الله صلى الله عليه وسلم عامرا ، فتغيظ عليه ، وقال : \" علام يقتل أحدكم أخاه ، هلا إذا رأيت ما يعجبك بركت؟ \" ، ثم قال له : \" اغتسل له \" - فغسل وجهه ويديه ومرفقيه وركبتيه وأطراف رجليه وداخلة إزاره في قدح - ثم صب ذلك الماء عليه . يصبه رجل على رأسه وظهره من خلفه ، ثم يكفأ القدح وراءه ، ففعل ذلك ، فراح سهل مع الناس ، ليس به بأس .\nحديث عامر بن ربيعة : \" قال الإمام أحمد في مسند عامر : حدثنا وكيع حدثنا أبي ، حدثنا عبد الله بن عيسى ، عن أمية بن هند بن سهل بن حنيف ، عن عبد الله بن عامر قال : انطلق عامر بن ربيعة وسهل بن حنيف يريدان الغسل ، قال : فانطلقا يلتمسان الخمر - قال : فوضع عامر جبة كانت عليه من صوف ، فنظرت إليه فأصبته بعيني فنزل الماء يغتسل . قال : فسمعت له في الماء فرقعة ، فأتيته فناديته ثلاثا فلم يجبني ، فأتيت النبي صلى الله عليه وسلم فأخبرته . قال : فجاء يمشي فخاض الماء كأني أنظر إلى بياض ساقيه ، قال : فضرب صدره بيده ثم قال : \" اللهم اصرف عنه حرها وبردها ووصبها \" . قال : فقام ، فقال رسول الله صلى الله عليه وسلم : \" إذا رأى أحدكم من أخيه ، أو من نفسه أو من ماله ، ما يعجبه ، فليبرك ، فإن العين حق \" .\nحديث جابر : قال الحافظ أبو بكر البزار في مسنده : حدثنا محمد بن معمر ، حدثنا أبو داود ، حدثنا طالب بن حبيب بن عمرو بن سهل الأنصاري - ويقال له : ابن الضجيع ، ضجيع حمزة رضي الله عنه - حدثني عبد الرحمن بن جابر بن عبد الله عن أبيه قال : قال رسول الله صلى الله عليه وسلم : \" أكثر من يموت من أمتي بعد كتاب الله وقضائه وقدره بالأنفس \"\nقال البزار : يعني العين . قال ولا نعلم يروى هذا الحديث عن النبي صلى الله عليه وسلم إلا بهذا الإسناد .\nقلت : بل قد روي من وجه آخر عن جابر ; قال الحافظ أبو عبد الرحمن محمد بن المنذر الهروي - المعروف بشكر - في كتاب العجائب ، وهو مشتمل على فوائد جليلة وغريبة : حدثنا الرهاوي ، حدثنا يعقوب بن محمد ، حدثنا علي بن أبي علي الهاشمي ، حدثنا محمد بن المنكدر ، عن جابر بن عبد الله أن رسول الله صلى الله عليه وسلم قال : \" العين حق ، لتورد الرجل القبر ، والجمل القدر ، وإن أكثر هلاك أمتي في العين \"\nثم رواه عن شعيب بن أيوب ، عن معاوية بن هشام ، عن سفيان ، عن محمد بن المنكدر ، عن جابر قال : قال رسول الله صلى الله عليه وسلم : \" قد تدخل الرجل العين في القبر ، وتدخل الجمل القدر \"\nحديث عبد الله بن عمرو : \" قال الإمام أحمد : حدثنا قتيبة ، حدثنا رشدين بن سعد ، عن الحسن بن ثوبان ، عن هشام بن أبي رقية ، عن عبد الله بن عمرو قال : قال رسول الله صلى الله عليه وسلم : \" لا عدوى ولا طيرة ، ولا هامة ولا حسد ، والعين حق \" . تفرد به أحمد .\nحديث عن علي : روى الحافظ ابن عساكر من طريق خيثمة بن سليمان الحافظ ، حدثنا عبيد بن محمد الكشوري ، حدثنا عبد الله بن عبد الله بن عبد ربه البصري ، عن أبي رجاء ، عن شعبة ، عن أبي إسحاق ، عن الحارث ، عن علي ؛ أن جبريل أتى النبي صلى الله عليه وسلم فوافقه مغتما ، فقال : يا محمد ، ما هذا الغم الذي أراه في وجهك ؟ قال : \" الحسن والحسين أصابتهما عين \" . قال : صدق بالعين ، فإن العين حق ، أفلا عوذتهما بهؤلاء الكلمات ؟ قال : \" وما هن يا جبريل ؟ \" . قال : قل : اللهم ذا السلطان العظيم ، ذا المن القديم ، ذا الوجه الكريم ، ولي الكلمات التامات ، والدعوات المستجابات ، عاف الحسن والحسين من أنفس الجن ، وأعين الإنس ، فقالها النبي صلى الله عليه وسلم فقاما يلعبان بين يديه ، فقال النبي صلى الله عليه وسلم : \" عوذوا أنفسكم ونساءكم وأولادكم بهذا التعويذ ، فإنه لم يتعوذ المتعوذون بمثله \"\nقال الخطيب البغدادي : تفرد بروايته أبو رجاء محمد بن عبيد الله الحيطي من أهل تستر . ذكره ابن عساكر في ترجمة \" طراد بن الحسين \" ، من تاريخه .( ويقولون إنه لمجنون ) أي : يزدرونه بأعينهم ويؤذونه بألسنتهم ، ويقولون : ( إنه لمجنون ) أي : لمجيئه بالقرآن"
  }, {
    "id" : 52,
    "eya" : "وَمَا هُوَ إِلَّا ذِكْرٌ لِّلْعَالَمِينَ (52) ",
    "tafsir" : "قال الله تعالى ( وما هو إلا ذكر للعالمين )"
  } ]
}