{
  "id" : 69,
  "nbAya" : 52,
  "name" : "الحَاقَّة",
  "type" : "مكيَّة",
  "ayets" : [ {
    "id" : 1,
    "eya" : "الْحَاقَّةُ (1) ",
    "tafsir" : "تفسير سورة الحاقة وهي مكية .\nالحاقة من أسماء يوم القيامة ; لأن فيها يتحقق الوعد والوعيد ;"
  }, {
    "id" : 2,
    "eya" : "مَا الْحَاقَّةُ (2) ",
    "tafsir" : "الحاقة من أسماء يوم القيامة ; لأن فيها يتحقق الوعد والوعيد ;"
  }, {
    "id" : 3,
    "eya" : "وَمَا أَدْرَاكَ مَا الْحَاقَّةُ (3) ",
    "tafsir" : "ولهذا عظم تعالى أمرها فقال : ( وما أدراك ما الحاقة )"
  }, {
    "id" : 4,
    "eya" : "كَذَّبَتْ ثَمُودُ وَعَادٌ بِالْقَارِعَةِ (4) ",
    "tafsir" : "ثم ذكر تعالى إهلاكه الأمم المكذبين بها"
  }, {
    "id" : 5,
    "eya" : "فَأَمَّا ثَمُودُ فَأُهْلِكُوا بِالطَّاغِيَةِ (5) ",
    "tafsir" : "فقال تعالى : ( فأما ثمود فأهلكوا بالطاغية ) وهي الصيحة التي أسكتتهم ، والزلزلة التي أسكنتهم . هكذا قال قتادة ، الطاغية : الصيحة . وهو اختيار ابن جرير .\nوقال مجاهد : الطاغية الذنوب . وكذا قال الربيع بن أنس وابن زيد : إنها الطغيان ، وقرأ ابن زيد : ( كذبت ثمود بطغواها )[ الشمس : 11 ]\nوقال السدي : ( فأهلكوا بالطاغية ) قال : يعني : عاقر الناقة ."
  }, {
    "id" : 6,
    "eya" : "وَأَمَّا عَادٌ فَأُهْلِكُوا بِرِيحٍ صَرْصَرٍ عَاتِيَةٍ (6) ",
    "tafsir" : "( وأما عاد فأهلكوا بريح صرصر ) أي : باردة . قال قتادة والربيع والسدي والثوري : ( عاتية ) أي : شديدة الهبوب . قال قتادة : عتت عليهم حتى نقبت عن أفئدتهم .\nوقال الضحاك : ( صرصر ) باردة ) عاتية ) عتت عليهم بغير رحمة ولا بركة . وقال علي وغيره : عتت على الخزنة فخرجت بغير حساب ."
  }, {
    "id" : 7,
    "eya" : "سَخَّرَهَا عَلَيْهِمْ سَبْعَ لَيَالٍ وَثَمَانِيَةَ أَيَّامٍ حُسُومًا فَتَرَى الْقَوْمَ فِيهَا صَرْعَىٰ كَأَنَّهُمْ أَعْجَازُ نَخْلٍ خَاوِيَةٍ (7) ",
    "tafsir" : "( سخرها عليهم ) أي : سلطها عليهم ( سبع ليال وثمانية أيام حسوما ) أي : كوامل متتابعات مشائيم .\nقال ابن مسعود وابن عباس ومجاهد وعكرمة والثوري وغير واحد ) حسوما ) متتابعات .\nوعن عكرمة والربيع : مشائيم عليهم ، كقوله : ( في أيام نحسات )[ فصلت : 16 ] قال الربيع : وكان أولها الجمعة . وقال غيره الأربعاء . ويقال : إنها التي تسميها الناس الأعجاز ; وكأن الناس أخذوا ذلك من قوله تعالى : ( فترى القوم فيها صرعى كأنهم أعجاز نخل خاوية ) وقيل : لأنها تكون في عجز الشتاء ، ويقال : أيام العجوز ; لأن عجوزا من قوم عاد دخلت سربا فقتلها الريح في اليوم الثامن . حكاه البغوي والله أعلم .\nقال ابن عباس : ( خاوية ) خربة . وقال غيره : بالية ، أي : جعلت الريح تضرب بأحدهم الأرض فيخر ميتا على أم رأسه ، فينشدخ رأسه وتبقى جثته هامدة كأنها قائمة النخلة إذا خرت بلا أغصان .\nوقد ثبت في الصحيحين ، عن رسول الله صلى الله عليه وسلم أنه قال : \" نصرت بالصبا ، وأهلكت عاد بالدبور \"\nوقال ابن أبي حاتم : حدثنا أبي ، حدثنا محمد بن يحيى بن الضريس العبدي ، حدثنا ابن فضيل ، عن مسلم ، عن مجاهد ، عن ابن عمر قال : قال رسول الله صلى الله عليه وسلم : \" ما فتح الله على عاد من الريح التي أهلكوا فيها إلا مثل موضع الخاتم ، فمرت بأهل البادية فحملتهم ومواشيهم وأموالهم ، فجعلتهم بين السماء والأرض ، فلما رأى ذلك أهل الحاضرة الريح وما فيها قالوا : هذا عارض ممطرنا ، فألقت أهل البادية ومواشيهم على أهل الحاضرة \"\nوقال الثوري ، عن ليث ، عن مجاهد : الريح لها جناحان وذنب ."
  }, {
    "id" : 8,
    "eya" : "فَهَلْ تَرَىٰ لَهُم مِّن بَاقِيَةٍ (8) ",
    "tafsir" : "( فهل ترى لهم من باقية ) ؟ أي : هل تحس منهم من أحد من بقاياهم أنه ممن ينتسب إليهم ؟ بل بادوا عن آخرهم ولم يجعل الله لهم خلفا ."
  }, {
    "id" : 9,
    "eya" : "وَجَاءَ فِرْعَوْنُ وَمَن قَبْلَهُ وَالْمُؤْتَفِكَاتُ بِالْخَاطِئَةِ (9) ",
    "tafsir" : "ثم قال تعالى : ( وجاء فرعون ومن قبله ) قرئ بكسر القاف ، أي : ومن عنده في زمانه من أتباعه من كفار القبط . وقرأ آخرون بفتحها ، أي : ومن قبله من الأمم المشبهين له .( والمؤتفكات ) وهم المكذبون بالرسل . ) بالخاطئة ) أي بالفعلة الخاطئة ، وهي التكذيب بما أنزل الله .\nقال الربيع : ( بالخاطئة ) أي : بالمعصية وقال مجاهد : بالخطايا ."
  }, {
    "id" : 10,
    "eya" : "فَعَصَوْا رَسُولَ رَبِّهِمْ فَأَخَذَهُمْ أَخْذَةً رَّابِيَةً (10) ",
    "tafsir" : "ولهذا قال : تعالى ( فعصوا رسول ربهم ) وهذا جنس ، أي : كل كذب رسول الله إليهم . كما قال : ( كل كذب الرسل فحق وعيد )[ ق : 14 ] . ومن كذب رسول الله فقد كذب بالجميع ، كما قال : ( كذبت قوم نوح المرسلين )[ الشعراء : 105 ]( كذبت عاد المرسلين )[ الشعراء : 123 ]( كذبت ثمود المرسلين )[ الشعراء : 141 ] وإنما جاء إلى كل أمة رسول واحد ; ولهذا قال ها هنا : ( فعصوا رسول ربهم فأخذهم أخذة رابية ) أي : عظيمة شديدة أليمة .( رابية ) شديدة . وقال السدي : مهلكة ."
  }, {
    "id" : 11,
    "eya" : "إِنَّا لَمَّا طَغَى الْمَاءُ حَمَلْنَاكُمْ فِي الْجَارِيَةِ (11) ",
    "tafsir" : "ثم قال الله تعالى : ( إنا لما طغى الماء ) أي : زاد على الحد بإذن الله وارتفع على الوجود . وقال ابن عباس وغيره : ( طغى الماء ) كثر - وذلك بسبب دعوة نوح عليه السلام ، على قومه حين كذبوه وخالفوه ، فعبدوا غير الله فاستجاب الله له وعم أهل الأرض بالطوفان إلا من كان مع نوح في السفينة ، فالناس كلهم من سلالة نوح وذريته .\nوقال ابن جرير : حدثنا ابن حميد ، حدثنا مهران ، عن أبي سنان سعيد بن سنان ، عن غير واحد ، عن علي بن أبي طالب قال : لم تنزل قطرة من ماء إلا بكيل على يدي ملك ، فلما كان يوم نوح أذن للماء دون الخزان ، فطغى الماء على الخزان فخرج ، فذلك قول الله : ( إنا لما طغى الماء حملناكم في الجارية ) ولم ينزل شيء من الريح إلا بكيل على يدي ملك ، إلا يوم عاد ، فإنه أذن لها دون الخزان فخرجت ، فذلك قوله : ( بريح صرصر عاتية ) عتت على الخزان .\nولهذا قال تعالى ممتنا على الناس : ( إنا لما طغى الماء حملناكم في الجارية ) وهي السفينة الجارية على وجه الماء"
  }, {
    "id" : 12,
    "eya" : "لِنَجْعَلَهَا لَكُمْ تَذْكِرَةً وَتَعِيَهَا أُذُنٌ وَاعِيَةٌ (12) ",
    "tafsir" : "( لنجعلها لكم تذكرة ) عاد الضمير على الجنس لدلالة المعنى عليه ، أي : وأبقينا لكم من جنسها ما تركبون على تيار الماء في البحار ، كما قال : ( وجعل لكم من الفلك والأنعام ما تركبون لتستووا على ظهوره ثم تذكروا نعمة ربكم إذا استويتم عليه )[ الزخرف : 12 ، 13 ] ، وقال تعالى : ( وآية لهم أنا حملنا ذريتهم في الفلك المشحون وخلقنا لهم من مثله ما يركبون )[ يس : 41 ، 42 ]\nوقال قتادة : أبقى الله السفينة حتى أدركها أوائل هذه الأمة ، والأول أظهر ; ولهذا قال : ( وتعيها أذن واعية ) أي : وتفهم هذه النعمة ، وتذكرها أذن واعية .\nقال ابن عباس : حافظة سامعة ، وقال قتادة : ( أذن واعية ) عقلت عن الله فانتفعت بما سمعت من كتاب الله ، وقال الضحاك : ( وتعيها أذن واعية ) سمعتها أذن ووعت . أي : من له سمع صحيح وعقل رجيح . وهذا عام فيمن فهم ، ووعى .\nوقد قال ابن أبي حاتم : حدثنا أبو زرعة الدمشقي ، حدثنا العباس بن الوليد بن صبح الدمشقي ، حدثنا زيد بن يحيى ، حدثنا علي بن حوشب ، سمعت مكحولا يقول : لما نزل على رسول الله صلى الله عليه وسلم : ( وتعيها أذن واعية ) قال رسول الله صلى الله عليه وسلم \" سألت ربي أن يجعلها أذن علي \"[ قال مكحول ] فكان علي يقول : ما سمعت من رسول الله صلى الله عليه وسلم شيئا قط فنسيته .\nوهكذا رواه ابن جرير ، عن علي بن سهل ، عن الوليد بن مسلم ، عن علي بن حوشب ، عن مكحول به . وهو حديث مرسل .\nوقد قال ابن أبي حاتم أيضا : حدثنا جعفر بن محمد بن عامر ، حدثنا بشر بن آدم ، حدثنا عبد الله بن الزبير أبو محمد - يعني والد أبي أحمد الزبيري - حدثني صالح بن الهيثم ، سمعت بريدة الأسلمي يقول : قال رسول الله صلى الله عليه وسلم لعلي : \" إني أمرت أن أدنيك ولا أقصيك ، وأن أعلمك وأن تعي ، وحق لك أن تعي \" . قال : فنزلت هذه الآية ( وتعيها أذن واعية )\nورواه ابن جرير عن محمد بن خلف ، عن بشر بن آدم ، به ، ثم رواه ابن جرير من طريق آخر عن داود الأعمى ، عن بريدة ، به . ولا يصح أيضا ."
  }, {
    "id" : 13,
    "eya" : "فَإِذَا نُفِخَ فِي الصُّورِ نَفْخَةٌ وَاحِدَةٌ (13) ",
    "tafsir" : "يقول تعالى مخبرا عن أهوال يوم القيامة ، وأول ذلك نفخة الفزع ، ثم يعقبها نفخة الصعق حين يصعق من في السماوات ومن في الأرض إلا من شاء الله ، ثم بعدها نفخة القيام لرب العالمين ، والبعث والنشور ، وهي هذه النفخة . وقد أكدها هاهنا بأنها واحدة ، لأن أمر الله لا يخالف ولا يمانع ، ولا يحتاج إلى تكرار وتأكيد .\nوقال الربيع : هي النفخة الأخيرة . والظاهر ما قلناه ; ولهذا قال هاهنا :"
  }, {
    "id" : 14,
    "eya" : "وَحُمِلَتِ الْأَرْضُ وَالْجِبَالُ فَدُكَّتَا دَكَّةً وَاحِدَةً (14) ",
    "tafsir" : "( وحملت الأرض والجبال فدكتا دكة واحدة ) أي : فمدت مد الأديم العكاظي ، وتبدلت الأرض غير الأرض"
  }, {
    "id" : 15,
    "eya" : "فَيَوْمَئِذٍ وَقَعَتِ الْوَاقِعَةُ (15) ",
    "tafsir" : "( فيومئذ وقعت الواقعة ) أي : قامت القيامة ."
  }, {
    "id" : 16,
    "eya" : "وَانشَقَّتِ السَّمَاءُ فَهِيَ يَوْمَئِذٍ وَاهِيَةٌ (16) ",
    "tafsir" : "( وانشقت السماء فهي يومئذ واهية ) قال سماك عن شيخ من بني أسد ، عن علي قال : تنشق السماء من المجرة . رواه ابن أبي حاتم .\nوقال ابن جريج : هي كقوله : ( وفتحت السماء فكانت أبوابا )[ النبأ : 19 ]\nوقال ابن عباس : منخرقة ، والعرش بحذائها ."
  }, {
    "id" : 17,
    "eya" : "وَالْمَلَكُ عَلَىٰ أَرْجَائِهَا ۚ وَيَحْمِلُ عَرْشَ رَبِّكَ فَوْقَهُمْ يَوْمَئِذٍ ثَمَانِيَةٌ (17) ",
    "tafsir" : "( والملك على أرجائها ) الملك : اسم جنس ، أي : الملائكة على أرجاء السماء .\nقال ابن عباس : على ما لم يه منها ، أي : حافتها . وكذا قال سعيد بن جبير ، والأوزاعي . وقال الضحاك : أطرافها . وقال الحسن البصري : أبوابها . وقال الربيع بن أنس في قوله : ( والملك على أرجائها ) يقول : على ما استدق من السماء ، ينظرون إلى أهل الأرض .( ويحمل عرش ربك فوقهم يومئذ ثمانية ) أي : يوم القيامة يحمل العرش ثمانية من الملائكة . ويحتمل أن يكون المراد بهذا العرش العرش العظيم ، أو : العرش الذي يوضع في الأرض يوم القيامة لفصل القضاء ، والله أعلم بالصواب . وفي حديث عبد الله بن عميرة ، عن الأحنف بن قيس ، عن العباس بن عبد المطلب في ذكر حملة العرش أنهم ثمانية أوعال .\nوقال ابن أبى حاتم : حدثنا أبو سعيد يحيى بن سعيد ، حدثنا زيد بن الحباب ، حدثني أبو السمح البصري ، حدثنا أبو قبيل حيي بن هانئ : أنه سمع عبد الله بن عمرو يقول : حملة العرش ثمانية ، ما بين موق أحدهم إلى مؤخر عينه مسيرة مائة عام .\nوقال ابن أبي حاتم : حدثنا أبي قال : كتب إلي أحمد بن حفص بن عبد الله النيسابوري : حدثني أبي ، حدثنا إبراهيم بن طهمان ، عن موسى بن عقبة ، عن محمد بن المنكدر ، عن جابر قال : قال رسول الله صلى الله عليه وسلم : \" أذن لي أن أحدثكم عن ملك من حملة العرش : بعد ما بين شحمة أذنه وعنقه بخفق الطير سبعمائة عام \"\nوهذا إسناد جيد ، رجاله ثقات . وقد رواه أبو داود في كتاب \" السنة \" من سننه : حدثنا أحمد بن حفص بن عبد الله ، حدثنا أبي ، حدثنا إبراهيم بن طهمان ، عن موسى بن عقبة ، عن محمد بن المنكدر ، عن جابر بن عبد الله ; أن رسول الله صلى الله عليه وسلم قال : \" أذن لي أن أحدث عن ملك من ملائكة الله من حملة العرش : أن ما بين شحمة أذنه إلى عاتقه مسير سبعمائة عام \" . هذا لفظ أبي داود .\nوقال ابن أبي حاتم : حدثنا أبو زرعة ، حدثنا يحيى بن المغيرة ، حدثنا جرير ، عن أشعث ، عن جعفر ، عن سعيد بن جبير في قوله : ( ويحمل عرش ربك فوقهم يومئذ ثمانية ) قال : ثمانية صفوف من الملائكة . قال : وروي عن الشعبي [ وعكرمة ] والضحاك . وابن جريج مثل ذلك . وكذا روى السدي ، عن أبي مالك ، عن ابن عباس : ثمانية صفوف . وكذا روى العوفي عنه .\nوقال الضحاك ، عن ابن عباس : الكروبيون ثمانية أجزاء ، كل جنس منهم بقدر الإنس والجن والشياطين والملائكة ."
  }, {
    "id" : 18,
    "eya" : "يَوْمَئِذٍ تُعْرَضُونَ لَا تَخْفَىٰ مِنكُمْ خَافِيَةٌ (18) ",
    "tafsir" : "وقوله : أي تعرضون على عالم السر والنجوى الذي لا يخفى عليه شيء من أموركم ، بل هو عالم بالظواهر والسرائر والضمائر ; ولهذا قال : ( لا تخفى منكم خافية )\nوقد قال ابن أبي الدنيا : أخبرنا إسحاق بن إسماعيل ، أخبرنا سفيان بن عيينة ، عن جعفر بن برقان ، عن ثابت بن الحجاج قال : قال عمر بن الخطاب رضي الله عنه : حاسبوا أنفسكم قبل أن تحاسبوا ، وزنوا أنفسكم قبل أن توزنوا ، فإنه أخف عليكم في الحساب غدا أن تحاسبوا أنفسكم اليوم ، وتزينوا للعرض الأكبر : ( يومئذ تعرضون لا تخفى منكم خافية )\nوقال الإمام أحمد : حدثنا وكيع ، حدثنا علي بن علي بن رفاعة ، عن الحسن ، عن أبي موسى قال : قال رسول الله صلى الله عليه وسلم : \" يعرض الناس يوم القيامة ثلاث عرضات ، فأما عرضتان فجدال ومعاذير ، وأما الثالثة فعند ذلك تطير الصحف في الأيدي ، فآخذ بيمينه وآخذ بشماله \"\nورواه ابن ماجه ، عن أبي بكر بن أبي شيبة ، عن وكيع به ، وقد رواه الترمذي ، عن أبي كريب ، عن وكيع ، عن علي بن علي ، عن الحسن ، عن أبي هريرة‌ به .\nوقد روى ابن جرير ، عن مجاهد بن موسى ، عن يزيد ، عن سليمان بن حيان ، عن مروان الأصغر ، عن أبي وائل ، عن عبد الله قال : يعرض الناس يوم القيامة ثلاث عرضات : عرضتان ، معاذير وخصومات ، والعرضة الثالثة تطير الصحف في الأيدي . ورواه سعيد بن أبي عروبة ، عن قتادة مرسلا مثله ."
  }, {
    "id" : 19,
    "eya" : "فَأَمَّا مَنْ أُوتِيَ كِتَابَهُ بِيَمِينِهِ فَيَقُولُ هَاؤُمُ اقْرَءُوا كِتَابِيَهْ (19) ",
    "tafsir" : "يخبر تعالى عن سعادة من أوتي كتابه يوم القيامة بيمينه ، وفرحه بذلك ، وأنه من شدة فرحه يقول لكل من لقيه : ( هاؤم اقرءوا كتابيه ) أي : خذوا اقرؤوا كتابيه ; لأنه يعلم أن الذي فيه خير وحسنات محضة ; لأنه ممن بدل الله سيئاته حسنات .\nقال عبد الرحمن بن زيد : معنى : ( هاؤم اقرءوا كتابيه ) أي : ها اقرؤوا كتابيه ، و \" ؤم \" زائدة . كذا قال ، والظاهر أنها بمعنى : هاكم .\nوقد قال ابن أبى حاتم حدثنا : بشر بن مطر الواسطي ، حدثنا يزيد بن هارون ، أخبرنا عاصم الأحول عن أبي عثمان قال : المؤمن يعطى كتابه [ بيمينه ] في ستر من الله ، فيقرأ سيئاته ، فكلما قرأ سيئة تغير لونه حتى يمر بحسناته فيقرؤها ، فيرجع إليه لونه . ثم ينظر فإذا سيئاته قد بدلت حسنات ، قال : فعند ذلك يقول : ( هاؤم اقرءوا كتابيه )\nوحدثنا أبي ، حدثنا إبراهيم بن الوليد بن سلمة ، حدثنا روح بن عبادة ، حدثنا موسى بن عبيدة ، أخبرني عبد الله بن عبد الله بن حنظلة - غسيل الملائكة - قال : إن الله يقف عبده يوم القيامة فيبدي سيئاته في ظهر صحيفته ، فيقول له : أنت عملت هذا ؟ فيقول : نعم أي رب ، فيقول له : إني لم أفضحك به ، وإني قد غفرت لك ، فيقول عند ذلك : ( هاؤم اقرءوا كتابيه إني ظننت أني ملاق حسابيه ) حين نجا من فضحه يوم القيامة .\nوقد تقدم في الصحيح حديث ابن عمر حين سئل عن النجوى ، فقال : سمعت النبي صلى الله عليه وسلم يقول : \" يدني الله العبد يوم القيامة ، فيقرره بذنوبه كلها ، حتى إذا رأى أنه قد هلك قال الله : إني سترتها عليك في الدنيا ، وأنا أغفرها لك اليوم . ثم يعطى كتاب حسناته بيمينه ، وأما الكافر والمنافق فيقول الأشهاد : ( هؤلاء الذين كذبوا على ربهم ألا لعنة الله على الظالمين )[ هود : 18 ]"
  }, {
    "id" : 20,
    "eya" : "إِنِّي ظَنَنتُ أَنِّي مُلَاقٍ حِسَابِيَهْ (20) ",
    "tafsir" : "وقوله : ( إني ظننت أني ملاق حسابيه ) أي : قد كنت موقنا في الدنيا أن هذا اليوم كائن لا محالة ، كما قال : ( الذين يظنون أنهم ملاقو ربهم )[ البقرة : 46 ]"
  }, {
    "id" : 21,
    "eya" : "فَهُوَ فِي عِيشَةٍ رَّاضِيَةٍ (21) ",
    "tafsir" : "قال الله : ( فهو في عيشة راضية ) أي : مرضية ،"
  }, {
    "id" : 22,
    "eya" : "فِي جَنَّةٍ عَالِيَةٍ (22) ",
    "tafsir" : "( في جنة عالية ) أي : رفيعة قصورها ، حسان حورها ، نعيمة دورها ، دائم حبورها .\nقال ابن أبي حاتم : حدثنا أبي ، حدثنا أبو عتبة الحسن بن علي بن مسلم السكوني ، حدثنا إسماعيل بن عياش ، عن سعيد بن يوسف ، عن يحيى بن أبي كثير ، عن أبي سلام الأسود قال : سمعت أبا أمامة قال : سأل رجل رسول الله صلى الله عليه وسلم : هل يتزاور أهل الجنة ؟ قال : \" نعم ، إنه ليهبط أهل الدرجة العليا إلى أهل الدرجة السفلى ، فيحيونهم ويسلمون عليهم ، ولا يستطيع أهل الدرجة السفلى يصعدون إلى الأعلين ، تقصر بهم أعمالهم \"\nوقد ثبت في الصحيح : \" إن الجنة مائة درجة ، ما بين كل درجتين كما بين السماء والأرض \""
  }, {
    "id" : 23,
    "eya" : "قُطُوفُهَا دَانِيَةٌ (23) ",
    "tafsir" : "وقوله : ( قطوفها دانية ) قال البراء بن عازب : أي قريبة ، يتناولها أحدهم ، وهو نائم على سريره . وكذا قال غير واحد .\nقال الطبراني : [ حدثنا إسحاق بن إبراهيم الدبري ] عن عبد الرزاق ، عن سفيان الثوري عن عبد الرحمن بن زياد بن أنعم ، عن عطاء بن يسار ، عن سلمان الفارسي ، قال : قال رسول الله صلى الله عليه وسلم : \" لا يدخل أحد الجنة إلا بجواز : ( بسم الله الرحمن الرحيم ) هذا كتاب من الله لفلان بن فلان ، أدخلوه جنة عالية ، قطوفها دانية \"\nوكذا رواه الضياء في صفة الجنة من طريق سعدان بن سعيد ، عن سليمان التيمي ، عن أبي عثمان النهدي ، عن سلمان ، عن رسول الله صلى الله عليه وسلم قال : يعطى المؤمن جوازا على الصراط : ( بسم الله الرحمن الرحيم ) ، هذا كتاب من الله العزيز الحكيم لفلان ، أدخلوه جنة عالية ، قطوفها دانية \" ."
  }, {
    "id" : 24,
    "eya" : "كُلُوا وَاشْرَبُوا هَنِيئًا بِمَا أَسْلَفْتُمْ فِي الْأَيَّامِ الْخَالِيَةِ (24) ",
    "tafsir" : "وقوله : ( كلوا واشربوا هنيئا بما أسلفتم في الأيام الخالية ) أي : يقال لهم ذلك ; تفضلا عليهم ، وامتنانا وإنعاما وإحسانا . وإلا فقد ثبت في الصحيح ، عن رسول الله صلى الله عليه وسلم أنه قال : \" اعملوا وسددوا وقاربوا واعلموا أن أحدا منكم لن يدخله عمله الجنة \" . قالوا : ولا أنت يا رسول الله ؟ قال : \" ولا أنا ، إلا أن يتغمدني الله برحمة منه وفضل \""
  }, {
    "id" : 25,
    "eya" : "وَأَمَّا مَنْ أُوتِيَ كِتَابَهُ بِشِمَالِهِ فَيَقُولُ يَا لَيْتَنِي لَمْ أُوتَ كِتَابِيَهْ (25) ",
    "tafsir" : "وهذا إخبار عن حال الأشقياء إذا أعطي أحدهم كتابه في العرصات بشماله ، فحينئذ يندم غاية الندم ، فيقول : ( فيقول يا ليتني لم أوت كتابيه ولم أدر ما حسابيه يا ليتها كانت القاضية )\nقال الضحاك : يعني موتة لا حياة بعدها . وكذا قال محمد بن كعب والربيع والسدي .\nوقال قتادة : تمنى الموت ، ولم يكن شيء في الدنيا أكره إليه منه ."
  }, {
    "id" : 26,
    "eya" : "وَلَمْ أَدْرِ مَا حِسَابِيَهْ (26) ",
    "tafsir" : "وهذا إخبار عن حال الأشقياء إذا أعطي أحدهم كتابه في العرصات بشماله ، فحينئذ يندم غاية الندم ، فيقول : ( فيقول يا ليتني لم أوت كتابيه ولم أدر ما حسابيه يا ليتها كانت القاضية )\nقال الضحاك : يعني موتة لا حياة بعدها . وكذا قال محمد بن كعب والربيع والسدي .\nوقال قتادة : تمنى الموت ، ولم يكن شيء في الدنيا أكره إليه منه ."
  }, {
    "id" : 27,
    "eya" : "يَا لَيْتَهَا كَانَتِ الْقَاضِيَةَ (27) ",
    "tafsir" : "وهذا إخبار عن حال الأشقياء إذا أعطي أحدهم كتابه في العرصات بشماله ، فحينئذ يندم غاية الندم ، فيقول : ( فيقول يا ليتني لم أوت كتابيه ولم أدر ما حسابيه يا ليتها كانت القاضية )\nقال الضحاك : يعني موتة لا حياة بعدها . وكذا قال محمد بن كعب والربيع والسدي .\nوقال قتادة : تمنى الموت ، ولم يكن شيء في الدنيا أكره إليه منه ."
  }, {
    "id" : 28,
    "eya" : "مَا أَغْنَىٰ عَنِّي مَالِيَهْ ۜ (28) ",
    "tafsir" : "( ما أغنى عني ماليه هلك عني سلطانيه ) أي : لم يدفع عني مالي ولا جاهي عذاب الله وبأسه ، بل خلص الأمر إلي وحدي ، فلا معين لي ولا مجير"
  }, {
    "id" : 29,
    "eya" : "هَلَكَ عَنِّي سُلْطَانِيَهْ (29) ",
    "tafsir" : "( ما أغنى عني ماليه هلك عني سلطانيه ) أي : لم يدفع عني مالي ولا جاهي عذاب الله وبأسه ، بل خلص الأمر إلي وحدي ، فلا معين لي ولا مجير"
  }, {
    "id" : 30,
    "eya" : "خُذُوهُ فَغُلُّوهُ (30) ",
    "tafsir" : "فعندها يقول الله ، عز وجل : ( خذوه فغلوه ثم الجحيم صلوه ) أي : يأمر الزبانية أن تأخذه عنفا من المحشر ، فتغله ، أي : تضع الأغلال في عنقه ، ثم تورده إلى جهنم فتصليه إياها ، أي : تغمره فيها .\nقال ابن أبي حاتم : حدثنا أبو سعيد الأشج ، حدثنا أبو خالد ، عن عمرو بن قيس عن المنهال بن عمرو قال : إذا قال الله عز وجل ) خذوه ) ابتدره سبعون ألف ملك ، إن الملك منهم ليقول هكذا ، فيلقي سبعين ألفا في النار .\nوروى ابن أبي الدنيا في \" الأهوال \" : أنه يبتدره أربعمائة ألف ، ولا يبقى شيء إلا دقه ، فيقول : ما لي ولك ؟ فيقول : إن الرب عليك غضبان ، فكل شيء غضبان عليك .\nوقال الفضيل - هو ابن عياض - : إذا قال الرب عز وجل : ( خذوه فغلوه ) ابتدره سبعون ألف ملك ، أيهم يجعل الغل في عنقه ."
  }, {
    "id" : 31,
    "eya" : "ثُمَّ الْجَحِيمَ صَلُّوهُ (31) ",
    "tafsir" : "( ثم الجحيم صلوه ) أي : اغمروه فيها ."
  }, {
    "id" : 32,
    "eya" : "ثُمَّ فِي سِلْسِلَةٍ ذَرْعُهَا سَبْعُونَ ذِرَاعًا فَاسْلُكُوهُ (32) ",
    "tafsir" : "وقوله : ( ثم في سلسلة ذرعها سبعون ذراعا فاسلكوه ) قال كعب الأحبار : كل حلقة منها قدر حديد الدنيا .\nوقال العوفي ، عن ابن عباس وابن جرير : بذراع الملك . وقال ابن جريج قال ابن عباس : ( فاسلكوه ) تدخل في استه ثم تخرج من فيه ، ثم ينظمون فيها كما ينظم الجراد في العود حين يشوى .\nوقال العوفي ، عن ابن عباس : يسلك في دبره حتى يخرج من منخريه ، حتى لا يقوم على رجليه .\nوقال الإمام أحمد : حدثنا علي بن إسحاق ، أخبرنا عبد الله ، أخبرنا سعيد بن يزيد ، عن أبي السمح ، عن عيسى بن هلال الصدفي ، عن عبد الله بن عمرو قال : قال رسول الله صلى الله عليه وسلم : \" لو أن رصاصة مثل هذه - وأشار إلى [ مثل ] جمجمة - أرسلت من السماء إلى الأرض ، وهي مسيرة خمسمائة سنة ، لبلغت الأرض قبل الليل ، ولو أنها أرسلت من رأس السلسلة ، لسارت أربعين خريفا الليل والنهار ، قبل أن تبلغ قعرها أو أصلها \"\nوأخرجه الترمذي ، عن سويد بن نصر ، عن عبد الله بن المبارك به قال : هذا حديث حسن ."
  }, {
    "id" : 33,
    "eya" : "إِنَّهُ كَانَ لَا يُؤْمِنُ بِاللَّهِ الْعَظِيمِ (33) ",
    "tafsir" : "وقوله : ( إنه كان لا يؤمن بالله العظيم ولا يحض على طعام المسكين ) أي : لا يقوم بحق الله عليه من طاعته وعبادته ، ولا ينفع خلقه ويؤدي حقهم ; فإن لله على العباد أن يوحدوه ولا يشركوا به شيئا ، وللعباد بعضهم على بعض حق الإحسان والمعاونة على البر والتقوى ; ولهذا أمر الله بإقام الصلاة وإيتاء الزكاة ، وقبض النبي صلى الله عليه وسلم وهو يقول : \" الصلاة ، وما ملكت أيمانكم \""
  }, {
    "id" : 34,
    "eya" : "وَلَا يَحُضُّ عَلَىٰ طَعَامِ الْمِسْكِينِ (34) ",
    "tafsir" : "وقوله : ( إنه كان لا يؤمن بالله العظيم ولا يحض على طعام المسكين ) أي : لا يقوم بحق الله عليه من طاعته وعبادته ، ولا ينفع خلقه ويؤدي حقهم ; فإن لله على العباد أن يوحدوه ولا يشركوا به شيئا ، وللعباد بعضهم على بعض حق الإحسان والمعاونة على البر والتقوى ; ولهذا أمر الله بإقام الصلاة وإيتاء الزكاة ، وقبض النبي صلى الله عليه وسلم وهو يقول : \" الصلاة ، وما ملكت أيمانكم \""
  }, {
    "id" : 35,
    "eya" : "فَلَيْسَ لَهُ الْيَوْمَ هَاهُنَا حَمِيمٌ (35) ",
    "tafsir" : "وقوله : ( فليس له اليوم ها هنا حميم ولا طعام إلا من غسلين لا يأكله إلا الخاطئون ) أي : ليس له اليوم من ينقذه من عذاب الله ، لا حميم - وهو القريب - ولا شفيع يطاع ، ولا طعام له ها هنا إلا من غسلين .\nقال قتادة : هو شر طعام أهل النار . وقال الربيع والضحاك : هو شجرة في جهنم .\nوقال ابن أبي حاتم : حدثنا أبي ، حدثنا منصور بن مزاحم ، حدثنا أبو سعيد المؤدب ، عن خصيف ، عن مجاهد ، عن ابن عباس قال : ما أدري ما الغسلين ، ولكني أظنه الزقوم .\nوقال شبيب بن بشر ، عن عكرمة ، عن ابن عباس قال : الغسلين : الدم والماء يسيل من لحومهم . وقال علي بن أبي طلحة عنه : الغسلين : صديد أهل النار ."
  }, {
    "id" : 36,
    "eya" : "وَلَا طَعَامٌ إِلَّا مِنْ غِسْلِينٍ (36) ",
    "tafsir" : "وقوله : ( فليس له اليوم ها هنا حميم ولا طعام إلا من غسلين لا يأكله إلا الخاطئون ) أي : ليس له اليوم من ينقذه من عذاب الله ، لا حميم - وهو القريب - ولا شفيع يطاع ، ولا طعام له ها هنا إلا من غسلين .\nقال قتادة : هو شر طعام أهل النار . وقال الربيع والضحاك : هو شجرة في جهنم .\nوقال ابن أبي حاتم : حدثنا أبي ، حدثنا منصور بن مزاحم ، حدثنا أبو سعيد المؤدب ، عن خصيف ، عن مجاهد ، عن ابن عباس قال : ما أدري ما الغسلين ، ولكني أظنه الزقوم .\nوقال شبيب بن بشر ، عن عكرمة ، عن ابن عباس قال : الغسلين : الدم والماء يسيل من لحومهم . وقال علي بن أبي طلحة عنه : الغسلين : صديد أهل النار ."
  }, {
    "id" : 37,
    "eya" : "لَّا يَأْكُلُهُ إِلَّا الْخَاطِئُونَ (37) ",
    "tafsir" : "وقوله : ( فليس له اليوم ها هنا حميم ولا طعام إلا من غسلين لا يأكله إلا الخاطئون ) أي : ليس له اليوم من ينقذه من عذاب الله ، لا حميم - وهو القريب - ولا شفيع يطاع ، ولا طعام له ها هنا إلا من غسلين .\nقال قتادة : هو شر طعام أهل النار . وقال الربيع والضحاك : هو شجرة في جهنم .\nوقال ابن أبي حاتم : حدثنا أبي ، حدثنا منصور بن مزاحم ، حدثنا أبو سعيد المؤدب ، عن خصيف ، عن مجاهد ، عن ابن عباس قال : ما أدري ما الغسلين ، ولكني أظنه الزقوم .\nوقال شبيب بن بشر ، عن عكرمة ، عن ابن عباس قال : الغسلين : الدم والماء يسيل من لحومهم . وقال علي بن أبي طلحة عنه : الغسلين : صديد أهل النار ."
  }, {
    "id" : 38,
    "eya" : "فَلَا أُقْسِمُ بِمَا تُبْصِرُونَ (38) ",
    "tafsir" : "يقول تعالى مقسما لخلقه بما يشاهدونه من آياته في مخلوقاته الدالة على كماله في أسمائه وصفاته ، وما غاب عنهم مما لا يشاهدونه من المغيبات عنهم : إن القرآن كلامه ووحيه وتنزيله على عبده ورسوله ، الذي اصطفاه لتبليغ الرسالة وأداء الأمانة ، فقال : ( فلا أقسم بما تبصرون وما لا تبصرون)"
  }, {
    "id" : 39,
    "eya" : "وَمَا لَا تُبْصِرُونَ (39) ",
    "tafsir" : "يقول تعالى مقسما لخلقه بما يشاهدونه من آياته في مخلوقاته الدالة على كماله في أسمائه وصفاته ، وما غاب عنهم مما لا يشاهدونه من المغيبات عنهم : إن القرآن كلامه ووحيه وتنزيله على عبده ورسوله ، الذي اصطفاه لتبليغ الرسالة وأداء الأمانة ، فقال : ( فلا أقسم بما تبصرون وما لا تبصرون)"
  }, {
    "id" : 40,
    "eya" : "إِنَّهُ لَقَوْلُ رَسُولٍ كَرِيمٍ (40) ",
    "tafsir" : "يعني : محمدا أضافه إليه على معنى التبليغ ; لأن الرسول من شأنه أن يبلغ عن المرسل ; ولهذا أضافه في سورة التكوير إلى الرسول الملكي : ( إنه لقول رسول كريم ذي قوة عند ذي العرش مكين مطاع ثم أمين ) وهذا جبريل ، عليه السلام .( وما صاحبكم بمجنون ) يعني : محمدا صلى الله عليه وسلم ( ولقد رآه بالأفق المبين ) يعني : أن محمدا رأى جبريل على صورته التي خلقه الله عليها ، ( وما هو على الغيب بضنين ) أي : بمتهم ( وما هو بقول شيطان رجيم )[ التكوير : 19 - 25 ] ، وهكذا قال هاهنا :"
  }, {
    "id" : 41,
    "eya" : "وَمَا هُوَ بِقَوْلِ شَاعِرٍ ۚ قَلِيلًا مَّا تُؤْمِنُونَ (41) ",
    "tafsir" : "( وما هو بقول شاعر قليلا ما تؤمنون ولا بقول كاهن قليلا ما تذكرون ) ، فأضافه تارة إلى قول الرسول الملكي ، وتارة إلى الرسول البشري ; لأن كلا منهما مبلغ عن الله ما استأمنه عليه من وحيه وكلامه"
  }, {
    "id" : 42,
    "eya" : "وَلَا بِقَوْلِ كَاهِنٍ ۚ قَلِيلًا مَّا تَذَكَّرُونَ (42) ",
    "tafsir" : "فأضافه تارة إلى قول الرسول الملكي ، وتارة إلى الرسول البشري ; لأن كلا منهما مبلغ عن الله ما استأمنه عليه من وحيه وكلامه ; ولهذا قال :"
  }, {
    "id" : 43,
    "eya" : "تَنزِيلٌ مِّن رَّبِّ الْعَالَمِينَ (43) ",
    "tafsir" : "( تنزيل من رب العالمين )\nقال الإمام أحمد : حدثنا ابن المغيرة ، حدثنا صفوان ، حدثنا شريح بن عبيد الله قال : قال عمر بن الخطاب : خرجت أتعرض رسول الله صلى الله عليه وسلم قبل أن أسلم ، فوجدته قد سبقني إلى المسجد ، فقمت خلفه ، فاستفتح سورة الحاقة ، فجعلت أعجب من تأليف القرآن ، قال : فقلت : هذا والله شاعر كما قالت قريش . قال : فقرأ : ( إنه لقول رسول كريم وما هو بقول شاعر قليلا ما تؤمنون ) قال : فقلت : كاهن . قال فقرأ : ( ولا بقول كاهن قليلا ما تذكرون تنزيل من رب العالمين ولو تقول علينا بعض الأقاويل لأخذنا منه باليمين ثم لقطعنا منه الوتين فما منكم من أحد عنه حاجزين ) إلى آخر السورة . قال : فوقع الإسلام في قلبي كل موقع .\nفهذا من جملة الأسباب التي جعلها الله تعالى مؤثرة في هداية عمر بن الخطاب ، كما أوردنا كيفية إسلامه في سيرته المفردة ، ولله الحمد ."
  }, {
    "id" : 44,
    "eya" : "وَلَوْ تَقَوَّلَ عَلَيْنَا بَعْضَ الْأَقَاوِيلِ (44) ",
    "tafsir" : "يقول تعالى : ( ولو تقول علينا ) أي : محمد صلى الله عليه وسلم لو كان كما يزعمون مفتريا علينا ، فزاد في الرسالة أو نقص منها ، أو قال شيئا من عنده فنسبه إلينا ، وليس كذلك ، لعاجلناه بالعقوبة . ولهذا قال"
  }, {
    "id" : 45,
    "eya" : "لَأَخَذْنَا مِنْهُ بِالْيَمِينِ (45) ",
    "tafsir" : "( لأخذنا منه باليمين ) قيل : معناه لانتقمنا منه باليمين ; لأنها أشد في البطش ، وقيل : لأخذنا منه بيمينه ."
  }, {
    "id" : 46,
    "eya" : "ثُمَّ لَقَطَعْنَا مِنْهُ الْوَتِينَ (46) ",
    "tafsir" : "( ثم لقطعنا منه الوتين ) قال ابن عباس : وهو نياط القلب ، وهو العرق الذي القلب معلق فيه . وكذا قال عكرمة وسعيد بن جبير والحكم وقتادة والضحاك ومسلم البطين وأبو صخر حميد بن زياد .\nوقال محمد بن كعب : هو القلب ومراقه وما يليه ."
  }, {
    "id" : 47,
    "eya" : "فَمَا مِنكُم مِّنْ أَحَدٍ عَنْهُ حَاجِزِينَ (47) ",
    "tafsir" : "وقوله : ( فما منكم من أحد عنه حاجزين ) أي : فما يقدر أحد منكم على أن يحجز بيننا وبينه إذا أردنا به شيئا من ذلك . والمعنى في هذا بل هو صادق بار راشد ; لأن الله ، عز وجل ، مقرر له ما يبلغه عنه ، ومؤيد له بالمعجزات الباهرات والدلالات القاطعات ."
  }, {
    "id" : 48,
    "eya" : "وَإِنَّهُ لَتَذْكِرَةٌ لِّلْمُتَّقِينَ (48) ",
    "tafsir" : "ثم قال : ( وإنه لتذكرة للمتقين ) يعني : القرآن كما قال : ( قل هو للذين آمنوا هدى وشفاء والذين لا يؤمنون في آذانهم وقر وهو عليهم عمى )[ فصلت : 44 ]"
  }, {
    "id" : 49,
    "eya" : "وَإِنَّا لَنَعْلَمُ أَنَّ مِنكُم مُّكَذِّبِينَ (49) ",
    "tafsir" : "ثم قال ( وإنا لنعلم أن منكم مكذبين ) أي : مع هذا البيان والوضوح ، سيوجد منكم من يكذب بالقرآن ."
  }, {
    "id" : 50,
    "eya" : "وَإِنَّهُ لَحَسْرَةٌ عَلَى الْكَافِرِينَ (50) ",
    "tafsir" : "ثم قال : ( وإنه لحسرة على الكافرين ) قال ابن جرير : وإن التكذيب لحسرة على الكافرين يوم القيامة وحكاه عن قتادة بمثله .\nوروى ابن أبي حاتم من طريق السدي ، عن أبي مالك : ( وإنه لحسرة على الكافرين ) يقول : لندامة . ويحتمل عود الضمير على القرآن ، أي : وإن القرآن والإيمان به لحسرة في نفس الأمر على الكافرين ، كما قال : ( كذلك سلكناه في قلوب المجرمين لا يؤمنون به )[ الشعراء : 200 ، 201 ] ، وقال تعالى : ( وحيل بينهم وبين ما يشتهون )[ سبأ : 54 ] ولهذا قال هاهنا :"
  }, {
    "id" : 51,
    "eya" : "وَإِنَّهُ لَحَقُّ الْيَقِينِ (51) ",
    "tafsir" : "( وإنه لحق اليقين ) أي : الخبر الصدق الحق الذي لا مرية فيه ولا شك ولا ريب ."
  }, {
    "id" : 52,
    "eya" : "فَسَبِّحْ بِاسْمِ رَبِّكَ الْعَظِيمِ (52) ",
    "tafsir" : "ثم قال : ( فسبح باسم ربك العظيم ) أي : الذي أنزل هذا القرآن العظيم . [ آخر تفسير سورة \" الحاقة \" ، ولله الحمد ]"
  } ]
}