{
  "id" : 74,
  "nbAya" : 56,
  "name" : "المُدَّثِّر",
  "type" : "مكيَّة",
  "ayets" : [ {
    "id" : 1,
    "eya" : "يَا أَيُّهَا الْمُدَّثِّرُ (1) ",
    "tafsir" : "تفسير سورة المدثر وهي مكية .\nثبت في صحيح البخاري [ من حديث يحيى بن أبي كثير ، عن أبي سلمة ] عن جابر أنه كان يقول : أول شيء نزل من القرآن : ( يا أيها المدثر )\nوخالفه الجمهور فذهبوا إلى أن أول القرآن نزولا قوله تعالى : ( اقرأ باسم ربك الذي خلق ) كما سيأتي [ بيان ] ذلك هناك .\nقال البخاري : حدثنا يحيى ، حدثنا وكيع ، عن علي بن المبارك ، عن يحيى بن أبي كثير ، قال : سألت أبا سلمة بن عبد الرحمن عن أول ما نزل من القرآن ، قال : ( يا أيها المدثر ) قلت : يقولون : ( اقرأ باسم ربك الذي خلق ) ؟ فقال أبو سلمة : سألت جابر بن عبد الله عن ذلك ، وقلت له مثل ما قلت لي ، فقال جابر : لا أحدثك إلا ما حدثنا رسول الله صلى الله عليه وسلم قال : \" جاورت بحراء ، فلما قضيت جواري هبطت فنوديت فنظرت عن يميني فلم أر شيئا ، ونظرت عن شمالي فلم أر شيئا ، ونظرت أمامي فلم أر شيئا ، ونظرت خلفي فلم أر شيئا ، فرفعت رأسي فرأيت شيئا ، فأتيت خديجة فقلت : دثروني ، وصبوا علي ماء باردا . قال : فدثروني وصبوا علي ماء باردا قال : فنزلت ( يا أيها المدثر قم فأنذر وربك فكبر )\nهكذا ساقه من هذا الوجه . وقد رواه مسلم من طريق عقيل ، عن ابن شهاب ، عن أبي سلمة قال : أخبرني جابر بن عبد الله : أنه سمع رسول الله صلى الله عليه وسلم يحدث عن فترة الوحي : \" فبينا أنا أمشي إذ سمعت صوتا من السماء ، فرفعت بصري قبل السماء ، فإذا الملك الذي جاءني بحراء قاعد على كرسي بين السماء والأرض ، فجثثت منه حتى هويت إلى الأرض ، فجئت إلى أهلي ، فقلت : زملوني زملوني ، فزملوني ، فأنزل الله ( يا أيها المدثر قم فأنذر )( فاهجر ) - قال أبو سلمة : والرجز : الأوثان - ثم حمي الوحي وتتابع \"\nهذا لفظ البخاري وهذا السياق هو المحفوظ ، وهو يقتضي أنه قد نزل الوحي قبل هذا ، لقوله : \" فإذا الملك الذي جاءني بحراء \" ، وهو جبريل حين أتاه بقوله : ( اقرأ باسم ربك الذي خلق خلق الإنسان من علق اقرأ وربك الأكرم الذي علم بالقلم علم الإنسان ما لم يعلم ) ثم إنه حصل بعد هذا فترة ، ثم نزل الملك بعد هذا . ووجه الجمع أن أول شيء نزل بعد فترة الوحي هذه السورة ، كما قال الإمام أحمد :\nحدثنا حجاج ، حدثنا ليث ، حدثنا عقيل ، عن ابن شهاب قال : سمعت أبا سلمة بن عبد الرحمن يقول : أخبرني جابر بن عبد الله أنه سمع رسول الله صلى الله عليه وسلم يقول : \" ثم فتر الوحي عني فترة ، فبينا أنا أمشي سمعت صوتا من السماء ، فرفعت بصري قبل السماء ، فإذا الملك الذي جاءني [ بحراء الآن ] قاعد على كرسي بين السماء والأرض ، فجثت منه فرقا ، حتى هويت إلى الأرض ، فجئت أهلي فقلت لهم : زملوني زملوني ، فزملوني ، فأنزل الله : ( يا أيها المدثر قم فأنذر وربك فكبر وثيابك فطهر والرجز فاهجر ) ثم حمي الوحي [ بعد ] . أخرجاه من حديث الزهري ، به .\nوقال الطبراني : حدثنا محمد بن علي بن شعيب السمسار ، حدثنا الحسن بن بشر البجلي ، حدثنا المعافى بن عمران ، عن إبراهيم بن يزيد ، سمعت ابن أبي مليكة يقول : سمعت ابن عباس يقول : إن الوليد بن المغيرة صنع لقريش طعاما ، فلما أكلوا . قال : ما تقولون في هذا الرجل ؟ فقال بعضهم : ساحر . وقال بعضهم ليس بساحر . وقال بعضهم : كاهن . وقال بعضهم : ليس بكاهن . وقال بعضهم : شاعر . وقال بعضهم ليس بشاعر . وقال بعضهم : [ بل ] سحر يؤثر ، فأجمع رأيهم على أنه سحر يؤثر ، فبلغ ذلك النبي صلى الله عليه وسلم فحزن وقنع رأسه ، وتدثر ، فأنزل الله ( يا أيها المدثر قم فأنذر وربك فكبر وثيابك فطهر والرجز فاهجر ولا تمنن تستكثر ولربك فاصبر )"
  }, {
    "id" : 2,
    "eya" : "قُمْ فَأَنذِرْ (2) ",
    "tafsir" : "فقوله ( قم فأنذر ) أي : شمر عن ساق العزم ، وأنذر الناس . وبهذا حصل الإرسال ، كما حصل بالأول النبوة ."
  }, {
    "id" : 3,
    "eya" : "وَرَبَّكَ فَكَبِّرْ (3) ",
    "tafsir" : "أي عظم."
  }, {
    "id" : 4,
    "eya" : "وَثِيَابَكَ فَطَهِّرْ (4) ",
    "tafsir" : "وقوله : ( وثيابك فطهر ) قال الأجلح الكندي ، عن عكرمة ، عن ابن عباس : أنه أتاه رجل فسأله عن هذه الآية : ( وثيابك فطهر ) قال : لا تلبسها على معصية ولا على غدرة . ثم قال : أما سمعت قول غيلان بن سلمة الثقفي :\nفإني بحمد الله لا ثوب فاجر لبست ولا من غدرة أتقنع\nوقال ابن جريج ، عن عطاء ، عن ابن عباس [ في هذه الآية ]( وثيابك فطهر ) قال : في كلام العرب : نقي الثياب . وفي رواية بهذا الإسناد : فطهر من الذنوب . وكذا قال إبراهيم ، والشعبي ، وعطاء .\nوقال الثوري ، عن رجل ، عن عطاء ، عن ابن عباس في هذه الآية : ( وثيابك فطهر ) قال : من الإثم . وكذا قال إبراهيم النخعي .\nوقال مجاهد : ( وثيابك فطهر ) قال : نفسك ، ليس ثيابه . وفي رواية عنه : ( وثيابك فطهر ) عملك فأصلح ، وكذا قال أبو رزين . وقال في رواية أخرى : ( وثيابك فطهر ) أي : لست بكاهن ولا ساحر ، فأعرض عما قالوا .\nوقال قتادة : ( وثيابك فطهر ) أي : طهرها من المعاصي ، وكانت العرب تسمي الرجل إذا نكث ولم يف بعهد الله إنه لمدنس الثياب ، وإذا وفى وأصلح : إنه لمطهر الثياب .\nوقال عكرمة والضحاك : لا تلبسها على معصية .\nإذا المرء لم يدنس من اللؤم عرضه     فكل رداء يرتديه جميل\nوقال العوفي ، عن ابن عباس : ( وثيابك فطهر )[ يعني ] لا تك ثيابك التي تلبس من مكسب غير طائب ، ويقال : لا تلبس ثيابك على معصية .\nوقال محمد بن سيرين : ( وثيابك فطهر ) أي : اغسلها بالماء .\nوقال ابن زيد : كان المشركون لا يتطهرون ، فأمره الله أن يتطهر ، وأن يطهر ثيابه .\nوهذا القول اختاره ابن جرير ، وقد تشمل الآية جميع ذلك مع طهارة القلب ، فإن العرب تطلق الثياب عليه ، كما قال امرؤ القيس :\nأفاطم مهلا بعض هذا التدلل     وإن كنت قد أزمعت هجري فأجملي\nوإن تك قد ساءتك مني خليقة     فسلي ثيابي من ثيابك تنسل\nوقال سعيد بن جبير : ( وثيابك فطهر ) وقلبك ونيتك فطهر .\nوقال محمد بن كعب القرظي والحسن البصري : وخلقك فحسن ."
  }, {
    "id" : 5,
    "eya" : "وَالرُّجْزَ فَاهْجُرْ (5) ",
    "tafsir" : "وقوله : ( والرجز فاهجر ) قال علي بن أبي طلحة ، عن ابن عباس : ( والرجز ) وهو الأصنام ، فاهجر . وكذا قال مجاهد ، وعكرمة ، وقتادة ، والزهري ، وابن زيد : إنها الأوثان . وقال إبراهيم والضحاك : ( والرجز فاهجر ) أي : اترك المعصية .\nوعلى كل تقدير فلا يلزم تلبسه بشيء من ذلك ، كقوله : ( يا أيها النبي اتق الله ولا تطع الكافرين والمنافقين )[ الأحزاب : 1 ]( وقال موسى لأخيه هارون اخلفني في قومي وأصلح ولا تتبع سبيل المفسدين )[ الأعراف : 142 ]"
  }, {
    "id" : 6,
    "eya" : "وَلَا تَمْنُن تَسْتَكْثِرُ (6) ",
    "tafsir" : "وقوله : ( ولا تمنن تستكثر ) قال ابن عباس : لا تعط العطية تلتمس أكثر منها . وكذا قال عكرمة ، ومجاهد ، وعطاء ، وطاوس ، وأبو الأحوص ، وإبراهيم النخعي ، والضحاك ، وقتادة ، والسدي ، وغيرهم .\nوروي عن ابن مسعود أنه قرأ : \" ولا تمنن أن تستكثر \"\nوقال الحسن البصري : لا تمنن بعملك على ربك تستكثره . وكذا قال الربيع بن أنس ، واختاره ابن جرير . وقال خصيف ، عن مجاهد في قوله : ( ولا تمنن تستكثر ) قال : لا تضعف أن تستكثر من الخير ، قال : تمنن في كلام العرب : تضعف .\nوقال ابن زيد : لا تمنن بالنبوة على الناس ، تستكثرهم بها ، تأخذ عليه عوضا من الدنيا .\nفهذه أربعة أقوال ، والأظهر القول الأول ، والله أعلم ."
  }, {
    "id" : 7,
    "eya" : "وَلِرَبِّكَ فَاصْبِرْ (7) ",
    "tafsir" : "وقوله : ( ولربك فاصبر ) أي : اجعل صبرك على أذاهم لوجه ربك عز وجل ، قاله مجاهد . وقال إبراهيم النخعي : اصبر عطيتك لله تعالى ."
  }, {
    "id" : 8,
    "eya" : "فَإِذَا نُقِرَ فِي النَّاقُورِ (8) ",
    "tafsir" : "وقوله : ( فإذا نقر في الناقور فذلك يومئذ يوم عسير على الكافرين غير يسير ) قال ابن عباس ، ومجاهد ، والشعبي ، وزيد بن أسلم ، والحسن ، وقتادة ، والضحاك ، والربيع بن أنس ، والسدي ، وابن زيد : ( الناقور ) الصور . قال مجاهد : وهو كهيئة القرن .\nوقال ابن أبي حاتم : حدثنا أبو سعيد الأشج ، حدثنا أسباط بن محمد ، عن مطرف ، عن عطية العوفي ، عن ابن عباس : ( فإذا نقر في الناقور ) فقال : قال رسول الله صلى الله عليه وسلم : \" كيف أنعم وصاحب القرن قد التقم القرن وحنى جبهته ، ينتظر متى يؤمر فينفخ؟ \" فقال أصحاب رسول الله صلى الله عليه وسلم : فما تأمرنا يا رسول الله ؟ قال : \" قولوا : حسبنا الله ونعم الوكيل ، على الله توكلنا \"\nوهكذا رواه الإمام أحمد ، عن أسباط ، به ورواه ابن جرير ، عن أبي كريب ، عن ابن فضيل وأسباط ، كلاهما عن مطرف ، به . ورواه من طريق أخرى ، عن العوفي ، عن ابن عباس ، به ."
  }, {
    "id" : 9,
    "eya" : "فَذَٰلِكَ يَوْمَئِذٍ يَوْمٌ عَسِيرٌ (9) ",
    "tafsir" : "أي شديد."
  }, {
    "id" : 10,
    "eya" : "عَلَى الْكَافِرِينَ غَيْرُ يَسِيرٍ (10) ",
    "tafsir" : "( على الكافرين غير يسير ) أي : غير سهل عليهم . كما قال تعالى ( يقول الكافرون هذا يوم عسر )[ القمر : 8 ]\nوقد روينا عن زرارة بن أوفى - قاضي البصرة - : أنه صلى بهم الصبح ، فقرأ هذه السورة ، فلما وصل إلى قوله : ( فإذا نقر في الناقور فذلك يومئذ يوم عسير على الكافرين غير يسير ) شهق شهقة ، ثم خر ميتا ، رحمه الله ."
  }, {
    "id" : 11,
    "eya" : "ذَرْنِي وَمَنْ خَلَقْتُ وَحِيدًا (11) ",
    "tafsir" : "يقول تعالى متوعدا لهذا الخبيث الذي أنعم الله عليه بنعم الدنيا ، فكفر بأنعم الله ، وبدلها كفرا ، وقابلها بالجحود بآيات الله والافتراء عليها ، وجعلها من قول البشر . وقد عدد الله عليه نعمه حيث قال : ( ذرني ومن خلقت وحيدا ) أي : خرج من بطن أمه وحده لا مال له ولا ولد ، ثم رزقه الله ،"
  }, {
    "id" : 12,
    "eya" : "وَجَعَلْتُ لَهُ مَالًا مَّمْدُودًا (12) ",
    "tafsir" : "( مالا ممدودا ) أي : واسعا كثيرا ، قيل : ألف دينار . وقيل : مائة ألف دينار . وقيل : أرضا يستغلها . وقيل غير ذلك ."
  }, {
    "id" : 13,
    "eya" : "وَبَنِينَ شُهُودًا (13) ",
    "tafsir" : "وجعل له ( وبنين شهودا ) قال مجاهد : لا يغيبون ، أي : حضورا عنده لا يسافرون في التجارات ، بل مواليهم وأجراؤهم يتولون ذلك عنهم وهم قعود عند أبيهم ، يتمتع بهم ويتملى بهم . وكانوا - فيما ذكره السدي وأبو مالك وعاصم بن عمر بن قتادة - ثلاثة عشر . وقال ابن عباس ومجاهد : كانوا عشرة ، وهذا أبلغ في النعمة [ وهو إقامتهم عنده ]"
  }, {
    "id" : 14,
    "eya" : "وَمَهَّدتُّ لَهُ تَمْهِيدًا (14) ",
    "tafsir" : "( ومهدت له تمهيدا ) أي : مكنته من صنوف المال والأثاث وغير ذلك ."
  }, {
    "id" : 15,
    "eya" : "ثُمَّ يَطْمَعُ أَنْ أَزِيدَ (15) ",
    "tafsir" : ""
  }, {
    "id" : 16,
    "eya" : "كَلَّا ۖ إِنَّهُ كَانَ لِآيَاتِنَا عَنِيدًا (16) ",
    "tafsir" : "أي معاندا وهو الكفر على نعمه بعد العلم."
  }, {
    "id" : 17,
    "eya" : "سَأُرْهِقُهُ صَعُودًا (17) ",
    "tafsir" : "قال الله : ( سأرهقه صعودا ) قال الإمام أحمد :\nحدثنا حسن ، حدثنا ابن لهيعة ، عن دراج ، عن أبي الهيثم ، عن أبي سعيد ، عن رسول الله صلى الله عليه وسلم قال : \" ويل : واد في جهنم ، يهوي فيه الكافر أربعين خريفا قبل أن يبلغ قعره ، والصعود : جبل من نار يصعد فيه سبعين خريفا ، ثم يهوي به كذلك فيه أبدا \"\nوقد رواه الترمذي ، عن عبد بن حميد ، عن الحسن بن موسى الأشيب ، به ثم قال : غريب ، لا نعرفه إلا من حديث ابن لهيعة ، عن دراج . كذا قال . وقد رواه ابن جرير ، عن يونس ، عن عبد الله بن وهب ، عن عمرو بن الحارث ، عن دراج ، وفيه غرابة ونكارة .\nوقال ابن أبي حاتم : حدثنا أبو زرعة وعلي بن عبد الرحمن - المعروف بعلان المصري - قال : حدثنا منجاب ، أخبرنا شريك ، عن عمار الدهني ، عن عطية العوفي ، عن أبي سعيد ، عن النبي صلى الله عليه وسلم : ( سأرهقه صعودا )\" هو جبل في النار من نار يكلف أن يصعده ، فإذا وضع يده ذابت ، وإذا رفعها عادت ، فإذا وضع رجله ذابت ، وإذا رفعها عادت \"\nورواه البزار وابن جرير ، من حديث شريك ، به .\nوقال قتادة ، عن ابن عباس : صعود : صخرة [ في جهنم ] عظيمة يسحب عليها الكافر على وجهه .\nوقال السدي : صعودا : صخرة ملساء في جهنم ، يكلف أن يصعدها .\nوقال مجاهد : ( سأرهقه صعودا ) أي : مشقة من العذاب . وقال قتادة : عذابا لا راحة فيه . واختاره ابن جرير ."
  }, {
    "id" : 18,
    "eya" : "إِنَّهُ فَكَّرَ وَقَدَّرَ (18) ",
    "tafsir" : "وقوله : ( إنه فكر وقدر ) أي : إنما أرهقناه صعودا ، أي : قربناه من العذاب الشاق ; لبعده عن الإيمان ، لأنه فكر وقدر ، أي : تروى ماذا يقول في القرآن حين سئل عن القرآن ، ففكر ماذا يختلق من المقال ،"
  }, {
    "id" : 19,
    "eya" : "فَقُتِلَ كَيْفَ قَدَّرَ (19) ",
    "tafsir" : "دعاء عليه."
  }, {
    "id" : 20,
    "eya" : "ثُمَّ قُتِلَ كَيْفَ قَدَّرَ (20) ",
    "tafsir" : "دعاء عليه."
  }, {
    "id" : 21,
    "eya" : "ثُمَّ نَظَرَ (21) ",
    "tafsir" : "أي أعاد النظرة والتروي."
  }, {
    "id" : 22,
    "eya" : "ثُمَّ عَبَسَ وَبَسَرَ (22) ",
    "tafsir" : "\"ثم عبس\" أي قبض بين عينيه وقطب \"وبسر\" أي كلح وكره ومنه قول توبة بن حمير الشاعر:\nوقد رابني منها صدود رأيته       وإعراضها عن حاجتي وبسورها."
  }, {
    "id" : 23,
    "eya" : "ثُمَّ أَدْبَرَ وَاسْتَكْبَرَ (23) ",
    "tafsir" : "أي صرف عن الحق ورجع القهقرى مستكبرا عن الانقياد للقرآن."
  }, {
    "id" : 24,
    "eya" : "فَقَالَ إِنْ هَٰذَا إِلَّا سِحْرٌ يُؤْثَرُ (24) ",
    "tafsir" : "أي هذا سحر ينقله محمد عن غيره عمن قبله ويحكيه عنهم."
  }, {
    "id" : 25,
    "eya" : "إِنْ هَٰذَا إِلَّا قَوْلُ الْبَشَرِ (25) ",
    "tafsir" : "وهذا المذكور في هذا السياق هو الوليد بن المغيرة المخزومي ، أحد رؤساء قريش - لعنه الله - وكان من خبره في هذا ما رواه العوفي ، عن ابن عباس ، قال : دخل الوليد بن المغيرة على أبي بكر بن أبي قحافة ، فسأله عن القرآن ، فلما أخبره خرج على قريش فقال : يا عجبا لما يقول ابن أبي كبشة ، فوالله ما هو بشعر ، ولا بسحر ، ولا بهذي من الجنون ، وإن قوله لمن كلام الله ، فلما سمع بذلك النفر من قريش ائتمروا ، فقالوا : والله لئن صبا الوليد لتصبون قريش ، فلما سمع بذلك أبو جهل بن هشام قال : أنا والله أكفيكم شأنه ، فانطلق حتى دخل عليه بيته ، فقال للوليد : ألم تر قومك قد جمعوا لك الصدقة ؟ فقال : ألست أكثرهم مالا وولدا ، فقال له أبو جهل : يتحدثون أنك إنما تدخل على ابن أبي قحافة لتصيب من طعامه ، فقال الوليد : أقد تحدث به عشيرتي؟ فلا والله لا أقرب ابن أبي قحافة ، ولا عمر ، ولا ابن أبي كبشة ، وما قوله إلا سحر يؤثر ، فأنزل الله على رسوله صلى الله عليه وسلم : ( ذرني ومن خلقت وحيدا ) إلى قوله : ( لا تبقي ولا تذر )\nوقال قتادة : زعموا أنه قال : والله لقد نظرت فيما قال الرجل فإذا هو ليس بشعر ، وإن له لحلاوة ، وإن عليه لطلاوة ، وإنه ليعلو وما يعلى ، وما أشك أنه سحر ، فأنزل الله : ( فقتل كيف قدر )( ثم عبس وبسر ) قبض ما بين عينيه وكلح .\nوقال ابن جرير : حدثنا ابن عبد الأعلى ، أخبرنا محمد بن ثور ، عن معمر ، عن عباد بن منصور ، عن عكرمة : أن الوليد بن المغيرة جاء إلى النبي صلى الله عليه وسلم فقرأ عليه القرآن ، فكأنه رق له ، فبلغ ذلك أبا جهل بن هشام ، فأتاه فقال : أي عم ، إن قومك يريدون أن يجمعوا لك مالا . قال : لم ؟ قال : يعطونكه ، فإنك أتيت محمدا تتعرض لما قبله . قال : قد علمت قريش أني أكثرها مالا . قال : فقل فيه قولا يعلم قومك أنك منكر لما قال ، وأنك كاره له . قال : فماذا أقول فيه ؟ فوالله ما منكم رجل أعلم بالأشعار مني ، ولا أعلم برجزه ولا بقصيده ولا بأشعار الجن ، والله ما يشبه الذي يقوله شيئا من ذلك . والله إن لقوله الذي يقول لحلاوة ، وإنه ليحطم ما تحته ، وإنه ليعلو وما يعلى . وقال : والله لا يرضى قومك حتى تقول فيه . قال : فدعني حتى أفكر فيه ، فلما فكر قال : إن هذا سحر يأثره عن غيره ، فنزلت : ( ذرني ومن خلقت وحيدا )[ قال قتادة : خرج من بطن أمه وحيدا ] حتى بلغ : ( تسعة عشر )\nوقد ذكر محمد بن إسحاق وغير واحد نحوا من هذا . وقد زعم السدي أنهم لما اجتمعوا في دار الندوة ليجمعوا رأيهم على قول يقولونه فيه ، قبل أن يقدم عليهم وفود العرب للحج ليصدوهم عنه ، فقال قائلون : شاعر . وقال آخرون : ساحر . وقال آخرون : كاهن . وقال آخرون : مجنون . كما قال تعالى : ( انظر كيف ضربوا لك الأمثال فضلوا فلا يستطيعون سبيلا )[ الإسراء : 48 ] كل هذا والوليد يفكر فيما يقوله فيه ، ففكر وقدر ، ونظر وعبس وبسر ، فقال : ( إن هذا إلا سحر يؤثر إن هذا إلا قول البشر )"
  }, {
    "id" : 26,
    "eya" : "سَأُصْلِيهِ سَقَرَ (26) ",
    "tafsir" : "أي سأغمره فيها من جميع جهاته."
  }, {
    "id" : 27,
    "eya" : "وَمَا أَدْرَاكَ مَا سَقَرُ (27) ",
    "tafsir" : "وهذا تهويل لأمرها وتفخيم."
  }, {
    "id" : 28,
    "eya" : "لَا تُبْقِي وَلَا تَذَرُ (28) ",
    "tafsir" : "أى تأكل لحومهم وعروقهم وعصبهم وجلودهم ثم تبدل غير ذلك وهم في ذلك لا يموتون ولا يحيون قاله ابن بريدة وأبو سنان وغيرهما."
  }, {
    "id" : 29,
    "eya" : "لَوَّاحَةٌ لِّلْبَشَرِ (29) ",
    "tafsir" : "وقوله : ( لواحة للبشر ) قال مجاهد : أي للجلد ، وقال أبو رزين : تلفح الجلد لفحة فتدعه أسود من الليل . وقال زيد بن أسلم : تلوح أجسادهم عليها . وقال قتادة : ( لواحة للبشر ) أي : حراقة للجلد . وقال ابن عباس : تحرق بشرة الإنسان ."
  }, {
    "id" : 30,
    "eya" : "عَلَيْهَا تِسْعَةَ عَشَرَ (30) ",
    "tafsir" : "وقوله : ( عليها تسعة عشر ) أي : من مقدمي الزبانية ، عظيم خلقهم ، غليظ خلقهم .\nوقد قال ابن أبي حاتم : حدثنا أبو زرعة ، حدثنا إبراهيم بن موسى ، حدثنا ابن أبي زائدة ، أخبرني حريث ، عن عامر ، عن البراء في قوله : ( عليها تسعة عشر ) قال إن رهطا من اليهود سألوا رجلا من أصحاب رسول الله صلى الله عليه وسلم عن خزنة جهنم ، فقال : الله ورسوله أعلم ، فجاء رجل فأخبر النبي صلى الله عليه وسلم فنزل عليه ساعتئذ : ( عليها تسعة عشر ) فأخبر أصحابه وقال : \" ادعهم ، أما إني سائلهم عن تربة الجنة إن أتوني ، أما إنها درمكة بيضاء \" ، فجاءوه فسألوه عن خزنة جهنم ، فأهوى بأصابع كفيه مرتين وأمسك الإبهام في الثانية ، ثم قال : \" أخبروني عن تربة الجنة \" ، فقالوا : أخبرهم يا ابن سلام ، فقال : كأنها خبزة بيضاء ، فقال رسول الله صلى الله عليه وسلم : \" أما إن الخبز إنما يكون من الدرمك \"\nهكذا وقع عند ابن أبي حاتم ، عن البراء ، والمشهور عن جابر بن عبد الله ، كما قال الحافظ أبو بكر البزار : حدثنا منده ، حدثنا أحمد بن عبدة ، أخبرنا سفيان ويحيى بن حكيم ، حدثنا سفيان ، عن مجالد ، عن الشعبي ، عن جابر بن عبد الله قال : جاء رجل إلى النبي صلى الله عليه وسلم فقال : يا محمد ، غلب أصحابك اليوم ، فقال : \" بأي شيء؟ \" قال : سألتهم يهود : هل أعلمكم نبيكم عدة خزنة أهل النار ؟ قالوا : لا نعلم حتى نسأل نبينا صلى الله عليه وسلم . قال رسول الله صلى الله عليه وسلم : \" أفغلب قوم سئلوا عما لا يدرون فقالوا : لا ندري حتى نسأل نبينا ؟ علي بأعداء الله ، لكن سألوا نبيهم أن يريهم الله جهرة \" ، فأرسل إليهم فدعاهم . قالوا : يا أبا القاسم ، كم عدد خزنة أهل النار ؟ قال : \" هكذا \" ، وطبق كفيه ، ثم طبق كفيه ، مرتين ، وعقد واحدة ، وقال لأصحابه : \" إن سئلتم عن تربة الجنة فهي الدرمك \" ، فلما سألوه فأخبرهم بعدة خزنة أهل النار ، قال لهم رسول الله صلى الله عليه وسلم : \" ما تربة الجنة؟ \" فنظر بعضهم إلى بعض ، فقالوا : خبزة يا أبا القاسم ، فقال : \" الخبز من الدرمك \"\nوهكذا رواه الترمذي عند هذه الآية عن ابن أبي عمر ، عن سفيان ، به ، وقال هو والبزار : لا نعرفه إلا من حديث مجالد . وقد رواه الإمام أحمد ، عن علي بن المديني ، عن سفيان ، فقص الدرمك فقط ."
  }, {
    "id" : 31,
    "eya" : "وَمَا جَعَلْنَا أَصْحَابَ النَّارِ إِلَّا مَلَائِكَةً ۙ وَمَا جَعَلْنَا عِدَّتَهُمْ إِلَّا فِتْنَةً لِّلَّذِينَ كَفَرُوا لِيَسْتَيْقِنَ الَّذِينَ أُوتُوا الْكِتَابَ وَيَزْدَادَ الَّذِينَ آمَنُوا إِيمَانًا ۙ وَلَا يَرْتَابَ الَّذِينَ أُوتُوا الْكِتَابَ وَالْمُؤْمِنُونَ ۙ وَلِيَقُولَ الَّذِينَ فِي قُلُوبِهِم مَّرَضٌ وَالْكَافِرُونَ مَاذَا أَرَادَ اللَّهُ بِهَٰذَا مَثَلًا ۚ كَذَٰلِكَ يُضِلُّ اللَّهُ مَن يَشَاءُ وَيَهْدِي مَن يَشَاءُ ۚ وَمَا يَعْلَمُ جُنُودَ رَبِّكَ إِلَّا هُوَ ۚ وَمَا هِيَ إِلَّا ذِكْرَىٰ لِلْبَشَرِ (31) ",
    "tafsir" : "قول تعالى : ( وما جعلنا أصحاب النار ) أي : خزانها ، ( إلا ملائكة )[ زبانية ] غلاظا شدادا . وذلك رد على مشركي قريش حين ذكر عدد الخزنة ، فقال أبو جهل : يا معشر قريش ، أما يستطيع كل عشرة منكم لواحد منهم فتغلبونهم ؟ فقال الله : ( وما جعلنا أصحاب النار إلا ملائكة ) أي : شديدي الخلق لا يقاومون ولا يغالبون . وقد قيل : إن أبا الأشدين - واسمه : كلدة بن أسيد بن خلف - قال : يا معشر قريش ، اكفوني منهم اثنين وأنا أكفيكم منهم سبعة عشر ، إعجابا منه بنفسه ، وكان قد بلغ من القوة فيما يزعمون أنه كان يقف على جلد البقرة ويجاذبه عشرة لينتزعوه من تحت قدميه ، فيتمزق الجلد ولا يتزحزح عنه . قال السهيلي : وهو الذي دعا رسول الله صلى الله عليه وسلم إلى مصارعته ، وقال : إن صرعتني آمنت بك ، فصرعه النبي صلى الله عليه وسلم مرارا ، فلم يؤمن . قال : وقد نسب ابن إسحاق خبر المصارعة إلى ركانة بن عبد يزيد بن هاشم بن المطلب .\nقلت : ولا منافاة بين ما ذكراه ، والله أعلم .( وما جعلنا عدتهم إلا فتنة للذين كفروا ) أي : إنما ذكرنا عدتهم أنهم تسعة عشر اختبارا منا للناس ، ( ليستيقن الذين أوتوا الكتاب ) أي : يعلمون أن هذا الرسول حق ; فإنه نطق بمطابقة ما بأيديهم من الكتب السماوية المنزلة على الأنبياء قبله .( ويزداد الذين آمنوا إيمانا ) أي : إلى إيمانهم . بما يشهدون من صدق إخبار نبيهم محمد صلى الله عليه وسلم ، ( ولا يرتاب الذين أوتوا الكتاب والمؤمنون وليقول الذين في قلوبهم مرض ) أي : من المنافقين ( والكافرون ماذا أراد الله بهذا مثلا ) ؟ أي : يقولون : ما الحكمة في ذكر هذا هاهنا ؟ قال الله تعالى : ( كذلك يضل الله من يشاء ويهدي من يشاء ) أي : من مثل هذا وأشباهه يتأكد الإيمان في قلوب أقوام ، ويتزلزل عند آخرين ، وله الحكمة البالغة ، والحجة الدامغة .( وما يعلم جنود ربك إلا هو ) أي : ما يعلم عددهم وكثرتهم إلا هو تعالى ، لئلا يتوهم متوهم أنهم تسعة عشر فقط ، كما قد قاله طائفة من أهل الضلالة والجهالة ومن الفلاسفة اليونانيين ، ومن تابعهم من الملتين الذين سمعوا هذه الآية ، فأرادوا تنزيلها على العقول العشرة والنفوس التسعة ، التي اخترعوا دعواها وعجزوا عن إقامة الدلالة على مقتضاها ، فأفهموا صدر هذه الآية وقد كفروا بآخرها ، وهو قوله : ( وما يعلم جنود ربك إلا هو )\nوقد ثبت في حديث الإسراء المروي في الصحيحين وغيرهما . عن رسول الله صلى الله عليه وسلم أنه قال في صفة البيت المعمور الذي في السماء السابعة : \" فإذا هو يدخله في كل يوم سبعون ألف ملك ، لا يعودون إليه آخر ما عليهم \"\nوقال الإمام أحمد : حدثنا أسود ، حدثنا إسرائيل ، عن إبراهيم بن مهاجر ، عن مجاهد ، عن مورق ، عن أبي ذر قال : قال رسول الله صلى الله عليه وسلم : \" إني أرى ما لا ترون ، وأسمع ما لا تسمعون ، أطت السماء وحق لها أن تئط ، ما فيها موضع أربع أصابع إلا عليه ملك ساجد ، لو علمتم ما أعلم لضحكتم قليلا ولبكيتم كثيرا ، ولا تلذذتم بالنساء على الفرشات ، ولخرجتم إلى الصعدات تجأرون إلى الله عز وجل \" . فقال أبو ذر : والله لوددت أني شجرة تعضد .\nورواه الترمذي وابن ماجه ، من حديث إسرائيل وقال الترمذي : حسن غريب ، ويروى عن أبي ذر موقوفا .\nوقال الحافظ أبو القاسم الطبراني : حدثنا خير بن عرفة المصري ، حدثنا عروة بن مروان الرقي ، حدثنا عبيد الله بن عمرو ، عن عبد الكريم بن مالك ، عن عطاء بن أبي رباح ، عن جابر بن عبد الله قال : قال رسول الله صلى الله عليه وسلم : \" ما في السماوات السبع موضع قدم ولا شبر ولا كف إلا وفيه ملك قائم ، أو ملك ساجد ، أو ملك راكع ، فإذا كان يوم القيامة قالوا جميعا : سبحانك ما عبدناك حق عبادتك ، إلا أنا لم نشرك بك شيئا \"\nوقال محمد بن نصر المروزي في \" كتاب الصلاة \" : حدثنا عمرو بن زرارة ، أخبرنا عبد الوهاب بن عطاء ، عن سعيد ، عن قتادة ، عن صفوان بن محرز ، عن حكيم بن حزام قال : بينما رسول الله صلى الله عليه وسلم مع أصحابه إذ قال لهم : \" هل تسمعون ما أسمع؟ \" قالوا : ما نسمع من شيء ، فقال رسول الله صلى الله عليه وسلم : \" أسمع أطيط السماء وما تلام أن تئط ، ما فيها موضع شبر إلا وعليه ملك راكع أو ساجد \"\nوقال أيضا : حدثنا محمد بن عبد الله بن قهزاذ ، حدثنا أبو معاذ الفضل بن خالد النحوي ، حدثنا عبيد بن سليمان الباهلي ، سمعت الضحاك بن مزاحم ، يحدث عن مسروق بن الأجدع ، عن عائشة أنها قالت : قال رسول الله صلى الله عليه وسلم : \" ما في السماء الدنيا موضع قدم إلا وعليه ملك ساجد أو قائم ، وذلك قول الملائكة : ( وما منا إلا له مقام معلوم وإنا لنحن الصافون وإنا لنحن المسبحون )[ الصافات : 164 - 166 ]\nوهذا مرفوع غريب جدا ، ثم رواه عن محمود بن آدم ، عن أبي معاوية ، عن الأعمش ، عن أبي الضحى ، عن مسروق ، عن ابن مسعود أنه قال : إن من السماوات سماء ما فيها موضع شبر إلا وعليه جبهة ملك أو قدماه قائما ، ثم قرأ : ( وإنا لنحن الصافون وإنا لنحن المسبحون )\nثم قال : حدثنا أحمد بن سيار : حدثنا أبو جعفر محمد بن خالد الدمشقي المعروف بابن أمه ، حدثنا المغيرة بن عثمان بن عطية من بني عمرو بن عوف ، حدثني سليمان بن أيوب [ من بني ] سالم بن عوف . حدثني عطاء بن زيد بن مسعود من بني الحبلي ، حدثني سليمان بن عمرو بن الربيع ، من بني سالم ، حدثني عبد الرحمن بن العلاء ، من بني ساعدة ، عن أبيه العلاء بن سعد - وقد شهد الفتح وما بعده - أن النبي صلى الله عليه وسلم قال يوما لجلسائه : \" هل تسمعون ما أسمع؟ \" قالوا : وما تسمع يا رسول الله ؟ قال : \" أطت السماء وحق لها أن تئط ، إنه ليس فيها موضع قدم إلا وعليه ملك قائم أو راكع أو ساجد ، وقال الملائكة : ( وإنا لنحن الصافون وإنا لنحن المسبحون ) وهذا إسناد غريب جدا .\nثم قال : حدثنا [ محمد بن يحيى ، حدثنا ] إسحاق بن محمد بن إسماعيل الفروي ، حدثنا عبد الملك بن قدامة ، عن عبد الرحمن ، عن عبد الله بن دينار ، عن أبيه ، عن عبد الله بن عمر : أن عمر جاء والصلاة قائمة ، ونفر ثلاثة جلوس ، أحدهم أبو جحش الليثي ، فقال : قوموا فصلوا مع رسول الله ، فقام اثنان وأبى أبو جحش أن يقوم ، وقال : لا أقوم حتى يأتي رجل هو أقوى مني ذراعين ، وأشد مني بطشا فيصرعني ، ثم يدس وجهي في التراب . قال عمر : فصرعته ودسست وجهه في التراب ، فأتى عثمان بن عفان فحجزني عنه ، فخرج عمر مغضبا حتى انتهى إلى رسول الله صلى الله عليه وسلم فقال : \" ما رأيك يا أبا حفص ؟ \" ، فذكر له ما كان منه فقال رسول الله صلى الله عليه وسلم : \" إن رضى عمر رحمة ، والله لوددت أنك جئتني برأس الخبيث \" ، فقام عمر يوجه نحوه ، فلما أبعد ناداه ، فقال : \" اجلس حتى أخبرك بغنى الرب عز وجل عن صلاة أبي جحش ، إن لله في السماء الدنيا ملائكة خشوعا لا يرفعون رءوسهم حتى تقوم الساعة ، فإذا قامت رفعوا رءوسهم ثم قالوا : ربنا ، ما عبدناك حق عبادتك ، وإن لله في السماء الثانية ملائكة سجودا لا يرفعون رءوسهم حتى تقوم الساعة فإذا قامت الساعة رفعوا رءوسهم ، وقالوا : سبحانك ما عبدناك حق عبادتك \" فقال له عمر : وما يقولون يا رسول الله ؟ فقال : \" أما أهل السماء الدنيا فيقولون : سبحان ذي الملك والملكوت ، وأما أهل السماء الثانية فيقولون : سبحان ذي العزة والجبروت ، وأما أهل السماء الثالثة فيقولون : سبحان الحي الذي لا يموت ، فقلها يا عمر في صلاتك \" ، فقال عمر : يا رسول الله ، فكيف بالذي كنت علمتني وأمرتني أن أقوله في صلاتي ؟ فقال : \" قل هذا مرة وهذا مرة \" . وكان الذي أمره به أن يقول : \" أعوذ بعفوك من عقابك ، وأعوذ برضاك من سخطك ، وأعوذ بك منك ، جل وجهك \" وهذا حديث غريب جدا ، بل منكر نكارة شديدة وإسحاق الفروي روى عنه البخاري ، وذكره ابن حبان في الثقات ، وضعفه أبو داود والنسائي والعقيلي والدارقطني . وقال أبو حاتم الرازي : كان صدوقا إلا أنه ذهب بصره فربما لقن ، وكتبه صحيحة ، وقال مرة : هو مضطرب ، وشيخه عبد الملك بن قدامة أبو قتادة الجمحي : تكلم فيه أيضا . والعجب من الإمام محمد بن نصر كيف رواه ولم يتكلم عليه ، ولا عرف بحاله ، ولا تعرض لضعف بعض رجاله؟ غير أنه رواه من وجه آخر عن سعيد بن جبير مرسلا بنحوه . ومن طريق أخرى عن الحسن البصري مرسلا قريبا منه ، ثم قال محمد بن نصر :\nحدثنا محمد بن عبد الله بن قهزاذ ، أخبرنا النضر ، أخبرنا عباد بن منصور قال : سمعت عدي بن أرطاة وهو يخطبنا على منبر المدائن قال : سمعت رجلا من أصحاب النبي صلى الله عليه وسلم ، عن رسول الله صلى الله عليه وسلم قال : \" إن لله تعالى ملائكة ترعد فرائصهم من خيفته ، ما منهم ملك تقطر منه دمعة من عينه إلا وقعت على ملك يصلي ، وإن منهم ملائكة سجودا منذ خلق الله السماوات والأرض لم يرفعوا رءوسهم ولا يرفعونها إلى يوم القيامة ، وإن منهم ملائكة ركوعا لم يرفعوا رءوسهم منذ خلق الله السماوات والأرض ولا يرفعونها إلى يوم القيامة ، فإذا رفعوا رءوسهم نظروا إلى وجه الله عز وجل ، قالوا : سبحانك ، ما عبدناك حق عبادتك \"\nوهذا إسناد لا بأس به .( وما هي إلا ذكرى للبشر ) قال مجاهد وغير واحد : ( وما هي ) أي : النار التي وصفت ، ( إلا ذكرى للبشر )"
  }, {
    "id" : 32,
    "eya" : "كَلَّا وَالْقَمَرِ (32) ",
    "tafsir" : ""
  }, {
    "id" : 33,
    "eya" : "وَاللَّيْلِ إِذْ أَدْبَرَ (33) ",
    "tafsir" : "أي ولى."
  }, {
    "id" : 34,
    "eya" : "وَالصُّبْحِ إِذَا أَسْفَرَ (34) ",
    "tafsir" : "أي أشرق."
  }, {
    "id" : 35,
    "eya" : "إِنَّهَا لَإِحْدَى الْكُبَرِ (35) ",
    "tafsir" : "أي العظائم يعني النار.\nقاله ابن عباس ومجاهد وقتادة والضحاك وغير واحد من السلف."
  }, {
    "id" : 36,
    "eya" : "نَذِيرًا لِّلْبَشَرِ (36) ",
    "tafsir" : "أي لمن شاء أن يقبل النذارة ويهتدي للحق."
  }, {
    "id" : 37,
    "eya" : "لِمَن شَاءَ مِنكُمْ أَن يَتَقَدَّمَ أَوْ يَتَأَخَّرَ (37) ",
    "tafsir" : "أي لمن شاء أن يقبل النذارة ويهتدي للحق أو يتأخر عنها ويولي دبرها."
  }, {
    "id" : 38,
    "eya" : "كُلُّ نَفْسٍ بِمَا كَسَبَتْ رَهِينَةٌ (38) ",
    "tafsir" : "أي معتقلة بعملها يوم القيامة قاله ابن عباس وغيره."
  }, {
    "id" : 39,
    "eya" : "إِلَّا أَصْحَابَ الْيَمِينِ (39) ",
    "tafsir" : "\"إلا أصحاب اليمين\"\"في جنات يتساءلون عن المجرمين\" أي يسألون المجرمين وهم في الغرفات وأولئك في الدركات."
  }, {
    "id" : 40,
    "eya" : "فِي جَنَّاتٍ يَتَسَاءَلُونَ (40) ",
    "tafsir" : "\"إلا أصحاب اليمين\"\"في جنات يتساءلون عن المجرمين\" أي يسألون المجرمين وهم في الغرفات وأولئك في الدركات."
  }, {
    "id" : 41,
    "eya" : "عَنِ الْمُجْرِمِينَ (41) ",
    "tafsir" : "\"إلا أصحاب اليمين\"\"في جنات يتساءلون عن المجرمين\" أي يسألون المجرمين وهم في الغرفات وأولئك في الدركات."
  }, {
    "id" : 42,
    "eya" : "مَا سَلَكَكُمْ فِي سَقَرَ (42) ",
    "tafsir" : "قائلين لهم \"ما سلككم فى سقر قالوا لم نك من المصلين ولم نك نطعم المسكين\" أي ما عبدنا ربنا ولا أحسنا إلى خلقه من جنسنا."
  }, {
    "id" : 43,
    "eya" : "قَالُوا لَمْ نَكُ مِنَ الْمُصَلِّينَ (43) ",
    "tafsir" : "أي ما عبدنا ربنا."
  }, {
    "id" : 44,
    "eya" : "وَلَمْ نَكُ نُطْعِمُ الْمِسْكِينَ (44) ",
    "tafsir" : "ولا أحسنا إلى خلقه من جنسنا."
  }, {
    "id" : 45,
    "eya" : "وَكُنَّا نَخُوضُ مَعَ الْخَائِضِينَ (45) ",
    "tafsir" : "أي نتكلم فيما لا نعلم وقال قتادة: كلما غوى غاو غوينا معه."
  }, {
    "id" : 46,
    "eya" : "وَكُنَّا نُكَذِّبُ بِيَوْمِ الدِّينِ (46) ",
    "tafsir" : ""
  }, {
    "id" : 47,
    "eya" : "حَتَّىٰ أَتَانَا الْيَقِينُ (47) ",
    "tafsir" : "يعني الموت كقوله تعالى \"واعبد ربك حتى يأتيك اليقين\" وقال رسول الله صلى الله عليه وسلم \"أما هو- يعني عثمان بن مظعون - فقد جاءه اليقين من ربه\""
  }, {
    "id" : 48,
    "eya" : "فَمَا تَنفَعُهُمْ شَفَاعَةُ الشَّافِعِينَ (48) ",
    "tafsir" : "أي من كان متصفا بمثل هذه الصفات فإنه لا تنفعه يوم القيامة شفاعة شافع لأن الشفاعة إنما تنجع إذا كان المحل قابلا فأما من وافى الله كافرا يوم القيامة فإنه له النار لا محالة خالدا فيها."
  }, {
    "id" : 49,
    "eya" : "فَمَا لَهُمْ عَنِ التَّذْكِرَةِ مُعْرِضِينَ (49) ",
    "tafsir" : "أي فما لهؤلاء الكفرة الذين قبلك مما تدعوهم إليه وتذكرهم به معرضين."
  }, {
    "id" : 50,
    "eya" : "كَأَنَّهُمْ حُمُرٌ مُّسْتَنفِرَةٌ (50) ",
    "tafsir" : "أي كأنهم في نفارهم عن الحق وإعراضهم عنه حمر من حمر الوحش."
  }, {
    "id" : 51,
    "eya" : "فَرَّتْ مِن قَسْوَرَةٍ (51) ",
    "tafsir" : "( كأنهم حمر مستنفرة فرت من قسورة ) أي : كأنهم في نفارهم عن الحق ، وإعراضهم عنه حمر من حمر الوحش إذا فرت ممن يريد صيدها من أسد ، قاله أبو هريرة‌ وابن عباس - في رواية عنه - وزيد بن أسلم ، وابنه عبد الرحمن . أو : رام ، وهو رواية عن ابن عباس ، وهو قول الجمهور .\nوقال حماد بن سلمة ، عن علي بن زيد ، عن يوسف بن مهران ، عن ابن عباس : الأسد ، بالعربية ، ويقال له بالحبشية : قسورة ، وبالفارسية : شير وبالنبطية : أويا ."
  }, {
    "id" : 52,
    "eya" : "بَلْ يُرِيدُ كُلُّ امْرِئٍ مِّنْهُمْ أَن يُؤْتَىٰ صُحُفًا مُّنَشَّرَةً (52) ",
    "tafsir" : "( بل يريد كل امرئ منهم أن يؤتى صحفا منشرة ) أي : بل يريد كل واحد من هؤلاء المشركين أن ينزل عليه كتابا كما أنزل على النبي . قاله مجاهد وغيره ، كقوله : ( وإذا جاءتهم آية قالوا لن نؤمن حتى نؤتى مثل ما أوتي رسل الله الله أعلم حيث يجعل رسالته )[ الأنعام : 124 ] ، وفي رواية عن قتادة : يريدون أن يؤتوا براءة بغير عمل ."
  }, {
    "id" : 53,
    "eya" : "كَلَّا ۖ بَل لَّا يَخَافُونَ الْآخِرَةَ (53) ",
    "tafsir" : "أي إنما أفسدهم عدم إيمانهم بها وتكذيبهم بوقوعها."
  }, {
    "id" : 54,
    "eya" : "كَلَّا إِنَّهُ تَذْكِرَةٌ (54) ",
    "tafsir" : "أي حقا إن القرآن تذكرة."
  }, {
    "id" : 55,
    "eya" : "فَمَن شَاءَ ذَكَرَهُ (55) ",
    "tafsir" : "( فمن شاء ذكره وما يذكرون إلا أن يشاء الله )( وما تشاءون إلا أن يشاء الله )[ الإنسان : 30 ]"
  }, {
    "id" : 56,
    "eya" : "وَمَا يَذْكُرُونَ إِلَّا أَن يَشَاءَ اللَّهُ ۚ هُوَ أَهْلُ التَّقْوَىٰ وَأَهْلُ الْمَغْفِرَةِ (56) ",
    "tafsir" : "( فمن شاء ذكره وما يذكرون إلا أن يشاء الله )( وما تشاءون إلا أن يشاء الله )[ الإنسان : 30 ]( هو أهل التقوى وأهل المغفرة ) أي : هو أهل أن يخاف منه ، وهو أهل أن يغفر ذنب من تاب إليه وأناب . قاله قتادة .\nوقال الإمام أحمد : حدثنا زيد بن الحباب ، أخبرني سهيل - أخو حزم - حدثنا ثابت البناني ، عن أنس بن مالك قال : قرأ رسول الله صلى الله عليه وسلم هذه الآية : ( هو أهل التقوى وأهل المغفرة )\" قال ربكم : أنا أهل أن أتقى ، فلا يجعل معي إله ، فمن اتقى أن يجعل معي إلها كان أهلا أن أغفر له \"\nورواه الترمذي وابن ماجه من حديث زيد بن الحباب ، والنسائي من حديث المعافى بن عمران ، كلاهما عن سهيل بن عبد الله القطعي ، به ، وقال الترمذي : حسن غريب وسهيل ليس بالقوي . ورواه ابن أبي حاتم عن أبيه ، عن هدبة بن خالد ، عن سهيل ، به . وهكذا رواه أبو يعلى والبزار والبغوي ، وغيرهم ، من حديث سهيل القطعي ، به .\nآخر تفسير سورة \" المدثر \" ولله الحمد والمنة[ وحسبنا الله ونعم الوكيل ]"
  } ]
}