{
  "id" : 75,
  "nbAya" : 40,
  "name" : "القِيَامَة",
  "type" : "مكيَّة",
  "ayets" : [ {
    "id" : 1,
    "eya" : "لَا أُقْسِمُ بِيَوْمِ الْقِيَامَةِ (1) ",
    "tafsir" : "تفسير سورة القيامة وهي مكية .\nقد تقدم غير مرة أن المقسم عليه إذا كان منتفيا ، جاز الإتيان بلا قبل القسم لتأكيد النفي . والمقسوم عليه هاهنا هو إثبات الميعاد ، والرد على ما يزعمه الجهلة من العباد من عدم بعث الأجساد ; ولهذا قال تعالى : ( لا أقسم بيوم القيامة ولا أقسم بالنفس اللوامة ) قال الحسن : أقسم بيوم القيامة ولم يقسم بالنفس اللوامة . وقال قتادة : بل أقسم بهما جميعا . هكذا حكاه ابن أبي حاتم . وقد حكى ابن جرير ، عن الحسن والأعرج أنهما قرآ : \" لأقسم [ بيوم القيامة ] ، وهذا يوجه قول الحسن ; لأنه أثبت القسم بيوم القيامة ونفى القسم بالنفس اللوامة . والصحيح أنه أقسم بهما جميعا كما قاله قتادة رحمه الله ، وهو المروي عن ابن عباس وسعيد بن جبير ، واختاره ابن جرير .\nفأما يوم القيامة فمعروف ، وأما النفس اللوامة ، فقال قرة بن خالد ، عن الحسن البصري في هذه الآية : إن المؤمن - والله - ما نراه إلا يلوم نفسه : ما أردت بكلمتي ؟ ما أردت بأكلتي ؟ ما أردت بحديث نفسي ؟ وإن الفاجر يمضي قدما ما يعاتب نفسه ."
  }, {
    "id" : 2,
    "eya" : "وَلَا أُقْسِمُ بِالنَّفْسِ اللَّوَّامَةِ (2) ",
    "tafsir" : "وقال جويبر : بلغنا عن الحسن أنه قال في قوله : ( ولا أقسم بالنفس اللوامة ) قال : ليس أحد من أهل السماوات والأرض إلا يلوم نفسه يوم القيامة .\nوقال ابن أبي حاتم : حدثنا أبي ، حدثنا عبد الله بن صالح بن مسلم ، عن إسرائيل ، عن سماك : أنه سأل عكرمة عن قوله : ( ولا أقسم بالنفس اللوامة ) قال : يلوم على الخير والشر : لو فعلت كذا وكذا .\nورواه ابن جرير ، عن أبي كريب ، عن وكيع ، عن إسرائيل .\nوقال ابن جرير : حدثنا محمد بن بشار ، حدثنا مؤمل ، حدثنا سفيان ، عن ابن جريج ، عن الحسن بن مسلم ، عن سعيد بن جبير في : ( ولا أقسم بالنفس اللوامة ) قال : تلوم على الخير والشر .\nثم رواه من وجه آخر عن سعيد أنه سأل ابن عباس عن ذلك : فقال : هي النفس اللئوم .\nوقال علي بن أبي نجيح ، عن مجاهد : تندم على ما فات وتلوم عليه .\nوقال علي بن أبي طلحة ، عن ابن عباس : اللوامة : المذمومة .\nوقال قتادة : ( اللوامة ) الفاجرة .\nقال ابن جرير : وكل هذه الأقوال متقاربة المعنى ، الأشبه بظاهر التنزيل أنها التي تلوم صاحبها على الخير والشر وتندم على ما فات ."
  }, {
    "id" : 3,
    "eya" : "أَيَحْسَبُ الْإِنسَانُ أَلَّن نَّجْمَعَ عِظَامَهُ (3) ",
    "tafsir" : "أي يوم القيامة أيظن أنا لا نقدر على إعادة عظامه وجمعها من أماكنها المتفرقة."
  }, {
    "id" : 4,
    "eya" : "بَلَىٰ قَادِرِينَ عَلَىٰ أَن نُّسَوِّيَ بَنَانَهُ (4) ",
    "tafsir" : "قال سعيد بن جبير والعوفي ، عن ابن عباس : أن نجعله خفا أو حافرا . وكذا قال مجاهد ، وعكرمة ، والحسن ، وقتادة ، والضحاك ، وابن جرير . ووجهه ابن جرير بأنه تعالى لو شاء لجعل ذلك في الدنيا .\nوالظاهر من الآية أن قوله : ( قادرين ) حال من قوله : ( نجمع ) أي : أيظن الإنسان أنا لا نجمع عظامه ؟ بلى سنجمعها قادرين على أن نسوي بنانه ، أي : قدرتنا صالحة لجمعها ، ولو شئنا لبعثناه أزيد مما كان ، فنجعل بنانه - وهي أطراف أصابعه - مستوية . وهذا معنى قول ابن قتيبة والزجاج ."
  }, {
    "id" : 5,
    "eya" : "بَلْ يُرِيدُ الْإِنسَانُ لِيَفْجُرَ أَمَامَهُ (5) ",
    "tafsir" : "وقوله : ( بل يريد الإنسان ليفجر أمامه ) قال سعيد ، عن ابن عباس : يعني يمضي قدما .\nوقال العوفي ، عن ابن عباس : ( ليفجر أمامه ) يعني : الأمل ، يقول الإنسان : أعمل ثم أتوب قبل يوم القيامة ، ويقال : هو الكفر بالحق بين يدي القيامة .( ليفجر أمامه ) ليمضي أمامه راكبا رأسه . وقال الحسن : لا يلقى ابن آدم إلا تنزع نفسه إلى معصية الله قدما قدما ، إلا من عصمه الله .\nوروي عن عكرمة وسعيد بن جبير والضحاك والسدي ، وغير واحد من السلف : هو الذي يعجل الذنوب ويسوف التوبة .\nوقال علي بن أبي طلحة ، عن ابن عباس : هو الكافر يكذب بيوم الحساب . وكذا قال ابن زيد ، وهذا هو الأظهر من المراد ; ولهذا قال بعده"
  }, {
    "id" : 6,
    "eya" : "يَسْأَلُ أَيَّانَ يَوْمُ الْقِيَامَةِ (6) ",
    "tafsir" : "يسأل أيان يوم القيامة ) ؟ أي : يقول متى يكون يوم القيامة ؟ وإنما سؤاله سؤال استبعاد لوقوعه ، وتكذيب لوجوده ، كما قال تعالى : ( ويقولون متى هذا الوعد إن كنتم صادقين قل لكم ميعاد يوم لا تستأخرون عنه ساعة ولا تستقدمون )[ سبأ : 29 ، 30 ]"
  }, {
    "id" : 7,
    "eya" : "فَإِذَا بَرِقَ الْبَصَرُ (7) ",
    "tafsir" : "وقال تعالى هاهنا : ( فإذا برق البصر ) قال أبو عمرو بن العلاء : ( برق ) بكسر الراء ، أي : حار . وهذا الذي قاله شبيه بقوله تعالى : ( لا يرتد إليهم طرفهم )[ إبراهيم : 43 ] ، بل ينظرون من الفزع هكذا وهكذا ، لا يستقر لهم بصر على شيء ; من شدة الرعب .\nوقرأ آخرون : \" برق \" بالفتح ، وهو قريب في المعنى من الأول . والمقصود أن الأبصار تنبهر يوم القيامة وتخشع وتحار وتذل من شدة الأهوال ، ومن عظم ما تشاهده يوم القيامة من الأمور ."
  }, {
    "id" : 8,
    "eya" : "وَخَسَفَ الْقَمَرُ (8) ",
    "tafsir" : "أي ذهب ضوءه."
  }, {
    "id" : 9,
    "eya" : "وَجُمِعَ الشَّمْسُ وَالْقَمَرُ (9) ",
    "tafsir" : "( وجمع الشمس والقمر ) قال مجاهد : كورا . وقرأ ابن زيد عند تفسير هذه الآية : ( إذا الشمس كورت وإذا النجوم انكدرت )[ التكوير : 1 ، 2 ] وروي عن ابن مسعود أنه قرأ : \" وجمع بين الشمس والقمر \""
  }, {
    "id" : 10,
    "eya" : "يَقُولُ الْإِنسَانُ يَوْمَئِذٍ أَيْنَ الْمَفَرُّ (10) ",
    "tafsir" : "أي إذا عاين ابن آدم هذه الأهوال يوم القيامة حينئذ يريد أن يفر ويقول أين المفر أي هل من ملجإ أو موئل."
  }, {
    "id" : 11,
    "eya" : "كَلَّا لَا وَزَرَ (11) ",
    "tafsir" : "قال الله تعالى : ( كلا لا وزر إلى ربك يومئذ المستقر ) قال ابن مسعود وابن عباس وسعيد بن جبير ، وغير واحد من السلف : أي لا نجاة .\nوهذه كقوله : ( ما لكم من ملجإ يومئذ وما لكم من نكير )[ الشورى : 47 ] أي : ليس لكم مكان تتنكرون فيه ، وكذا قال هاهنا ( لا وزر ) أي : ليس لكم مكان تعتصمون فيه"
  }, {
    "id" : 12,
    "eya" : "إِلَىٰ رَبِّكَ يَوْمَئِذٍ الْمُسْتَقَرُّ (12) ",
    "tafsir" : "أي المرجع والمصير."
  }, {
    "id" : 13,
    "eya" : "يُنَبَّأُ الْإِنسَانُ يَوْمَئِذٍ بِمَا قَدَّمَ وَأَخَّرَ (13) ",
    "tafsir" : "ثم قال تعالى : ( ينبأ الإنسان يومئذ بما قدم وأخر ) أي : يخبر بجميع أعماله قديمها وحديثها ، أولها وآخرها ، صغيرها وكبيرها ، كما قال تعالى : ( ووجدوا ما عملوا حاضرا ولا يظلم ربك أحدا )[ الكهف : 49 ]"
  }, {
    "id" : 14,
    "eya" : "بَلِ الْإِنسَانُ عَلَىٰ نَفْسِهِ بَصِيرَةٌ (14) ",
    "tafsir" : "وهكذا قال هاهنا : ( بل الإنسان على نفسه بصيرة ولو ألقى معاذيره ) أي : هو شهيد على نفسه ، عالم بما فعله ولو اعتذر وأنكر ، كما قال تعالى : ( اقرأ كتابك كفى بنفسك اليوم عليك حسيبا )[ الإسراء : 14 ]\nوقال علي بن أبي طلحة ، عن ابن عباس : ( بل الإنسان على نفسه بصيرة ) يقول : سمعه وبصره ويداه ورجلاه وجوارحه .\nوقال قتادة : شاهد على نفسه . وفي رواية قال : إذا شئت - والله - رأيته بصيرا بعيوب الناس وذنوبهم غافلا عن ذنوبه ، وكان يقال : إن في الإنجيل مكتوبا : يا ابن آدم ، تبصر القذاة في عين أخيك ، وتترك الجذل في عينك لا تبصره ."
  }, {
    "id" : 15,
    "eya" : "وَلَوْ أَلْقَىٰ مَعَاذِيرَهُ (15) ",
    "tafsir" : "وقال مجاهد : ( ولو ألقى معاذيره ) ولو جادل عنها فهو بصير عليها . وقال قتادة : ( ولو ألقى معاذيره ) ولو اعتذر يومئذ بباطل لا يقبل منه . وقال السدي : ( ولو ألقى معاذيره ) حجته . وكذا قال ابن زيد والحسن البصري ، وغيرهم . واختاره ابن جرير .\nوقال قتادة ، عن زرارة ، عن ابن عباس : ( ولو ألقى معاذيره ) يقول : لو ألقى ثيابه .\nوقال الضحاك : ولو أرخى ستوره ، وأهل اليمن يسمون الستر : المعذار .\nوالصحيح قول مجاهد وأصحابه ، كقوله : ( ثم لم تكن فتنتهم إلا أن قالوا والله ربنا ما كنا مشركين )[ الأنعام : 23 ]( يوم يبعثهم الله جميعا فيحلفون له كما يحلفون لكم ويحسبون أنهم على شيء ألا إنهم هم الكاذبون )[ المجادلة : 18 ]\nوقال العوفي ، عن ابن عباس : ( ولو ألقى معاذيره ) هي الاعتذار ، ألم تسمع أنه قال : ( لا ينفع الظالمين معذرتهم )[ غافر : 52 ]( وألقوا إلى الله يومئذ السلم )[ النحل : 87 ]( فألقوا السلم ما كنا نعمل من سوء )[ النحل : 28 ]( والله ربنا ما كنا مشركين )"
  }, {
    "id" : 16,
    "eya" : "لَا تُحَرِّكْ بِهِ لِسَانَكَ لِتَعْجَلَ بِهِ (16) ",
    "tafsir" : "هذا تعليم من الله عز وجل لرسوله صلى الله عليه وسلم في كيفية تلقيه الوحي من الملك ، فإنه كان يبادر إلى أخذه ، ويسابق الملك في قراءته ، فأمره الله عز وجل إذا جاءه الملك بالوحي أن يستمع له ، وتكفل له أن يجمعه في صدره ، وأن ييسره لأدائه على الوجه الذي ألقاه إليه ، وأن يبينه له ويفسره ويوضحه ، فالحالة الأولى جمعه في صدره ، والثانية تلاوته ، والثالثة تفسيره وإيضاح معناه ; ولهذا قال : ( لا تحرك به لسانك لتعجل به ) أي : بالقرآن ، كما قال : ( ولا تعجل بالقرآن من قبل أن يقضى إليك وحيه وقل رب زدني علما )[ طه : 114 ]"
  }, {
    "id" : 17,
    "eya" : "إِنَّ عَلَيْنَا جَمْعَهُ وَقُرْآنَهُ (17) ",
    "tafsir" : "أي في صدرك وقرآنه أي أن تقرأه."
  }, {
    "id" : 18,
    "eya" : "فَإِذَا قَرَأْنَاهُ فَاتَّبِعْ قُرْآنَهُ (18) ",
    "tafsir" : "\"فإذا قرأناه\" أي إذا تلاه عليك الملك عن الله تعالى \"فاتبع قرآنه\" أي فاستمع له ثم اقرأه كما أقرأك."
  }, {
    "id" : 19,
    "eya" : "ثُمَّ إِنَّ عَلَيْنَا بَيَانَهُ (19) ",
    "tafsir" : "( ثم إن علينا بيانه ) أي : بعد حفظه وتلاوته نبينه لك ونوضحه ، ونلهمك معناه على ما أردنا وشرعنا .\nوقال الإمام أحمد : حدثنا عبد الرحمن ، عن أبي عوانة ، عن موسى بن أبي عائشة ، عن سعيد بن جبير ، عن ابن عباس قال : كان رسول الله صلى الله عليه وسلم يعالج من التنزيل شدة ، فكان يحرك شفتيه - قال : فقال لي ابن عباس : أنا أحرك شفتي كما كان رسول الله صلى الله عليه وسلم يحرك شفتيه . وقال لي سعيد : وأنا أحرك شفتي كما رأيت ابن عباس يحرك شفتيه - فأنزل الله عز وجل ( لا تحرك به لسانك لتعجل به إن علينا جمعه وقرآنه ) قال : جمعه في صدرك ، ثم تقرأه ، ( فإذا قرأناه فاتبع قرآنه ) فاستمع له وأنصت . ( ثم إن علينا بيانه ) فكان بعد ذلك إذا انطلق جبريل قرأه كما أقرأه .\nوقد رواه البخاري ومسلم ، من غير وجه ، عن موسى بن أبي عائشة ، به ، ولفظ البخاري : فكان إذا أتاه جبريل أطرق ، فإذا ذهب قرأه كما وعده الله عز وجل .\nوقال ابن أبي حاتم : حدثنا أبو سعيد الأشج ، حدثنا أبو يحيى التيمي ، حدثنا موسى بن أبي عائشة ، عن سعيد بن جبير ، عن ابن عباس قال : كان رسول الله صلى الله عليه وسلم إذا أنزل عليه الوحي يلقى منه شدة ، وكان إذا نزل عليه عرف في تحريكه شفتيه ، يتلقى أوله ويحرك به شفتيه خشية أن ينسى أوله قبل أن يفرغ من آخره ، فأنزل الله : ( لا تحرك به لسانك لتعجل به )\nوهكذا قال الشعبي ، والحسن البصري ، وقتادة ، ومجاهد ، والضحاك ، وغير واحد : إن هذه الآية نزلت في ذلك .\nوقد روى ابن جرير من طريق العوفي ، عن ابن عباس : ( لا تحرك به لسانك لتعجل به ) قال : كان لا يفتر من القراءة مخافة أن ينساه ، فقال الله : ( لا تحرك به لسانك لتعجل به إن علينا ) أن نجمعه لك ( وقرآنه ) أن نقرئك فلا تنسى .\nوقال ابن عباس وعطية العوفي : ( ثم إن علينا بيانه ) تبيين حلاله وحرامه . وكذا قال قتادة ."
  }, {
    "id" : 20,
    "eya" : "كَلَّا بَلْ تُحِبُّونَ الْعَاجِلَةَ (20) ",
    "tafsir" : "أي إنما يحملهم على التكذيب بيوم القيامة ومخالفة ما أنزله الله عز وجل على رسوله صلى الله عليه وسلم من الوحي الحق والقرآن العظيم."
  }, {
    "id" : 21,
    "eya" : "وَتَذَرُونَ الْآخِرَةَ (21) ",
    "tafsir" : "إنهم إنما همتهم إلى الدار الدنيا العاجلة وهم لاهون متشاغلون عن الآخرة."
  }, {
    "id" : 22,
    "eya" : "وُجُوهٌ يَوْمَئِذٍ نَّاضِرَةٌ (22) ",
    "tafsir" : "من النضارة أي حسنة بهية مشرقة مسرورة."
  }, {
    "id" : 23,
    "eya" : "إِلَىٰ رَبِّهَا نَاظِرَةٌ (23) ",
    "tafsir" : "( إلى ربها ناظرة ) أي : تراه عيانا ، كما رواه البخاري ، رحمه الله ، في صحيحه : \" إنكم سترون ربكم عيانا \" . وقد ثبتت رؤية المؤمنين لله عز وجل في الدار الآخرة في الأحاديث الصحاح ، من طرق متواترة عند أئمة الحديث ، لا يمكن دفعها ولا منعها ; لحديثأبي سعيد وأبي هريرة‌ - وما في الصحيحين - : أن ناسا قالوا : يا رسول الله ، هل نرى ربنا يوم القيامة ؟ فقال : \" هل تضارون في رؤية الشمس والقمر ليس دونهما سحاب؟ \" قالوا : لا . قال : \" فإنكم ترون ربكم كذلك \" . وفي الصحيحين عن جرير قال : نظر رسول الله صلى الله عليه وسلم إلى القمر ليلة البدر فقال : \" إنكم ترون ربكم كما ترون هذا القمر ، فإن استطعتم ألا تغلبوا على صلاة قبل طلوع الشمس ولا قبل غروبها فافعلوا \" وفي الصحيحين عن أبي موسى قال : قال رسول الله صلى الله عليه وسلم : \" جنتان من ذهب آنيتهما وما فيهما ، وجنتان من فضة آنيتهما وما فيهما ، وما بين القوم وبين أن ينظروا إلى الله إلا رداء الكبرياء على وجهه في جنة عدن \" . وفي أفراد مسلم ، عن صهيب ، عن النبي صلى الله عليه وسلم قال : \" إذا دخل أهل الجنة الجنة \"\" يقول الله تعالى : تريدون شيئا أزيدكم ؟ فيقولون : ألم تبيض وجوهنا ؟ ألم تدخلنا الجنة وتنجنا من النار؟ \"\" فيكشف الحجاب ، فما أعطوا شيئا أحب إليهم من النظر إلى ربهم ، وهي الزيادة \" . ثم تلا هذه الآية : ( للذين أحسنوا الحسنى وزيادة )[ يونس : 26 ]\nوفي أفراد مسلم ، عن جابر في حديثه : \" إن الله يتجلى للمؤمنين يضحك \" - يعني في عرصات القيامة - ففي هذه الأحاديث أن المؤمنين ينظرون إلى ربهم عز وجل في العرصات ، وفي روضات الجنات .\nوقال الإمام أحمد : حدثنا أبو معاوية ، حدثنا عبد الملك بن أبجر ، حدثنا ثوير بن أبي فاختة ، عن ابن عمر قال : قال رسول الله صلى الله عليه وسلم : \" إن أدنى أهل الجنة منزلة لينظر في ملكه ألفي سنة ، يرى أقصاه كما يرى أدناه ، ينظر إلى أزواجه وخدمه . وإن أفضلهم منزلة لينظر إلى وجه الله كل يوم مرتين \"\nورواه الترمذي ، عن عبد بن حميد ، عن شبابة ، عن إسرائيل ، عن ثوير قال : \" سمعت ابن عمر . . \" . فذكره ، قال : \" ورواه عبد الملك بن أبجر ، عن ثوير ، عن مجاهد ، عن ابن عمر ، قوله \" . وكذلك رواه الثوري ، عن ثوير ، عن مجاهد ، عن ابن عمر ، لم يرفعه ، ولولا خشية الإطالة لأوردنا الأحاديث بطرقها وألفاظها من الصحاح والحسان والمسانيد والسنن ، ولكن ذكرنا ذلك مفرقا في مواضع من هذا التفسير ، وبالله التوفيق . وهذا بحمد الله مجمع عليه بين الصحابة والتابعين وسلف هذه الأمة ، كما هو متفق عليه بين أئمة الإسلام . وهداة الأنام .\nومن تأول ذلك بأن المراد ب ) إلى ) مفرد الآلاء ، وهي النعم ، كما قال الثوري ، عن منصور ، عن مجاهد : ( إلى ربها ناظرة ) فقال تنتظر الثواب من ربها . رواه ابن جرير من غير وجه عن مجاهد . وكذا قال أبو صالح أيضا - فقد أبعد هذا القائل النجعة ، وأبطل فيما ذهب إليه . وأين هو من قوله تعالى : ( كلا إنهم عن ربهم يومئذ لمحجوبون )[ المطففين : 15 ] ، قال الشافعي ، رحمه الله : ما حجب الفجار إلا وقد علم أن الأبرار يرونه عز وجل . ثم قد تواترت الأخبار عن رسول الله صلى الله عليه وسلم بما دل عليه سياق الآية الكريمة ، وهي قوله : ( إلى ربها ناظرة ) قال ابن جرير : حدثنا محمد بن إسماعيل البخاري ، حدثنا آدم ، حدثنا المبارك ، عن الحسن : ( وجوه يومئذ ناضرة ) قال : حسنة ، ( إلى ربها ناظرة ) قال تنظر إلى الخالق ، وحق لها أن تنضر وهي تنظر إلى الخالق ."
  }, {
    "id" : 24,
    "eya" : "وَوُجُوهٌ يَوْمَئِذٍ بَاسِرَةٌ (24) ",
    "tafsir" : "وقوله : ( وجوه يومئذ باسرة ) هذه وجوه الفجار تكون يوم القيامة باسرة . قال قتادة : كالحة . وقال السدي : تغير ألوانها . وقال ابن زيد ( باسرة ) أي : عابسة ."
  }, {
    "id" : 25,
    "eya" : "تَظُنُّ أَن يُفْعَلَ بِهَا فَاقِرَةٌ (25) ",
    "tafsir" : "( تظن ) أي : تستيقن ، ( أن يفعل بها فاقرة ) قال مجاهد : داهية . وقال قتادة : شر . وقال السدي : تستيقن أنها هالكة . وقال ابن زيد : تظن أن ستدخل النار .\nوهذا المقام كقوله : ( يوم تبيض وجوه وتسود وجوه )[ آل عمران : 106 ]( وجوه يومئذ مسفرة ضاحكة مستبشرة ووجوه يومئذ عليها غبرة ترهقها قترة أولئك هم الكفرة الفجرة )[ عبس : 38 - 42 ]( وجوه يومئذ خاشعة عاملة ناصبة تصلى نارا حامية ) إلى قوله : ( وجوه يومئذ ناعمة لسعيها راضية في جنة عالية )[ الغاشية : 2 - 10 ] في أشباه ذلك من الآيات والسياقات ."
  }, {
    "id" : 26,
    "eya" : "كَلَّا إِذَا بَلَغَتِ التَّرَاقِيَ (26) ",
    "tafsir" : "يخبر تعالى عن حالة الاحتضار وما عنده من الأهوال - ثبتنا الله هنالك بالقول الثابت - فقال تعالى : ( كلا إذا بلغت التراقي ) إن جعلنا ) كلا ) رادعة فمعناها : لست يا ابن آدم تكذب هناك بما أخبرت به ، بل صار ذلك عندك عيانا . وإن جعلناها بمعنى ( حقا ) فظاهر ، أي : حقا إذا بلغت التراقي ، أي : انتزعت روحك من جسدك وبلغت تراقيك ، والتراقي : جمع ترقوة ، وهي العظام التي بين ثغرة النحر والعاتق ، كقوله : ( فلولا إذا بلغت الحلقوم وأنتم حينئذ تنظرون ونحن أقرب إليه منكم ولكن لا تبصرون فلولا إن كنتم غير مدينين ترجعونها إن كنتم صادقين )[ الواقعة : 83 - 87 ] . وهكذا قال هاهنا : ( كلا إذا بلغت التراقي ) ويذكر هاهنا حديث بسر بن جحاش الذي تقدم في سورة \" يس \" . والتراقي : جمع ترقوة ، وهي قريبة من الحلقوم ."
  }, {
    "id" : 27,
    "eya" : "وَقِيلَ مَنْ ۜ رَاقٍ (27) ",
    "tafsir" : "( وقيل من راق ) قال : عكرمة ، عن ابن عباس : أي من راق يرقي ؟ وكذا قال أبو قلابة : ( وقيل من راق ) أي : من طبيب شاف . وكذا قال قتادة والضحاك وابن زيد .\nوقال ابن أبي حاتم : حدثنا أبي ، حدثنا نصر بن علي ، حدثنا روح بن المسيب أبو رجاء الكلبي ، حدثنا عمرو بن مالك ، عن أبي الجوزاء ، عن ابن عباس : ( وقيل من راق ) قال : قيل : من يرقى بروحه : ملائكة الرحمة أم ملائكة العذاب ؟ فعلى هذا يكون من كلام الملائكة ."
  }, {
    "id" : 28,
    "eya" : "وَظَنَّ أَنَّهُ الْفِرَاقُ (28) ",
    "tafsir" : ""
  }, {
    "id" : 29,
    "eya" : "وَالْتَفَّتِ السَّاقُ بِالسَّاقِ (29) ",
    "tafsir" : "وبهذا الإسناد ، عن ابن عباس في قوله : ( والتفت الساق بالساق ) قال : التفت عليه الدنيا والآخرة . وكذا قال علي بن أبي طلحة ، عن ابن عباس : ( والتفت الساق بالساق ) يقول : آخر يوم في الدنيا ، وأول يوم من أيام الآخرة ، فتلتقي الشدة بالشدة إلا من رحم الله .\nوقال عكرمة : ( والتفت الساق بالساق ) الأمر العظيم بالأمر العظيم . وقال مجاهد : بلاء ببلاء . وقال الحسن البصري في قوله : ( والتفت الساق بالساق ) هما ساقاك إذا التفتا . وفي رواية عنه : ماتت رجلاه فلم تحملاه ، وقد كان عليها جوالا . وكذا قال السدي ، عن أبي مالك .\nوفي رواية عن الحسن : هو لفهما في الكفن .\nوقال الضحاك : ( والتفت الساق بالساق ) اجتمع عليه أمران : الناس يجهزون جسده ، والملائكة يجهزون روحه ."
  }, {
    "id" : 30,
    "eya" : "إِلَىٰ رَبِّكَ يَوْمَئِذٍ الْمَسَاقُ (30) ",
    "tafsir" : "وقوله : ( إلى ربك يومئذ المساق ) أي : المرجع والمآب ، وذلك أن الروح ترفع إلى السماوات ، فيقول الله عز وجل : ردوا عبدي إلى الأرض ، فإني منها خلقتهم ، وفيها أعيدهم ، ومنها أخرجهم تارة أخرى . كما ورد في حديث البراء الطويل . وقد قال الله تعالى : ( وهو القاهر فوق عباده ويرسل عليكم حفظة حتى إذا جاء أحدكم الموت توفته رسلنا وهم لا يفرطون ثم ردوا إلى الله مولاهم الحق ألا له الحكم وهو أسرع الحاسبين )[ الأنعام : 61 ، 62 ]"
  }, {
    "id" : 31,
    "eya" : "فَلَا صَدَّقَ وَلَا صَلَّىٰ (31) ",
    "tafsir" : "هذا إخبار عن الكافر الذي كان في الدار الدنيا مكذبا للحق بقلبه متوليا عن العمل بقالبه فلا خير فيه باطنا ولا ظاهرا ولهذا قال تعالى \"فلا صدق ولا صلى ولكن كذب وتولى\""
  }, {
    "id" : 32,
    "eya" : "وَلَٰكِن كَذَّبَ وَتَوَلَّىٰ (32) ",
    "tafsir" : "هذا إخبار عن الكافر الذي كان في الدار الدنيا مكذبا للحق بقلبه متوليا عن العمل بقالبه فلا خير فيه باطنا ولا ظاهرا ولهذا قال تعالى \"فلا صدق ولا صلى ولكن كذب وتولى\""
  }, {
    "id" : 33,
    "eya" : "ثُمَّ ذَهَبَ إِلَىٰ أَهْلِهِ يَتَمَطَّىٰ (33) ",
    "tafsir" : "(ثم ذهب إلى أهله يتمطى ) أي : جذلا أشرا بطرا كسلانا ، لا همة له ولا عمل ، كما قال : ( وإذا انقلبوا إلى أهلهم انقلبوا فكهين )[ المطففين : 34 ]( إنه كان في أهله مسرورا إنه ظن أن لن يحور ) أي : يرجع ( بلى إن ربه كان به بصيرا )[ الانشقاق : 13 - 15 ]\nوقال الضحاك : عن ابن عباس : ( ثم ذهب إلى أهله يتمطى )[ أي ] . يختال . وقال قتادة وزيد بن أسلم : يتبختر ."
  }, {
    "id" : 34,
    "eya" : "أَوْلَىٰ لَكَ فَأَوْلَىٰ (34) ",
    "tafsir" : "ال الله تعالى : ( أولى لك فأولى ثم أولى لك فأولى ) وهذا تهديد ووعيد أكيد منه تعالى للكافر به المتبختر في مشيته ، أي : يحق لك أن تمشي هكذا وقد كفرت بخالقك وبارئك ، كما يقال في مثل هذا على سبيل التهكم والتهديد كقوله : ( ذق إنك أنت العزيز الكريم )[ الدخان : 49 ] . وكقوله : ( كلوا وتمتعوا قليلا إنكم مجرمون )[ المرسلات : 46 ] ، وكقوله ( فاعبدوا ما شئتم من دونه )[ الزمر : 15 ] ، وكقوله ( اعملوا ما شئتم )[ فصلت : 40 ] . إلى غير ذلك .\nوقد قال ابن أبي حاتم : حدثنا أحمد بن سنان الواسطي ، حدثنا عبد الرحمن - يعني ابن مهدي - ، عن إسرائيل ، عن موسى بن أبي عائشة قال : سألت سعيد بن جبير قلت : ( أولى لك فأولى ثم أولى لك فأولى ) ؟ قال : قاله النبي صلى الله عليه وسلم لأبي جهل ، ثم نزل به القرآن .\nوقال أبو عبد الرحمن النسائي : حدثنا إبراهيم بن يعقوب . حدثنا أبو النعمان ، حدثنا أبو عوانة - ( ح ) وحدثنا أبو داود : حدثنا محمد بن سليمان . حدثنا أبو عوانة - عن موسى بن أبي عائشة ، عن سعيد بن جبير قال : قلت لابن عباس : ( أولى لك فأولى ثم أولى لك فأولى ) ؟ قال : قاله رسول الله صلى الله عليه وسلم ثم أنزله الله عز وجل .\nقال ابن أبي حاتم : وحدثنا أبي ، حدثنا هشام بن خالد ، حدثنا شعيب ، عن إسحاق ، حدثنا سعيد ، عن قتادة ، قوله : ( أولى لك فأولى ثم أولى لك فأولى ) وعيد على أثر وعيد ، كما تسمعون ، وزعموا أن عدو الله أبا جهل أخذ نبي الله بمجامع ثيابه ، ثم قال : \" أولى لك فأولى ثم أولى لك فأولى \" ، فقال عدو الله أبو جهل : أتوعدني يا محمد ؟ والله لا تستطيع أنت ولا ربك شيئا ، وإني لأعز من مشى بين جبليها ."
  }, {
    "id" : 35,
    "eya" : "ثُمَّ أَوْلَىٰ لَكَ فَأَوْلَىٰ (35) ",
    "tafsir" : "ال الله تعالى : ( أولى لك فأولى ثم أولى لك فأولى ) وهذا تهديد ووعيد أكيد منه تعالى للكافر به المتبختر في مشيته ، أي : يحق لك أن تمشي هكذا وقد كفرت بخالقك وبارئك ، كما يقال في مثل هذا على سبيل التهكم والتهديد كقوله : ( ذق إنك أنت العزيز الكريم )[ الدخان : 49 ] . وكقوله : ( كلوا وتمتعوا قليلا إنكم مجرمون )[ المرسلات : 46 ] ، وكقوله ( فاعبدوا ما شئتم من دونه )[ الزمر : 15 ] ، وكقوله ( اعملوا ما شئتم )[ فصلت : 40 ] . إلى غير ذلك .\nوقد قال ابن أبي حاتم : حدثنا أحمد بن سنان الواسطي ، حدثنا عبد الرحمن - يعني ابن مهدي - ، عن إسرائيل ، عن موسى بن أبي عائشة قال : سألت سعيد بن جبير قلت : ( أولى لك فأولى ثم أولى لك فأولى ) ؟ قال : قاله النبي صلى الله عليه وسلم لأبي جهل ، ثم نزل به القرآن .\nوقال أبو عبد الرحمن النسائي : حدثنا إبراهيم بن يعقوب . حدثنا أبو النعمان ، حدثنا أبو عوانة - ( ح ) وحدثنا أبو داود : حدثنا محمد بن سليمان . حدثنا أبو عوانة - عن موسى بن أبي عائشة ، عن سعيد بن جبير قال : قلت لابن عباس : ( أولى لك فأولى ثم أولى لك فأولى ) ؟ قال : قاله رسول الله صلى الله عليه وسلم ثم أنزله الله عز وجل .\nقال ابن أبي حاتم : وحدثنا أبي ، حدثنا هشام بن خالد ، حدثنا شعيب ، عن إسحاق ، حدثنا سعيد ، عن قتادة ، قوله : ( أولى لك فأولى ثم أولى لك فأولى ) وعيد على أثر وعيد ، كما تسمعون ، وزعموا أن عدو الله أبا جهل أخذ نبي الله بمجامع ثيابه ، ثم قال : \" أولى لك فأولى ثم أولى لك فأولى \" ، فقال عدو الله أبو جهل : أتوعدني يا محمد ؟ والله لا تستطيع أنت ولا ربك شيئا ، وإني لأعز من مشى بين جبليها ."
  }, {
    "id" : 36,
    "eya" : "أَيَحْسَبُ الْإِنسَانُ أَن يُتْرَكَ سُدًى (36) ",
    "tafsir" : "وقوله : ( أيحسب الإنسان أن يترك سدى ) قال السدي : يعني : لا يبعث .\nوقال مجاهد والشافعي وعبد الرحمن بن زيد بن أسلم : يعني لا يؤمر ولا ينهى .\nوالظاهر أن الآية تعم الحالين ، أي : ليس يترك في هذه الدنيا مهملا لا يؤمر ولا ينهى ، ولا يترك في قبره سدى لا يبعث ، بل هو مأمور منهي في الدنيا ، محشور إلى الله في الدار الآخرة . والمقصود هنا إثبات المعاد ، والرد على من أنكره من أهل الزيغ والجهل والعناد ، ولهذا قال مستدلا على الإعادة بالبداءة فقال ."
  }, {
    "id" : 37,
    "eya" : "أَلَمْ يَكُ نُطْفَةً مِّن مَّنِيٍّ يُمْنَىٰ (37) ",
    "tafsir" : "( ألم يك نطفة من مني يمنى ) ؟ أي : أما كان الإنسان نطفة ضعيفة من ماء مهين يمنى ، يراق من الأصلاب في الأرحام ."
  }, {
    "id" : 38,
    "eya" : "ثُمَّ كَانَ عَلَقَةً فَخَلَقَ فَسَوَّىٰ (38) ",
    "tafsir" : "أي فصار علقة ثم مضغة ثم شكل ونفخ فيه الروح فصار خلقا آخر سويا سليم الأعضاء ذكرا أو أنثى بإذن الله وتقديره؟."
  }, {
    "id" : 39,
    "eya" : "فَجَعَلَ مِنْهُ الزَّوْجَيْنِ الذَّكَرَ وَالْأُنثَىٰ (39) ",
    "tafsir" : "فصار خلقا آخر سويا سليم الأعضاء ذكرا أو أنثى بإذن الله وتقديره ولهذا قال تعالى \"فجعل منه الزوجين الذكر والأنثى\""
  }, {
    "id" : 40,
    "eya" : "أَلَيْسَ ذَٰلِكَ بِقَادِرٍ عَلَىٰ أَن يُحْيِيَ الْمَوْتَىٰ (40) ",
    "tafsir" : "قال ابن أبي حاتم : حدثنا الحسن بن محمد بن الصباح ، حدثنا شبابة ، عن شعبة ، عن موسى بن أبي عائشة ، عن آخر : أنه كان فوق سطح يقرأ ويرفع صوته بالقرآن ، فإذا قرأ : ( أليس ذلك بقادر على أن يحيي الموتى ) ؟ قال : سبحانك اللهم فبلى ، فسئل عن ذلك فقال : سمعت رسول الله صلى الله عليه وسلم يقول ذلك . وقال أبو داود ، رحمه الله : حدثنا محمد بن المثنى ، حدثنا محمد بن جعفر ، حدثنا شعبة ، عن موسى بن أبي عائشة قال : كان رجل يصلي فوق بيته ، فكان إذا قرأ : ( أليس ذلك بقادر على أن يحيي الموتى ) ؟ قال سبحانك ، فبلى ، فسألوه عن ذلك فقال : سمعته من رسول الله صلى الله عليه وسلم .\nتفرد به أبو داود ولم يسم هذا الصحابي ، ولا يضر ذلك .\nوقال أبو داود أيضا : حدثنا عبد الله بن محمد الزهري ، حدثنا سفيان ، حدثني إسماعيل بن أمية : سمعت أعرابيا يقول : سمعت أبا هريرة‌ يقول : قال رسول الله صلى الله عليه وسلم : \" من قرأ منكم بالتين والزيتون فانتهى إلى آخرها : ( أليس الله بأحكم الحاكمين ) ؟ فليقل : بلى ، وأنا على ذلك من الشاهدين . ومن قرأ : ( لا أقسم بيوم القيامة ) فانتهى إلى : ( أليس ذلك بقادر على أن يحيي الموتى ) ؟ فليقل : بلى . ومن قرأ : ( والمرسلات )( فبأي حديث بعده يؤمنون ) ؟ فليقل : آمنا بالله \"\nورواه أحمد ، عن سفيان بن عيينة . ورواه الترمذي ، عن ابن أبي عمر ، عن سفيان بن عيينة . وقد رواه شعبة ، عن إسماعيل بن أمية قال : قلت له : من حدثك ؟ قال رجل صدق ، عن أبي هريرة‌\nوقال ابن جرير : حدثنا بشر ، حدثنا يزيد ، حدثنا سعيد ، عن قتادة ، قوله : ( أليس ذلك بقادر على أن يحيي الموتى ) ذكر لنا أن رسول الله صلى الله عليه وسلم كان إذا قرأها قال : \" سبحانك وبلى \"\nقال ابن أبي حاتم : حدثنا أحمد بن سنان الواسطي ، حدثنا أبو أحمد الزبيري ، حدثنا سفيان ، عن أبي إسحاق ، عن مسلم البطين ، عن سعيد بن جبير ، عن ابن عباس أنه مر بهذه الآية : ( أليس ذلك بقادر على أن يحيي الموتى ) ؟ ، قال : سبحانك ; فبلى .\nآخر تفسير سورة \" القيامة \" ولله الحمد والمنة"
  } ]
}