{
  "id" : 76,
  "nbAya" : 31,
  "name" : "الإِنسَان",
  "type" : "مدنيَّة",
  "ayets" : [ {
    "id" : 1,
    "eya" : "هَلْ أَتَىٰ عَلَى الْإِنسَانِ حِينٌ مِّنَ الدَّهْرِ لَمْ يَكُن شَيْئًا مَّذْكُورًا (1) ",
    "tafsir" : "تفسير سورة الإنسان وهي مكية .\nقد تقدم في صحيح مسلم ، عن ابن عباس : أن رسول الله صلى الله عليه وسلم كان يقرأ في صلاة الصبح يوم الجمعة \" الم تنزيل \" السجدة ، و \" هل أتى على الإنسان \"\nوقال عبد الله بن وهب : أخبرنا ابن زيد : أن رسول الله صلى الله عليه وسلم قرأ هذه السورة : \" هل أتى على الإنسان حين من الدهر \" وقد أنزلت عليه وعنده رجل أسود ، فلما بلغ صفة الجنان ، زفر زفرة فخرجت نفسه ، فقال رسول الله صلى الله عليه وسلم : \" أخرج نفس صاحبكم - أو قال : أخيكم - الشوق إلى الجنة \" . مرسل غريب .\nيقول تعالى مخبرا عن الإنسان أنه أوجده بعد أن لم يكن شيئا يذكر لحقارته وضعفه ، فقال : ( هل أتى على الإنسان حين من الدهر لم يكن شيئا مذكورا )"
  }, {
    "id" : 2,
    "eya" : "إِنَّا خَلَقْنَا الْإِنسَانَ مِن نُّطْفَةٍ أَمْشَاجٍ نَّبْتَلِيهِ فَجَعَلْنَاهُ سَمِيعًا بَصِيرًا (2) ",
    "tafsir" : "ثم بين ذلك فقال : ( إنا خلقنا الإنسان من نطفة أمشاج ) أي : أخلاط . والمشج والمشيج : الشيء الخليط ، بعضه في بعض .\nقال ابن عباس في قوله : ( من نطفة أمشاج ) يعني : ماء الرجل وماء المرأة إذا اجتمعا واختلطا ، ثم ينتقل بعد من طور إلى طور ، وحال إلى حال ، ولون إلى لون . وهكذا قال عكرمة ، ومجاهد ، والحسن ، والربيع بن أنس : الأمشاج : هو اختلاط ماء الرجل بماء المرأة .( نبتليه ) أي : نختبره ، كقوله : ( ليبلوكم أيكم أحسن عملا )[ الملك : 2 ]( فجعلناه سميعا بصيرا ) أي : جعلنا له سمعا وبصرا يتمكن بهما من الطاعة والمعصية ."
  }, {
    "id" : 3,
    "eya" : "إِنَّا هَدَيْنَاهُ السَّبِيلَ إِمَّا شَاكِرًا وَإِمَّا كَفُورًا (3) ",
    "tafsir" : "وقوله : ( إنا هديناه السبيل ) أي : بيناه له ووضحناه وبصرناه به ، كقوله : ( وأما ثمود فهديناهم فاستحبوا العمى على الهدى )[ فصلت : 17 ] ، وكقوله : ( وهديناه النجدين )[ البلد : 10 ] ، أي : بينا له طريق الخير وطريق الشر . وهذا قول عكرمة وعطية وابن زيد ومجاهد - في المشهور عنه - والجمهور .\nوروي عن مجاهد وأبي صالح والضحاك والسدي أنهم قالوا في قوله : ( إنا هديناه السبيل ) يعني خروجه من الرحم . وهذا قول غريب ، والصحيح المشهور الأول .( إما شاكرا وإما كفورا ) منصوب على الحال من \" الهاء \" في قوله : ( إنا هديناه السبيل ) تقديره : فهو في ذلك إما شقي وإما سعيد ، كما جاء في الحديث الذي رواه مسلم ، عن أبي مالك الأشعري قال : قال رسول الله صلى الله عليه وسلم : \" كل الناس يغدو ، فبائع نفسه فموبقها أو معتقها \" . وتقدم في سورة \" الروم \" عند قوله : ( فطرت الله التي فطر الناس عليها )[ الروم : 30 ] من رواية جابر بن عبد الله قال : قال رسول الله صلى الله عليه وسلم : \" كل مولود يولد على الفطرة حتى يعرب عنه لسانه ، فإذا أعرب عنه لسانه ، فإما شاكرا وإما كفورا \"\nوقال الإمام أحمد : حدثنا أبو عامر ، حدثنا عبد الله بن جعفر ، عن عثمان بن محمد ، عن المقبري ، عن أبي هريرة‌ ، عن النبي صلى الله عليه وسلم قال : \" ما من خارج يخرج إلا ببابه رايتان : راية بيد ملك ، وراية بيد شيطان ، فإن خرج لما يحب الله اتبعه الملك برايته ، فلم يزل تحت راية الملك حتى يرجع إلى بيته . وإن خرج لما يسخط الله اتبعه الشيطان برايته ، فلم يزل تحت راية الشيطان ، حتى يرجع إلى بيته \"\nوقال الإمام أحمد : حدثنا عبد الرزاق ، حدثنا معمر ، عن ابن خثيم ، عن عبد الرحمن بن سابط ، عن جابر بن عبد الله : أن النبي صلى الله عليه وسلم قال لكعب بن عجرة : \" أعاذك الله من إمارة السفهاء \" . قال : وما إمارة السفهاء ؟ قال : \" أمراء يكونون من بعدي ، لا يهتدون بهداي ، ولا يستنون بسنتي ، فمن صدقهم بكذبهم وأعانهم على ظلمهم ، فأولئك ليسوا مني ولست منهم ، ولا يردون على حوضي . ومن لم يصدقهم بكذبهم ولم يعنهم على ظلمهم ، فأولئك مني وأنا منهم ، وسيردون على حوضي . يا كعب بن عجرة ، الصوم جنة ، والصدقة تطفئ الخطيئة ، والصلاة قربان - أو قال : برهان - يا كعب بن عجرة ، إنه لا يدخل الجنة لحم نبت من سحت ، النار أولى به . يا كعب ، الناس غاديان ، فمبتاع نفسه فمعتقها ، وبائع نفسه فموبقها \"\nورواه عن عفان ، عن وهيب ، عن عبد الله بن عثمان بن خثيم ، به ."
  }, {
    "id" : 4,
    "eya" : "إِنَّا أَعْتَدْنَا لِلْكَافِرِينَ سَلَاسِلَ وَأَغْلَالًا وَسَعِيرًا (4) ",
    "tafsir" : "يخبر تعالى عما أرصده للكافرين من خلقه به من السلاسل والأغلال والسعير ، وهو اللهب والحريق في نار جهنم ، كما قال : ( إذ الأغلال في أعناقهم والسلاسل يسحبون في الحميم ثم في النار يسجرون )[ غافر : 71 ، 72 ]"
  }, {
    "id" : 5,
    "eya" : "إِنَّ الْأَبْرَارَ يَشْرَبُونَ مِن كَأْسٍ كَانَ مِزَاجُهَا كَافُورًا (5) ",
    "tafsir" : "ولما ذكر ما أعده لهؤلاء الأشقياء من السعير قال بعده : ( إن الأبرار يشربون من كأس كان مزاجها كافورا ) وقد علم ما في الكافور من التبريد والرائحة الطيبة ، مع ما يضاف إلى ذلك من اللذاذة في الجنة .\nقال الحسن : برد الكافور في طيب الزنجبيل ; ولهذا قال :"
  }, {
    "id" : 6,
    "eya" : "عَيْنًا يَشْرَبُ بِهَا عِبَادُ اللَّهِ يُفَجِّرُونَهَا تَفْجِيرًا (6) ",
    "tafsir" : "( عينا يشرب بها عباد الله يفجرونها تفجيرا ) أي : هذا الذي مزج لهؤلاء الأبرار من الكافور هو عين يشرب بها المقربون من عباد الله صرفا بلا مزج ويروون بها ; ولهذا ضمن يشرب \" يروى \" حتى عداه بالباء ، ونصب ) عينا ) على التمييز .\nقال بعضهم : هذا الشراب في طيبه كالكافور . وقال بعضهم : هو من عين كافور . وقال بعضهم : يجوز أن يكون منصوبا ب ) يشرب ) حكى هذه الأقوال الثلاثة ابن جرير .( يفجرونها تفجيرا ) أي : يتصرفون فيها حيث شاؤوا وأين شاؤوا ، من قصورهم ودورهم ومجالسهم ومحالهم .\nوالتفجير هو الإنباع ، كما قال تعالى : ( وقالوا لن نؤمن لك حتى تفجر لنا من الأرض ينبوعا )[ الإسراء : 90 ] . وقال : ( وفجرنا خلالهما نهرا )[ الكهف : 33 ]\nوقال مجاهد : ( يفجرونها تفجيرا ) يقودونها حيث شاؤوا ، وكذا قال عكرمة وقتادة . وقال الثوري : يصرفونها حيث شاؤوا ."
  }, {
    "id" : 7,
    "eya" : "يُوفُونَ بِالنَّذْرِ وَيَخَافُونَ يَوْمًا كَانَ شَرُّهُ مُسْتَطِيرًا (7) ",
    "tafsir" : "وقوله : ( يوفون بالنذر ويخافون يوما كان شره مستطيرا ) أي : يتعبدون لله فيما أوجبه عليهم من [ فعل ] الطاعات الواجبة بأصل الشرع ، وما أوجبوه على أنفسهم بطريق النذر .\nقال الإمام مالك ، عن طلحة بن عبد الملك الأيلي ، عن القاسم بن مالك ، عن عائشة ، رضي الله عنها ، أن رسول الله صلى الله عليه وسلم قال : \" من نذر أن يطيع الله فليطعه ، ومن نذر أن يعصي الله فلا يعصه \" ، رواه البخاري من حديث مالك .\nويتركون المحرمات التي نهاهم عنها خيفة من سوء الحساب يوم المعاد ، وهو اليوم الذي شره مستطير ، أي : منتشر عام على الناس إلا من رحم الله .\nقال ابن عباس : فاشيا . وقال قتادة : استطار - والله - شر ذلك اليوم حتى ملأ السماوات والأرض .\nقال ابن جرير : ومنه قولهم : استطار الصدع في الزجاجة واستطال . ومنه قول الأعشى :\nفبانت وقد أسأرت في الفؤا د صدعا على نأيها مستطيرا\nيعني : ممتدا فاشيا ."
  }, {
    "id" : 8,
    "eya" : "وَيُطْعِمُونَ الطَّعَامَ عَلَىٰ حُبِّهِ مِسْكِينًا وَيَتِيمًا وَأَسِيرًا (8) ",
    "tafsir" : "وقوله : ( ويطعمون الطعام على حبه ) قيل : على حب الله تعالى . وجعلوا الضمير عائدا إلى الله عز وجل لدلالة السياق عليه . والأظهر أن الضمير عائد على الطعام ، أي : ويطعمون الطعام في حال محبتهم وشهوتهم له ، قاله مجاهد ومقاتل ، واختاره ابن جرير ، كقوله تعالى : ( وآتى المال على حبه )[ البقرة : 177 ] ، وكقوله تعالى : ( لن تنالوا البر حتى تنفقوا مما تحبون )[ آل عمران : 92 ]\nوروى البيهقي ، من طريق الأعمش ، عن نافع قال : مرض ابن عمر فاشتهى عنبا - أول ما جاء العنب - فأرسلت صفية - يعني امرأته - فاشترت عنقودا بدرهم ، فاتبع الرسول السائل ، فلما دخل به قال السائل : السائل . فقال ابن عمر : أعطوه إياه ، فأعطوه إياه . ثم أرسلت بدرهم آخر فاشترت عنقودا فاتبع الرسول السائل ، فلما دخل قال السائل : السائل ، فقال ابن عمر : أعطوه إياه ، فأعطوه إياه ، فأرسلت صفية إلى السائل ، فقالت : والله إن عدت لا تصيب منه خيرا أبدا . ثم أرسلت بدرهم آخر فاشترت به .\nوفي الصحيح : \" أفضل الصدقة أن تصدق وأنت صحيح ، شحيح ، تأمل الغنى ، وتخشى الفقر \" أي : في حال محبتك للمال وحرصك عليه وحاجتك إليه ; ولهذا قال تعالى : ( ويطعمون الطعام على حبه مسكينا ويتيما وأسيرا ) أما المسكين واليتيم ، فقد تقدم بيانهما وصفتهما . وأما الأسير : فقال سعيد بن جبير والحسن والضحاك : الأسير : من أهل القبلة . وقال ابن عباس : كان أسراؤهم يومئذ مشركين . ويشهد لهذا أن رسول الله صلى الله عليه وسلم أمر أصحابه يوم بدر أن يكرموا الأسارى ، فكانوا يقدمونهم على أنفسهم عند الغداء ، وهكذا قال سعيد بن جبير وعطاء والحسن وقتادة .\nوقد وصى رسول الله صلى الله عليه وسلم بالإحسان إلى الأرقاء في غيرما حديث ، حتى إنه كان آخر ما أوصى أن جعل يقول : \" الصلاة وما ملكت أيمانكم \"\nوقال عكرمة : هم العبيد - واختاره ابن جرير - لعموم الآية للمسلم والمشرك .\nقال مجاهد : هو المحبوس ، أي : يطعمون لهؤلاء الطعام وهم يشتهونه ويحبونه"
  }, {
    "id" : 9,
    "eya" : "إِنَّمَا نُطْعِمُكُمْ لِوَجْهِ اللَّهِ لَا نُرِيدُ مِنكُمْ جَزَاءً وَلَا شُكُورًا (9) ",
    "tafsir" : "قائلين بلسان الحال : ( إنما نطعمكم لوجه الله ) أي : رجاء ثواب الله ورضاه ( لا نريد منكم جزاء ولا شكورا ) أي : لا نطلب منكم مجازاة تكافئونا بها ولا أن تشكرونا عند الناس .\nقال مجاهد وسعيد بن جبير : أما والله ما قالوه بألسنتهم ، ولكن علم الله به من قلوبهم ، فأثنى عليهم به ليرغب في ذلك راغب ."
  }, {
    "id" : 10,
    "eya" : "إِنَّا نَخَافُ مِن رَّبِّنَا يَوْمًا عَبُوسًا قَمْطَرِيرًا (10) ",
    "tafsir" : "( إنا نخاف من ربنا يوما عبوسا قمطريرا ) أي : إنما نفعل هذا لعل الله أن يرحمنا ويتلقانا بلطفه في اليوم العبوس القمطرير .\nقال علي بن أبي طلحة ، عن ابن عباس ( عبوسا )( قمطريرا )\nوقال عكرمة وغيره ، عنه ، في قوله : ( يوما عبوسا قمطريرا ) أي : يعبس الكافر يومئذ حتى يسيل من بين عينيه عرق مثل القطران .\nوقال مجاهد : ( عبوسا ) العابس الشفتين ، ( قمطريرا ) قال : تقبيض الوجه بالبسور .\nوقال سعيد بن جبير وقتادة : تعبس فيه الوجوه من الهول ، ( قمطريرا ) تقليص الجبين وما بين العينين ، من الهول .\nوقال ابن زيد : العبوس : الشر . والقمطرير : الشديد .\nوأوضح العبارات وأجلاها وأحلاها ، وأعلاها وأولاها - قول ابن عباس ، رضي الله عنه .\nقال ابن جرير : والقمطرير هو : الشديد ; يقال : هو يوم قمطرير ويوم قماطر ، ويوم عصيب وعصبصب ، وقد اقمطر اليوم يقمطر اقمطرارا ، وذلك أشد الأيام وأطولها في البلاء والشدة ، ومنه قول بعضهم :\nبني عمنا ، هل تذكرون بلاءنا ؟     عليكم إذا ما كان يوم قماطر"
  }, {
    "id" : 11,
    "eya" : "فَوَقَاهُمُ اللَّهُ شَرَّ ذَٰلِكَ الْيَوْمِ وَلَقَّاهُمْ نَضْرَةً وَسُرُورًا (11) ",
    "tafsir" : "قال الله تعالى : ( فوقاهم الله شر ذلك اليوم ولقاهم نضرة وسرورا ) وهذا من باب التجانس البليغ ، ( فوقاهم الله شر ذلك اليوم ) أي : آمنهم مما خافوا منه ، ( ولقاهم نضرة ) أي : في وجوههم ، ( وسرورا ) أي : في قلوبهم . قاله الحسن البصري وقتادة وأبو العالية والربيع بن أنس . وهذه كقوله تعالى : ( وجوه يومئذ مسفرة ضاحكة مستبشرة )[ عبس : 38 ، 39 ] . وذلك أن القلب إذا سر استنار الوجه ، قال كعب بن مالك في حديثه الطويل : وكان رسول الله صلى الله عليه وسلم إذا سر استنار وجهه حتى كأنه قطعة قمر وقالت عائشة : دخل علي رسول الله صلى الله عليه وسلم مسرورا تبرق أسارير وجهه . الحديث ."
  }, {
    "id" : 12,
    "eya" : "وَجَزَاهُم بِمَا صَبَرُوا جَنَّةً وَحَرِيرًا (12) ",
    "tafsir" : "وقوله : ( وجزاهم بما صبروا ) أي : بسبب صبرهم أعطاهم ونولهم وبوأهم ( جنة وحريرا ) أي : منزلا رحبا ، وعيشا رغدا ولباسا حسنا .\nوروى الحافظ ابن عساكر في ترجمة هشام بن سليمان الداراني ، قال : قرئ على أبي سليمان الداراني سورة : ( هل أتى على الإنسان ) فلما بلغ القارئ إلى قوله : ( وجزاهم بما صبروا جنة وحريرا ) قال بما صبروا على ترك الشهوات في الدنيا ، ثم أنشد :\nكم قتيل بشهوة وأسير     أف من مشتهي خلاف الجميل\nشهوات الإنسان تورثه الذل     وتلقيه في البلاء الطويل"
  }, {
    "id" : 13,
    "eya" : "مُّتَّكِئِينَ فِيهَا عَلَى الْأَرَائِكِ ۖ لَا يَرَوْنَ فِيهَا شَمْسًا وَلَا زَمْهَرِيرًا (13) ",
    "tafsir" : "يخبر تعالى عن أهل الجنة وما هم فيه من النعيم المقيم ، وما أسبغ عليهم من الفضل العميم ، فقال : ( متكئين فيها على الأرائك ) وقد تقدم الكلام على ذلك في سورة \" الصافات \" ، وذكر الخلاف في الاتكاء : هل هو الاضطجاع ، أو التمرفق ، أو التربع أو التمكن في الجلوس ؟ وأن الأرائك هي السرر تحت الحجال .( لا يرون فيها شمسا ولا زمهريرا ) أي : ليس عندهم حر مزعج ، ولا برد مؤلم ، بل هي مزاج واحد دائم سرمدي ، ( لا يبغون عنها حولا )[ الكهف : 108 ]"
  }, {
    "id" : 14,
    "eya" : "وَدَانِيَةً عَلَيْهِمْ ظِلَالُهَا وَذُلِّلَتْ قُطُوفُهَا تَذْلِيلًا (14) ",
    "tafsir" : "( ودانية عليهم ظلالها ) أي : قريبة إليهم أغصانها ، ( وذللت قطوفها تذليلا ) أي : متى تعاطاه دنا القطف إليه وتدلى من أعلى غصنه ، كأنه سامع طائع ، كما قال تعالى في الآية الأخرى : ( وجنى الجنتين دان )[ الرحمن : 54 ] وقال تعالى ( قطوفها دانية )[ الحاقة : 23 ]( وذللت قطوفها تذليلا ) إن قام ارتفعت بقدره ، وإن قعد تدلت له حتى ينالها ، وإن اضطجع تدلت له حتى ينالها ، فذلك قوله : ( تذليلا )\nوقال قتادة : لا يرد أيديهم عنها شوك ولا بعد .\nوقال مجاهد : أرض الجنة من ورق ، وترابها المسك ، وأصول شجرها من ذهب وفضة ، وأفنانها من اللؤلؤ الرطب والزبرجد والياقوت ، والورق والثمر بين ذلك ، فمن أكل منها قائما لم يؤذه ، ومن أكل منها قاعدا لم يؤذه ، ومن أكل منها مضطجعا لم يؤذه ."
  }, {
    "id" : 15,
    "eya" : "وَيُطَافُ عَلَيْهِم بِآنِيَةٍ مِّن فِضَّةٍ وَأَكْوَابٍ كَانَتْ قَوَارِيرَا (15) ",
    "tafsir" : "وقوله : ( ويطاف عليهم بآنية من فضة وأكواب ) أي : يطوف عليهم الخدم بأواني الطعام ، وهي من فضة ، وأكواب الشراب وهي الكيزان التي لا عرى لها ولا خراطيم .( قوارير )"
  }, {
    "id" : 16,
    "eya" : "قَوَارِيرَ مِن فِضَّةٍ قَدَّرُوهَا تَقْدِيرًا (16) ",
    "tafsir" : "وقوله : ( قوارير قوارير من فضة ) فالأول منصوب بخبر \" كان \" أي : كانت قوارير . والثاني منصوب إما على البدلية أو تمييز ; لأنه بينه بقوله : ( قوارير من فضة )\nقال ابن عباس ومجاهد والحسن البصري ، وغير واحد : بياض الفضة في صفاء الزجاج ، والقوارير لا تكون إلا من زجاج ، فهذه الأكواب هي من فضة ، وهي مع هذا شفافة يرى ما في باطنها من ظاهرها ، وهذا مما لا نظير له في الدنيا .\nقال ابن المبارك ، عن إسماعيل ، عن رجل ، عن ابن عباس : ليس في الجنة شيء إلا قد أعطيتم في الدنيا شبهه إلا قوارير من فضة . رواه ابن أبي حاتم .( قدروها تقديرا ) أي : على قدر ريهم ، لا تزيد عنه ولا تنقص ، بل هي معدة لذلك ، مقدرة بحسب ري صاحبها . هذا معنى قول ابن عباس ، ومجاهد ، وسعيد بن جبير ، وأبي صالح ، وقتادة ، وابن أبزى ، وعبد الله بن عبيد الله بن عمير ، وقتادة ، والشعبي ، وابن زيد . وقاله ابن جرير وغير واحد . وهذا أبلغ في الاعتناء والشرف والكرامة .\nوقال العوفي ، عن ابن عباس : ( قدروها تقديرا ) قدرت للكف . وهكذا قال الربيع بن أنس . وقال الضحاك : على قدر أكف الخدام . وهذا لا ينافي القول الأول ، فإنها مقدرة في القدر والري ."
  }, {
    "id" : 17,
    "eya" : "وَيُسْقَوْنَ فِيهَا كَأْسًا كَانَ مِزَاجُهَا زَنجَبِيلًا (17) ",
    "tafsir" : "وقوله : ( ويسقون فيها كأسا كان مزاجها زنجبيلا ) أي : ويسقون - يعني الأبرار أيضا - في هذه الأكواب ) كأسا ) أي : خمرا ، ( كان مزاجها زنجبيلا ) فتارة يمزج لهم الشراب بالكافور وهو بارد ، وتارة بالزنجبيل وهو حار ، ليعتدل الأمر ، وهؤلاء يمزج لهم من هذا تارة ومن هذا تارة . وأما المقربون فإنهم يشربون من كل منهما صرفا ، كما قاله قتادة وغير واحد . وقد تقدم قوله : ( عينا يشرب بها عباد الله ) وقال هاهنا"
  }, {
    "id" : 18,
    "eya" : "عَيْنًا فِيهَا تُسَمَّىٰ سَلْسَبِيلًا (18) ",
    "tafsir" : "( عينا فيها تسمى سلسبيلا ) أي : الزنجبيل عين في الجنة تسمى سلسبيلا .\nقال عكرمة : اسم عين في الجنة . وقال مجاهد : سميت بذلك لسلاسة سيلها وحدة جريها .\nوقال قتادة : ( عينا فيها تسمى سلسبيلا ) عين سلسة مستقيد ماؤها .\nوحكى ابن جرير عن بعضهم أنها سميت بذلك لسلاستها في الحلق . واختار هو أنها تعم ذلك كله ، وهو كما قال ."
  }, {
    "id" : 19,
    "eya" : "۞ وَيَطُوفُ عَلَيْهِمْ وِلْدَانٌ مُّخَلَّدُونَ إِذَا رَأَيْتَهُمْ حَسِبْتَهُمْ لُؤْلُؤًا مَّنثُورًا (19) ",
    "tafsir" : "وقوله تعالى : ( ويطوف عليهم ولدان مخلدون إذا رأيتهم حسبتهم لؤلؤا منثورا ) أي : يطوف على أهل الجنة للخدمة ولدان من ولدان الجنة ( مخلدون ) أي : على حالة واحدة مخلدون عليها ، لا يتغيرون عنها ، لا تزيد أعمارهم عن تلك السن . ومن فسرهم بأنهم مخرصون في آذانهم الأقرطة ، فإنما عبر عن المعنى بذلك ; لأن الصغير هو الذي يليق له ذلك دون الكبير .( إذا رأيتهم حسبتهم لؤلؤا منثورا ) أي : إذا رأيتهم في انتشارهم في قضاء حوائج السادة ، وكثرتهم ، وصباحة وجوههم ، وحسن ألوانهم وثيابهم وحليهم ، حسبتهم لؤلؤا منثورا . ولا يكون في التشبيه أحسن من هذا ، ولا في المنظر أحسن من اللؤلؤ المنثور على المكان الحسن .\nقال قتادة ، عن أبي أيوب ، عن عبد الله بن عمرو : ما من أهل الجنة من أحد إلا يسعى عليه ألف خادم ، كل خادم على عمل ما عليه صاحبه ."
  }, {
    "id" : 20,
    "eya" : "وَإِذَا رَأَيْتَ ثَمَّ رَأَيْتَ نَعِيمًا وَمُلْكًا كَبِيرًا (20) ",
    "tafsir" : "وقوله : ( وإذا رأيت ) أي : وإذا رأيت يا محمد ، ( ثم ) أي : هناك ، يعني في الجنة ونعيمها وسعتها وارتفاعها وما فيها من الحبرة والسرور ، ( رأيت نعيما وملكا كبيرا ) أي : مملكة لله هناك عظيمة وسلطانا باهرا .\nوثبت في الصحيح أن الله تعالى يقول لآخر أهل النار خروجا منها ، وآخر أهل الجنة دخولا إليها : إن لك مثل الدنيا وعشرة أمثالها .\nوقد قدمنا في الحديث المروي من طريق ثوير بن أبي فاختة ، عن ابن عمر قال : قال رسول الله صلى الله عليه وسلم : \" إن أدنى أهل الجنة منزلة لمن ينظر في ملكه مسيرة ألفي سنة ينظر إلى أقصاه كما ينظر إلى أدناه \" ، فإذا كان هذا عطاؤه تعالى لأدنى من يكون في الجنة ، فما ظنك بما هو أعلى منزلة ، وأحظى عنده تعالى .\nوقد روى الطبراني هاهنا حديثا غريبا جدا فقال : حدثنا علي بن عبد العزيز ، حدثنا محمد بن عمار الموصلي ، حدثنا عفيف بن سالم ، عن أيوب بن عتبة ، عن عطاء ، عن ابن عمر قال : جاء رجل من الحبشة إلى رسول الله صلى الله عليه وسلم : فقال له رسول الله : \" سل واستفهم \" ، فقال : يا رسول الله ، فضلتم علينا بالصور والألوان والنبوة ، أفرأيت إن آمنت بما آمنت به وعملت بمثل ما عملت به ، إني لكائن معك في الجنة ؟ قال : \" نعم ، والذي نفسي بيده ، إنه ليرى بياض الأسود في الجنة من مسيرة ألف عام \" . ثم قال رسول الله صلى الله عليه وسلم : \" من قال : لا إله إلا الله ، كان له بها عهد عند الله ، ومن قال : سبحان الله وبحمده ، كتب له مائة ألف حسنة ، وأربعة وعشرون ألف حسنة \" ، فقال رجل : كيف نهلك بعد هذا يا رسول الله ؟ فقال رسول الله صلى الله عليه وسلم : \" إن الرجل ليأتي يوم القيامة بالعمل لو وضع على جبل لأثقله ، فتقوم النعمة - أو : نعم الله - فتكاد تستنفذ ذلك كله ، إلا أن يتغمده الله برحمته \" . ونزلت هذه السورة : ( هل أتى على الإنسان حين من الدهر ) إلى قوله : ( وملكا كبيرا ) فقال الحبشي : وإن عيني لترى ما ترى عيناك في الجنة ؟ قال : \" نعم \" ، فاستبكى حتى فاضت نفسه . قال ابن عمر : فلقد رأيت رسول الله صلى الله عليه وسلم يدليه في حفرته بيده ."
  }, {
    "id" : 21,
    "eya" : "عَالِيَهُمْ ثِيَابُ سُندُسٍ خُضْرٌ وَإِسْتَبْرَقٌ ۖ وَحُلُّوا أَسَاوِرَ مِن فِضَّةٍ وَسَقَاهُمْ رَبُّهُمْ شَرَابًا طَهُورًا (21) ",
    "tafsir" : "وقوله : ( عاليهم ثياب سندس خضر وإستبرق ) أي : لباس أهل الجنة فيها الحرير ، ومنه سندس ، وهو رفيع الحرير كالقمصان ونحوها مما يلي أبدانهم ، والإستبرق منه ما فيه بريق ولمعان ، وهو مما يلي الظاهر ، كما هو المعهود في اللباس ( وحلوا أساور من فضة ) وهذه صفة الأبرار ، وأما المقربون فكما قال : ( يحلون فيها من أساور من ذهب ولؤلؤا ولباسهم فيها حرير )[ الحج : 23 ]\nولما ذكر تعالى زينة الظاهر بالحرير والحلي قال بعده : ( وسقاهم ربهم شرابا طهورا ) أي : طهر بواطنهم من الحسد والحقد والغل والأذى وسائر الأخلاق الردية ، كما روينا عن أمير المؤمنين علي بن أبي طالب أنه قال : إذا انتهى أهل الجنة إلى باب الجنة وجدوا هنالك عينين فكأنما ألهموا ذلك فشربوا من إحداهما [ فأذهب الله ] ما في بطونهم من أذى ، ثم اغتسلوا من الأخرى فجرت عليهم نضرة النعيم ."
  }, {
    "id" : 22,
    "eya" : "إِنَّ هَٰذَا كَانَ لَكُمْ جَزَاءً وَكَانَ سَعْيُكُم مَّشْكُورًا (22) ",
    "tafsir" : "وقوله : ( إن هذا كان لكم جزاء وكان سعيكم مشكورا ) أي : يقال لهم ذلك تكريما لهم وإحسانا إليهم كقوله : ( كلوا واشربوا هنيئا بما أسلفتم في الأيام الخالية )[ الحاقة : 24 ] وكقوله : ( ونودوا أن تلكم الجنة أورثتموها بما كنتم تعملون )[ الأعراف : 43 ]( وكان سعيكم مشكورا ) أي : جزاكم الله على القليل بالكثير ."
  }, {
    "id" : 23,
    "eya" : "إِنَّا نَحْنُ نَزَّلْنَا عَلَيْكَ الْقُرْآنَ تَنزِيلًا (23) ",
    "tafsir" : "يمتن الله على رسوله صلى الله عليه وسلم بما أنزله عليه من القرآن العظيم تنزيلا."
  }, {
    "id" : 24,
    "eya" : "فَاصْبِرْ لِحُكْمِ رَبِّكَ وَلَا تُطِعْ مِنْهُمْ آثِمًا أَوْ كَفُورًا (24) ",
    "tafsir" : "( فاصبر لحكم ربك ) أي : كما أكرمتك بما أنزلت عليك ، فاصبر على قضائه وقدره ، واعلم أنه سيدبرك بحسن تدبيره ، ( ولا تطع منهم آثما أو كفورا ) أي : لا تطع الكافرين والمنافقين إن أرادوا صدك عما أنزل إليك بل بلغ ما أنزل إليك من ربك ، وتوكل على الله ; فإن الله يعصمك من الناس ، فالآثم هو الفاجر في أفعاله ، والكفور هو الكافر بقلبه ."
  }, {
    "id" : 25,
    "eya" : "وَاذْكُرِ اسْمَ رَبِّكَ بُكْرَةً وَأَصِيلًا (25) ",
    "tafsir" : "\" بكرة وأصيلا\" أي أول النهار وآخره."
  }, {
    "id" : 26,
    "eya" : "وَمِنَ اللَّيْلِ فَاسْجُدْ لَهُ وَسَبِّحْهُ لَيْلًا طَوِيلًا (26) ",
    "tafsir" : "( ومن الليل فاسجد له وسبحه ليلا طويلا )( ومن الليل فتهجد به نافلة لك عسى أن يبعثك ربك مقاما محمودا )[ الإسراء : 79 ] وكقوله : ( يا أيها المزمل قم الليل إلا قليلا نصفه أو انقص منه قليلا أو زد عليه ورتل القرآن ترتيلا )[ المزمل : 1 - 4 ]"
  }, {
    "id" : 27,
    "eya" : "إِنَّ هَٰؤُلَاءِ يُحِبُّونَ الْعَاجِلَةَ وَيَذَرُونَ وَرَاءَهُمْ يَوْمًا ثَقِيلًا (27) ",
    "tafsir" : "ثم قال : منكرا على الكفار ومن أشبههم في حب الدنيا والإقبال عليها والانصباب إليها ، وترك الدار الآخرة وراء ظهورهم : ( إن هؤلاء يحبون العاجلة ويذرون وراءهم يوما ثقيلا ) يعني : يوم القيامة ."
  }, {
    "id" : 28,
    "eya" : "نَّحْنُ خَلَقْنَاهُمْ وَشَدَدْنَا أَسْرَهُمْ ۖ وَإِذَا شِئْنَا بَدَّلْنَا أَمْثَالَهُمْ تَبْدِيلًا (28) ",
    "tafsir" : "ثم قال : ( نحن خلقناهم وشددنا أسرهم ) قال ابن عباس ومجاهد ، وغير واحد : يعني خلقهم . ( وإذا شئنا بدلنا أمثالهم تبديلا ) أي : وإذا شئنا بعثناهم يوم القيامة ، وبدلناهم فأعدناهم خلقا جديدا . وهذا استدلال بالبداءة على الرجعة .\nوقال ابن زيد وابن جرير : ( وإذا شئنا بدلنا أمثالهم تبديلا )[ أي ] : وإذا شئنا أتينا بقوم آخرين غيرهم ، كقوله : ( إن يشأ يذهبكم أيها الناس ويأت بآخرين وكان الله على ذلك قديرا )[ النساء : 133 ] وكقوله : ( إن يشأ يذهبكم ويأت بخلق جديد وما ذلك على الله بعزيز )[ إبراهيم : 19 ، 20 ، وفاطر 16 ، 17 ]"
  }, {
    "id" : 29,
    "eya" : "إِنَّ هَٰذِهِ تَذْكِرَةٌ ۖ فَمَن شَاءَ اتَّخَذَ إِلَىٰ رَبِّهِ سَبِيلًا (29) ",
    "tafsir" : "ثم قال تعالى : ( إن هذه ) يعني : هذه السورة ( تذكرة فمن شاء اتخذ إلى ربه سبيلا ) أي طريقا ومسلكا ، أي : من شاء اهتدى بالقرآن ، كقوله : ( وماذا عليهم لو آمنوا بالله واليوم الآخر وأنفقوا مما رزقهم الله وكان الله بهم عليما )[ النساء : 39 ]"
  }, {
    "id" : 30,
    "eya" : "وَمَا تَشَاءُونَ إِلَّا أَن يَشَاءَ اللَّهُ ۚ إِنَّ اللَّهَ كَانَ عَلِيمًا حَكِيمًا (30) ",
    "tafsir" : "ثم قال : ( وما تشاءون إلا أن يشاء الله ) أي : لا يقدر أحد أن يهدي نفسه ، ولا يدخل في الإيمان ولا يجر لنفسه نفعا ، ( إلا أن يشاء الله إن الله كان عليما حكيما ) أي : عليم بمن يستحق الهداية فييسرها له ، ويقيض له أسبابها ، ومن يستحق الغواية فيصرفه عن الهدى ، وله الحكمة البالغة ، والحجة الدامغة ; ولهذا قال تعالى : ( إن الله كان عليما حكيما )"
  }, {
    "id" : 31,
    "eya" : "يُدْخِلُ مَن يَشَاءُ فِي رَحْمَتِهِ ۚ وَالظَّالِمِينَ أَعَدَّ لَهُمْ عَذَابًا أَلِيمًا (31) ",
    "tafsir" : "ثم قال : ( يدخل من يشاء في رحمته والظالمين أعد لهم عذابا أليما ) أي : يهدي من يشاء ويضل من يشاء ، ومن يهده فلا مضل له ، ومن يضلل فلا هادي له .[ آخر سورة \" الإنسان \"[ والله أعلم ]"
  } ]
}