{
  "id" : 80,
  "nbAya" : 42,
  "name" : "عَبَسَ",
  "type" : "مكيَّة",
  "ayets" : [ {
    "id" : 1,
    "eya" : "عَبَسَ وَتَوَلَّىٰ (1) ",
    "tafsir" : "ذكر غير واحد من المفسرين أن رسول الله صلى الله عليه وسلم كان يوما يخاطب بعض عظماء قريش وقد طمع في إسلامه فبينما هو يخاطبه ويناجيه إذ أقبل ابن أم مكتوم وكان ممن أسلم قديما فجعل يسأل رسول الله صلى الله عليه وسلم عن شيء ويلح عليه وود النبي صلى الله عليه وسلم أن لو كف ساعته تلك ليتمكن من مخاطبة ذلك الرجل طمعا ورغبة في هدايته وعبس في وجه ابن أم مكتوم وأعرض عنه وأقبل على الآخر فأنزل الله عز وجل ( عبس وتولى )"
  }, {
    "id" : 2,
    "eya" : "أَن جَاءَهُ الْأَعْمَىٰ (2) ",
    "tafsir" : "ذكر غير واحد من المفسرين أن رسول الله صلى الله عليه وسلم كان يوما يخاطب بعض عظماء قريش وقد طمع في إسلامه فبينما هو يخاطبه ويناجيه إذ أقبل ابن أم مكتوم وكان ممن أسلم قديما فجعل يسأل رسول الله صلى الله عليه وسلم عن شيء ويلح عليه وود النبي صلى الله عليه وسلم أن لو كف ساعته تلك ليتمكن من مخاطبة ذلك الرجل طمعا ورغبة في هدايته وعبس في وجه ابن أم مكتوم وأعرض عنه وأقبل على الآخر فأنزل الله عز وجل ( عبس وتولى أن جاءه الأعمى )"
  }, {
    "id" : 3,
    "eya" : "وَمَا يُدْرِيكَ لَعَلَّهُ يَزَّكَّىٰ (3) ",
    "tafsir" : "أي يحصل له زكاة وطهارة في نفسه."
  }, {
    "id" : 4,
    "eya" : "أَوْ يَذَّكَّرُ فَتَنفَعَهُ الذِّكْرَىٰ (4) ",
    "tafsir" : "أي يحصل له اتعاظ وانزجار عن المحارم."
  }, {
    "id" : 5,
    "eya" : "أَمَّا مَنِ اسْتَغْنَىٰ (5) ",
    "tafsir" : "أي أما الغني."
  }, {
    "id" : 6,
    "eya" : "فَأَنتَ لَهُ تَصَدَّىٰ (6) ",
    "tafsir" : "فأنت تتعرض له لعله يهتدي."
  }, {
    "id" : 7,
    "eya" : "وَمَا عَلَيْكَ أَلَّا يَزَّكَّىٰ (7) ",
    "tafsir" : "أي ما أنت بمطالب به إذا لم يحصل له زكاة."
  }, {
    "id" : 8,
    "eya" : "وَأَمَّا مَن جَاءَكَ يَسْعَىٰ (8) ",
    "tafsir" : "أي يقصدك ويؤمك."
  }, {
    "id" : 9,
    "eya" : "وَهُوَ يَخْشَىٰ (9) ",
    "tafsir" : "ليهتدي بما تقول له."
  }, {
    "id" : 10,
    "eya" : "فَأَنتَ عَنْهُ تَلَهَّىٰ (10) ",
    "tafsir" : "( فأنت عنه تلهى ) أي : تتشاغل ومن هاهنا أمر الله عز وجل - رسوله صلى الله عليه وسلم ألا يخص بالإنذار أحدا بل يساوي فيه بين الشريف والضعيف والفقير والغني والسادة والعبيد والرجال والنساء والصغار والكبار ثم الله يهدي من يشاء إلى صراط مستقيم وله الحكمة البالغة والحجة الدامغة\nقال الحافظ أبو يعلى في مسنده حدثنا محمد هو ابن مهدي حدثنا عبد الرزاق أخبرنا معمر عن قتادة عن أنس في قوله ) عبس وتولى ) جاء ابن أم مكتوم إلى النبي صلى الله عليه وسلم وهو يكلم أبي بن خلف فأعرض عنه فأنزل الله ( عبس وتولى أن جاءه الأعمى ) فكان النبي صلى الله عليه وسلم بعد ذلك يكرمه\nقال قتادة وأخبرني أنس بن مالك قال رأيته يوم القادسية وعليه درع ومعه راية سوداء يعني ابن أم مكتوم .\nوقال أبو يعلى وابن جرير حدثنا سعيد بن يحيى الأموي حدثني أبي ، عن هشام بن عروة مما عرضه عليه عن عروة عن عائشة قالت أنزلت ( عبس وتولى ) في ابن أم مكتوم الأعمى أتى إلى رسول الله صلى الله عليه وسلم فجعل يقول أرشدني . قالت وعند رسول الله صلى الله عليه وسلم من عظماء المشركين قالت فجعل النبي صلى الله عليه وسلم يعرض عنه ويقبل على الآخر ويقول أترى بما أقول بأسا فيقول : لا ففي هذا أنزلت ( عبس وتولى )\nوقد روى الترمذي هذا الحديث ، عن سعيد بن يحيى الأموي بإسناده مثله ثم قال وقد رواه بعضهم عن هشام بن عروة عن أبيه قال أنزلت ( عبس وتولى ) في ابن أم مكتوم ولم يذكر فيه عن عائشة .\nقلت كذلك هو في الموطأ .\nثم روى ابن جرير وابن أبي حاتم أيضا من طريق العوفي عن ابن عباس قوله ( عبس وتولى أن جاءه الأعمى ) قال بينا رسول الله صلى الله عليه وسلم يناجي عتبة بن ربيعة وأبا جهل بن هشام والعباس بن عبد المطلب وكان يتصدى لهم كثيرا ويحرص عليهم أن يؤمنوا فأقبل إليه رجل أعمى يقال له عبد الله بن أم مكتوم يمشي وهو يناجيهم فجعل عبد الله يستقرئ النبي صلى الله عليه وسلم آية من القرآن وقال يا رسول الله علمني مما علمك الله فأعرض عنه رسول الله صلى الله عليه وسلم وعبس في وجهه وتولى وكره كلامه وأقبل على الآخرين فلما قضى رسول الله صلى الله عليه وسلم نجواه وأخذ ينقلب إلى أهله أمسك الله بعض بصره ثم خفق برأسه ثم أنزل الله ( عبس وتولى أن جاءه الأعمى وما يدريك لعله يزكى أو يذكر فتنفعه الذكرى ) فلما نزل فيه ما نزل أكرمه رسول الله صلى الله عليه وسلم وكلمه وقال له النبي صلى الله عليه وسلم ما حاجتك هل تريد من شيء \" وإذا ذهب من عنده قال هل لك حاجة في شيء ؟ وذلك لما أنزل الله تعالى ( أما من استغنى فأنت له تصدى وما عليك ألا يزكى )\nفيه غرابة ونكارة وقد تكلم في إسناده\nوقال ابن أبي حاتم حدثنا أحمد بن منصور الرمادي حدثنا عبد الله بن صالح حدثنا الليث حدثنا يونس عن ابن شهاب قال : قال سالم بن عبد الله عن عبد الله بن عمر سمعت رسول الله صلى الله عليه وسلم يقول إن بلالا يؤذن بليل فكلوا واشربوا حتى تسمعوا أذان ابن أم مكتوم وهو الأعمى الذي أنزل الله فيه ( عبس وتولى أن جاءه الأعمى ) وكان يؤذن مع بلال قال سالم وكان رجلا ضرير البصر فلم يك يؤذن حتى يقول له الناس حين ينظرون إلى بزوغ الفجر أذن .\nوهكذا ذكر عروة بن الزبير ومجاهد وأبو مالك وقتادة والضحاك وابن زيد وغير واحد من السلف والخلف أنها نزلت في ابن أم مكتوم والمشهور أن اسمه عبد الله ويقال : عمرو والله أعلم"
  }, {
    "id" : 11,
    "eya" : "كَلَّا إِنَّهَا تَذْكِرَةٌ (11) ",
    "tafsir" : "وقوله ( كلا إنها تذكرة ) أي هذه السورة أو الوصية بالمساواة بين الناس في إبلاغ العلم من شريفهم ووضيعهم\nوقال قتادة والسدي ( كلا إنها تذكرة ) يعني القرآن"
  }, {
    "id" : 12,
    "eya" : "فَمَن شَاءَ ذَكَرَهُ (12) ",
    "tafsir" : "( فمن شاء ذكره ) أي فمن شاء ذكر الله في جميع أموره ويحتمل عود الضمير على الوحي لدلالة الكلام عليه"
  }, {
    "id" : 13,
    "eya" : "فِي صُحُفٍ مُّكَرَّمَةٍ (13) ",
    "tafsir" : "أي هذه السورة أو العظة وكلاهما متلازم بل جميع القرآن في صحف مكرمة أى معظمة موقرة."
  }, {
    "id" : 14,
    "eya" : "مَّرْفُوعَةٍ مُّطَهَّرَةٍ (14) ",
    "tafsir" : "\"مرفوعة\" أي عالية القدر \"مطهرة\" أي من الدنس والزيادة والنقص."
  }, {
    "id" : 15,
    "eya" : "بِأَيْدِي سَفَرَةٍ (15) ",
    "tafsir" : "وقوله ( بأيدي سفرة ) قال ابن عباس ومجاهد والضحاك وابن زيد هي الملائكة . وقال وهب بن منبه هم أصحاب محمد صلى الله عليه وسلم وقال قتادة هم القراء وقال ابن جريج عن ابن عباس السفرة بالنبطية القراء\nوقال ابن جرير الصحيح أن السفرة الملائكة والسفرة يعني بين الله وبين خلقه ومنه يقال : السفير الذي يسعى بين الناس في الصلح والخير كما قال الشاعر :\nوما أدع السفارة بين قومي وما أمشي بغش إن مشيت\nوقال البخاري سفرة الملائكة . سفرت أصلحت بينهم وجعلت الملائكة إذا نزلت بوحي الله وتأديته كالسفير الذي يصلح بين القوم ."
  }, {
    "id" : 16,
    "eya" : "كِرَامٍ بَرَرَةٍ (16) ",
    "tafsir" : "وقوله ( كرام بررة ) أي خلقهم كريم حسن شريف وأخلاقهم وأفعالهم بارة طاهرة كاملة ومن هاهنا ينبغي لحامل القرآن أن يكون في أفعاله وأقواله على السداد والرشاد\nقال الإمام أحمد حدثنا إسماعيل حدثنا هشام عن قتادة عن زرارة بن أوفى عن سعد بن هشام عن عائشة قالت قال رسول الله صلى الله عليه وسلم الذي يقرأ القرآن وهو ماهر به مع السفرة الكرام البررة والذي يقرؤه وهو عليه شاق له أجران أخرجه الجماعة من طريق قتادة به ."
  }, {
    "id" : 17,
    "eya" : "قُتِلَ الْإِنسَانُ مَا أَكْفَرَهُ (17) ",
    "tafsir" : "يقول تعالى ذاما لمن أنكر البعث والنشور من بني آدم ( قتل الإنسان ما أكفره ) قال الضحاك عن ابن عباس ( قتل الإنسان ) لعن الإنسان وكذا قال أبو مالك وهذا لجنس الإنسان المكذب لكثرة تكذيبه بلا مستند بل بمجرد الاستبعاد وعدم العلم\nقال ابن جرير ( ما أكفره ) ما أشد كفره وقال ابن جرير ويحتمل أن يكون المراد أي شيء جعله كافرا ؟ أي ما حمله على التكذيب بالمعاد .\nوقال قتادة وقد حكاه البغوي عن مقاتل والكلبي ( ما أكفره ) ما ألعنه ."
  }, {
    "id" : 18,
    "eya" : "مِنْ أَيِّ شَيْءٍ خَلَقَهُ (18) ",
    "tafsir" : "ثم بين تعالى له كيف خلقه من الشيء الحقير وأنه قادر على إعادته كما بدأه فقال ( من أي شيء خلقه )"
  }, {
    "id" : 19,
    "eya" : "مِن نُّطْفَةٍ خَلَقَهُ فَقَدَّرَهُ (19) ",
    "tafsir" : "أي قدر أجله ورزقه وعمله وشقي أو سعيد."
  }, {
    "id" : 20,
    "eya" : "ثُمَّ السَّبِيلَ يَسَّرَهُ (20) ",
    "tafsir" : "( ثم السبيل يسره ) قال العوفي عن ابن عباس ثم يسر عليه خروجه من بطن أمه وكذا قال عكرمة والضحاك وأبو صالح وقتادة والسدي واختاره ابن جرير .\nوقال مجاهد هذه كقوله ( إنا هديناه السبيل إما شاكرا وإما كفورا ) الإنسان 3 ] أي بينا له ووضحناه وسهلنا عليه عمله وهكذا قال الحسن وابن زيد وهذا هو الأرجح والله أعلم ."
  }, {
    "id" : 21,
    "eya" : "ثُمَّ أَمَاتَهُ فَأَقْبَرَهُ (21) ",
    "tafsir" : "وقوله ( ثم أماته فأقبره ) أي إنه بعد خلقه له ( أماته فأقبره ) أي جعله ذا قبر والعرب تقول قبرت الرجل إذا ولي ذلك منه وأقبره الله وعضبت قرن الثور ، وأعضبه الله وبترت ذنب البعير وأبتره الله وطردت عني فلانا وأطرده الله ، أي جعله طريدا قال الأعشى\nلو أسندت ميتا إلى نحرها عاش ولم ينقل إلى قابر"
  }, {
    "id" : 22,
    "eya" : "ثُمَّ إِذَا شَاءَ أَنشَرَهُ (22) ",
    "tafsir" : "وقوله ( ثم إذا شاء أنشره ) أي بعثه بعد موته ومنه يقال البعث والنشور ( ومن آياته أن خلقكم من تراب ثم إذا أنتم بشر تنتشرون ) الروم 20 ) وانظر إلى العظام كيف ننشزها ثم نكسوها لحما ) البقرة : 259\nوقال ابن أبي حاتم حدثنا أبي ، حدثنا أصبغ بن الفرج أخبرنا ابن وهب أخبرني عمرو بن الحارث أن دراجا أبا السمح أخبره ، عن أبي الهيثم عن أبي سعيد عن النبي صلى الله عليه وسلم - قال يأكل التراب كل شيء من الإنسان إلا عجب ذنبه قيل وما هو يا رسول الله قال مثل حبة خردل منه ينشئون .\nوهذا الحديث ثابت في الصحيح من رواية الأعمش عن أبي صالح عن أبي هريرة بدون هذه الزيادة ، ولفظه كل ابن آدم يبلى إلا عجب الذنب منه خلق وفيه يركب \"."
  }, {
    "id" : 23,
    "eya" : "كَلَّا لَمَّا يَقْضِ مَا أَمَرَهُ (23) ",
    "tafsir" : "وقوله ( كلا لما يقض ما أمره ) قال ابن جرير يقول كلا ليس الأمر كما يقول هذا الإنسان الكافر من أنه قد أدى حق الله عليه في نفسه وماله ( لما يقض ما أمره ) يقول لم يؤد ما فرض عليه من الفرائض لربه عز وجل\nثم روى هو وابن أبي حاتم من طريق ابن أبي نجيح عن مجاهد قوله ( كلا لما يقض ما أمره ) قال لا يقضي أحد أبدا كل ما افترض عليه وحكاه البغوي عن الحسن البصري بنحو من هذا ولم أجد للمتقدمين فيه كلاما سوى هذا والذي يقع لي في معنى ذلك - والله أعلم أن المعنى ( ثم إذا شاء أنشره )( كلا لما يقض ما أمره ) [ أي لا يفعله الآن حتى تنقضي المدة ويفرغ القدر من بني آدم ممن كتب تعالى له أن سيوجد منهم ويخرج إلى الدنيا وقد أمر به تعالى كونا وقدرا فإذا تناهى ذلك عند الله أنشر الله الخلائق وأعادهم كما بدأهم\nوقد روى ابن أبي حاتم عن وهب بن منبه قال : قال عزير عليه السلام قال الملك الذي جاءني فإن القبور هي بطن الأرض وإن الأرض هي أم الخلق ، فإذا خلق الله ما أراد أن يخلق وتمت هذه القبور التي مد الله لها انقطعت الدنيا ومات من عليها ولفظت الأرض ما في جوفها وأخرجت القبور ما فيها وهذا شبيه بما قلنا من معنى الآية والله سبحانه وتعالى أعلم بالصواب"
  }, {
    "id" : 24,
    "eya" : "فَلْيَنظُرِ الْإِنسَانُ إِلَىٰ طَعَامِهِ (24) ",
    "tafsir" : "فيه امتنان وفيه استدلال بإحياء النبات من الأرض الهامدة على إحياء الأجسام بعدما كانت عظاما بالية وترابا متمزقا."
  }, {
    "id" : 25,
    "eya" : "أَنَّا صَبَبْنَا الْمَاءَ صَبًّا (25) ",
    "tafsir" : "أي أنزلناه من السماء على الأرض."
  }, {
    "id" : 26,
    "eya" : "ثُمَّ شَقَقْنَا الْأَرْضَ شَقًّا (26) ",
    "tafsir" : "أي أسكناه فيها فيدخل في تخومها وتخلل في أجزاء الحب المودع فيها فنبت وارتفع وظهر على وجه الأرض."
  }, {
    "id" : 27,
    "eya" : "فَأَنبَتْنَا فِيهَا حَبًّا (27) ",
    "tafsir" : "فالحب كل ما يذكر من الحبوب."
  }, {
    "id" : 28,
    "eya" : "وَعِنَبًا وَقَضْبًا (28) ",
    "tafsir" : "والعنب معروف والقضب هو الفصفصة التي تأكلها الدواب رطبة ويقال لها القت أيضا قال ذلك ابن عباس وقتادة والضحاك والسدي\nوقال الحسن البصري القضب العلف ."
  }, {
    "id" : 29,
    "eya" : "وَزَيْتُونًا وَنَخْلًا (29) ",
    "tafsir" : "\"وزيتونا\" وهو معروف وهو أدم وعصيره أدم ويستصبح به ويدهن به \"ونخلا\" يؤكل بلحا بسرا ورطبا وتمرا ونيئا ومطبوخا ويعتصر منه رب وخل."
  }, {
    "id" : 30,
    "eya" : "وَحَدَائِقَ غُلْبًا (30) ",
    "tafsir" : "( وحدائق غلبا ) أي بساتين قال الحسن وقتادة : ( غلبا ) نخل غلاظ كرام وقال ابن عباس ومجاهد الحدائق كل ما التف واجتمع وقال ابن عباس أيضا : ( غلبا ) الشجر الذي يستظل به وقال علي بن أبي طلحة عن ابن عباس ( وحدائق غلبا ) أي طوال وقال عكرمة : ( غلبا ) أي غلاظ الأوساط وفي رواية غلاظ الرقاب ، ألم تر إلى الرجل إذا كان غليظ الرقبة قيل والله إنه لأغلب رواه ابن أبي حاتم وأنشد ابن جرير للفرزدق :\nعوى فأثار أغلب ضيغميا     فويل ابن المراغة ما استثارا"
  }, {
    "id" : 31,
    "eya" : "وَفَاكِهَةً وَأَبًّا (31) ",
    "tafsir" : "وقوله ( وفاكهة وأبا ) أما الفاكهة فهو ما يتفكه به من الثمار قال ابن عباس الفاكهة كل ما أكل رطبا والأب ما أنبتت الأرض مما تأكله الدواب ولا يأكله الناس وفي رواية عنه هو الحشيش للبهائم وقال مجاهد وسعيد بن جبير وأبو مالك الأب الكلأ . وعن مجاهد والحسن وقتادة وابن زيد الأب للبهائم كالفاكهة لبني آدم وعن عطاء كل شيء نبت على وجه الأرض فهو أب وقال الضحاك كل شيء أنبتته الأرض سوى الفاكهة فهو أب .\nوقال ابن إدريس عن عاصم بن كليب عن أبيه عن ابن عباس الأب نبت الأرض مما تأكله الدواب ولا يأكله الناس ورواه ابن جرير من ثلاث طرق عن ابن إدريس ثم قال حدثنا أبو كريب وأبو السائب قالا : حدثنا ابن إدريس حدثنا عبد الملك عن سعيد بن جبير قال : عد ابن عباس وقال : الأب ما أنبتت الأرض للأنعام هذا لفظ أبي كريب وقال أبو السائب ما أنبتت الأرض مما يأكل الناس وتأكل الأنعام\nوقال العوفي عن ابن عباس الأب الكلأ والمرعى وكذا قال مجاهد والحسن وقتادة وابن زيد وغير واحد\nوقال أبو عبيد القاسم بن سلام حدثنا محمد بن يزيد حدثنا العوام بن حوشب عن إبراهيم التيمي قال : سئل أبو بكر الصديق رضي الله عنه عن قوله تعالى ( وفاكهة وأبا ) فقال أي سماء تظلني وأي أرض تقلني إن قلت في كتاب الله ما لا أعلم .\nوهذا منقطع بين إبراهيم التيمي والصديق فأما ما رواه ابن جرير حيث قال حدثنا ابن بشار حدثنا ابن أبي عدي حدثنا حميد عن أنس قال : قرأ عمر بن الخطاب ( عبس وتولى ) فلما أتي على هذه الآية ( وفاكهة وأبا ) قال عرفنا ما الفاكهة فما الأب فقال لعمرك يا ابن الخطاب إن هذا لهو التكلف .\nفهو إسناد صحيح وقد رواه غير واحد عن أنس به وهذا محمول على أنه أراد أن يعرف شكله وجنسه وعينه وإلا فهو وكل من قرأ هذه الآية يعلم أنه من نبات الأرض لقوله ( فأنبتنا فيها حبا وعنبا وقضبا وزيتونا ونخلا وحدائق غلبا وفاكهة وأبا )"
  }, {
    "id" : 32,
    "eya" : "مَّتَاعًا لَّكُمْ وَلِأَنْعَامِكُمْ (32) ",
    "tafsir" : "وقوله ( متاعا لكم ولأنعامكم ) أي عيشة لكم ولأنعامكم في هذه الدار إلى يوم القيامة"
  }, {
    "id" : 33,
    "eya" : "فَإِذَا جَاءَتِ الصَّاخَّةُ (33) ",
    "tafsir" : "قال ابن عباس : ( الصاخة ) اسم من أسماء يوم القيامة عظمه الله وحذره عباده قال ابن جرير لعله اسم للنفخة في الصور وقال البغوي ( الصاخة ) يعني صيحة القيامة سميت بذلك لأنها تصخ الأسماع ، أي تبالغ في إسماعها حتى تكاد تصمها ."
  }, {
    "id" : 34,
    "eya" : "يَوْمَ يَفِرُّ الْمَرْءُ مِنْ أَخِيهِ (34) ",
    "tafsir" : "أي يراه ويفر منه ويبتعد منه لأن الهول عظيم والخطب جليل."
  }, {
    "id" : 35,
    "eya" : "وَأُمِّهِ وَأَبِيهِ (35) ",
    "tafsir" : "قال عكرمة يلقى الرجل زوجته فيقول لها يا هذه أي بعل كنت لك فتقول نعم البعل كنت وتثني بخير ما استطاعت فيقول لها فإني أطلب إليك اليوم حسنة واحدة تهبينها لي لعلي أنجو مما ترين فتقول له : ما أيسر ما طلبت ولكني لا أطيق أن أعطيك شيئا أتخوف مثل الذي تخاف قال وإن الرجل ليلقى ابنه فيتعلق به فيقول يا بني أي والد كنت لك فيثني بخير فيقول له يا بني إني احتجت إلى مثقال ذرة من حسناتك لعلي أنجو بها مما ترى فيقول ولده يا أبت ما أيسر ما طلبت ولكني أتخوف مثل الذي تتخوف فلا أستطيع أن أعطيك شيئا يقول الله تعالى ( يوم يفر المرء من أخيه وأمه وأبيه وصاحبته وبنيه )\nوفي الحديث الصحيح في أمر الشفاعة أنه إذا طلب إلى كل من أولي العزم أن يشفع عند الله في الخلائق يقول نفسي نفسي لا أسأله اليوم إلا نفسي حتى إن عيسى ابن مريم يقول لا أسأله اليوم إلا نفسي لا أسأله مريم التي ولدتني ولهذا قال تعالى ( يوم يفر المرء من أخيه وأمه وأبيه وصاحبته وبنيه )\nقال قتادة الأحب فالأحب والأقرب فالأقرب من هول ذلك اليوم"
  }, {
    "id" : 36,
    "eya" : "وَصَاحِبَتِهِ وَبَنِيهِ (36) ",
    "tafsir" : "قال عكرمة يلقى الرجل زوجته فيقول لها يا هذه أي بعل كنت لك فتقول نعم البعل كنت وتثني بخير ما استطاعت فيقول لها فإني أطلب إليك اليوم حسنة واحدة تهبينها لي لعلي أنجو مما ترين فتقول له : ما أيسر ما طلبت ولكني لا أطيق أن أعطيك شيئا أتخوف مثل الذي تخاف قال وإن الرجل ليلقى ابنه فيتعلق به فيقول يا بني أي والد كنت لك فيثني بخير فيقول له يا بني إني احتجت إلى مثقال ذرة من حسناتك لعلي أنجو بها مما ترى فيقول ولده يا أبت ما أيسر ما طلبت ولكني أتخوف مثل الذي تتخوف فلا أستطيع أن أعطيك شيئا يقول الله تعالى ( يوم يفر المرء من أخيه وأمه وأبيه وصاحبته وبنيه )\nوفي الحديث الصحيح في أمر الشفاعة أنه إذا طلب إلى كل من أولي العزم أن يشفع عند الله في الخلائق يقول نفسي نفسي لا أسأله اليوم إلا نفسي حتى إن عيسى ابن مريم يقول لا أسأله اليوم إلا نفسي لا أسأله مريم التي ولدتني ولهذا قال تعالى ( يوم يفر المرء من أخيه وأمه وأبيه وصاحبته وبنيه )\nقال قتادة الأحب فالأحب والأقرب فالأقرب من هول ذلك اليوم"
  }, {
    "id" : 37,
    "eya" : "لِكُلِّ امْرِئٍ مِّنْهُمْ يَوْمَئِذٍ شَأْنٌ يُغْنِيهِ (37) ",
    "tafsir" : "وقوله ( لكل امرئ منهم يومئذ شأن يغنيه ) أي هو في شغل شاغل عن غيره\nقال ابن أبي حاتم حدثنا محمد بن عمار بن الحارث حدثنا الوليد بن صالح حدثنا ثابت أبو زيد العباداني عن هلال بن خباب عن سعيد بن جبير عن ابن عباس قال قال رسول الله صلى الله عليه وسلم \" تحشرون حفاة عراة مشاة غرلا \" قال فقالت زوجته يا رسول الله ، أويرى بعضنا عورة بعض قال : ( لكل امرئ منهم يومئذ شأن يغنيه ) أو قال ما أشغله عن النظر\nوقد رواه النسائي منفردا به عن أبي داود عن عارم عن ثابت بن يزيد وهو أبو زيد الأحول البصري أحد الثقات عن هلال بن خباب عن سعيد بن جبير عن ابن عباس به وقد رواه الترمذي عن عبد بن حميد عن محمد بن الفضل عن ثابت بن يزيد عن هلال بن خباب عن عكرمة عن ابن عباس عن النبي صلى الله عليه وسلم قال تحشرون حفاة عراة غرلا فقالت امرأة : أيبصر أو يرى بعضنا عورة بعض قال يا فلانة ( لكل امرئ منهم يومئذ شأن يغنيه ) . ثم قال الترمذي وهذا حديث حسن صحيح وقد روي من غير وجه عن ابن عباس رضي الله عنه .\nوقال النسائي أخبرني عمرو بن عثمان حدثنا بقية حدثنا الزبيدي أخبرني الزهري عن عروة عن عائشة أن رسول الله صلى الله عليه وسلم - قال يبعث الناس يوم القيامة حفاة عراة غرلا فقالت عائشة يا رسول الله فكيف بالعورات فقال : ( لكل امرئ منهم يومئذ شأن يغنيه )\nانفرد به النسائي من هذا الوجه\nثم قال ابن أبي حاتم حدثنا أبي ، حدثنا أزهر بن حاتم حدثنا الفضل بن موسى عن عائد بن شريح عن أنس بن مالك قال سألت عائشة رضي الله عنها رسول الله صلى الله عليه وسلم فقالت يا رسول الله بأبي أنت وأمي إني سائلتك عن حديث فتخبرني أنت به فقال إن كان عندي منه علم قالت يا نبي الله كيف يحشر الرجال قال حفاة عراة ثم انتظرت ساعة فقالت يا نبي الله كيف يحشر النساء قال كذلك حفاة عراة \" قالت واسوأتاه من يوم القيامة قال وعن أي ذلك تسألين إنه قد نزل علي آية لا يضرك كان عليك ثياب أو لا يكون قالت أية آية هي يا نبي الله قال : ( لكل امرئ منهم يومئذ شأن يغنيه )\nوقال البغوي في تفسيره : أخبرنا أحمد بن إبراهيم الشريحي أخبرنا أحمد بن محمد بن إبراهيم الثعلبي أخبرني الحسين بن عبد الله حدثنا عبد الله بن عبد الرحمن حدثنا محمد بن عبد العزيز حدثنا ابن أبي أويس حدثنا أبي ، عن محمد بن أبي عياش عن عطاء بن يسار عن سودة زوج النبي صلى الله عليه وسلم قالت قال رسول الله صلى الله عليه وسلم يبعث الناس حفاة عراة غرلا قد ألجمهم العرق وبلغ شحوم الآذان فقلت يا رسول الله واسوأتاه ينظر بعضنا إلى بعض فقال قد شغل الناس ( لكل امرئ منهم يومئذ شأن يغنيه )\nهذا حديث غريب من هذا الوجه جدا وهكذا رواه ابن جرير عن أبي عمار الحسين بن حريث المروزي عن الفضل بن موسى به . ولكن قال أبو حاتم الرازي عائذ بن شريح ضعيف في حديثه ضعف ."
  }, {
    "id" : 38,
    "eya" : "وُجُوهٌ يَوْمَئِذٍ مُّسْفِرَةٌ (38) ",
    "tafsir" : "وقوله ( وجوه يومئذ مسفرة ضاحكة مستبشرة ) أي يكون الناس هنالك فريقين ( وجوه يومئذ مسفرة ) أي مستنيرة"
  }, {
    "id" : 39,
    "eya" : "ضَاحِكَةٌ مُّسْتَبْشِرَةٌ (39) ",
    "tafsir" : "( ضاحكة مستبشرة ) أي مسرورة فرحة من سرور قلوبهم قد ظهر البشر على وجوههم وهؤلاء أهل الجنة"
  }, {
    "id" : 40,
    "eya" : "وَوُجُوهٌ يَوْمَئِذٍ عَلَيْهَا غَبَرَةٌ (40) ",
    "tafsir" : "( ووجوه يومئذ عليها غبرة ترهقها قترة ) أي يعلوها ويغشاها قترة أي : سواد\nقال ابن أبي حاتم حدثنا أبي ، حدثنا سهل بن عثمان العسكري حدثنا أبو علي محمد مولى جعفر بن محمد عن جعفر بن محمد عن أبيه عن جده قال قال رسول الله صلى الله عليه وسلم يلجم الكافر العرق ثم تقع الغبرة على وجوههم قال فهو قوله ( ووجوه يومئذ عليها غبرة )"
  }, {
    "id" : 41,
    "eya" : "تَرْهَقُهَا قَتَرَةٌ (41) ",
    "tafsir" : "وقال ابن عباس ( ترهقها قترة ) أي يغشاها سواد الوجوه"
  }, {
    "id" : 42,
    "eya" : "أُولَٰئِكَ هُمُ الْكَفَرَةُ الْفَجَرَةُ (42) ",
    "tafsir" : "وقوله ( أولئك هم الكفرة الفجرة ) أي الكفرة قلوبهم الفجرة في أعمالهم كما قال تعالى ( ولا يلدوا إلا فاجرا كفارا )\nآخر تفسير سورة عبس ولله الحمد والمنة"
  } ]
}