{
  "id" : 86,
  "nbAya" : 17,
  "name" : "الطَّارِق",
  "type" : "مكيَّة",
  "ayets" : [ {
    "id" : 1,
    "eya" : "وَالسَّمَاءِ وَالطَّارِقِ (1) ",
    "tafsir" : "تفسير سورة الطارق وهي مكية .\nقال عبد الله ابن الإمام أحمد : حدثنا أبي ، حدثنا عبد الله بن محمد - قال : عبد الله وسمعته أنا منه - حدثنا مروان بن معاوية الفزاري ، عن عبد الله بن عبد الرحمن الطائفي ، عن عبد الرحمن بن خالد بن أبي جبل العدواني ، عن أبيه : أنه أبصر رسول الله - صلى الله عليه وسلم - في مشرق ثقيف وهو قائم على قوس - أو : عصا - حين أتاهم يبتغي عندهم النصر ، فسمعته يقول : \" والسماء والطارق \" حتى ختمها - قال : فوعيتها في الجاهلية وأنا مشرك ، ثم قرأتها في الإسلام - قال : فدعتني ثقيف فقالوا : ماذا سمعت من هذا الرجل ؟ فقرأتها عليهم ، فقال من معهم من قريش : نحن أعلم بصاحبنا ، لو كنا نعلم ما يقول حقا لاتبعناه .\nوقال النسائي : حدثنا عمرو بن منصور ، حدثنا أبو نعيم ، عن مسعر ، عن محارب بن دثار ، عن جابر قال : صلى معاذ المغرب ، فقرأ البقرة والنساء ، فقال النبي - صلى الله عليه وسلم - : \" أفتان يا معاذ ؟ ما كان يكفيك أن تقرأ بالسماء والطارق ، والشمس وضحاها ، ونحو هذا ؟ \"\nيقسم تعالى بالسماء وما جعل فيها من الكواكب النيرة ; ولهذا قال : ( والسماء والطارق )"
  }, {
    "id" : 2,
    "eya" : "وَمَا أَدْرَاكَ مَا الطَّارِقُ (2) ",
    "tafsir" : "ثم قال ( وما أدراك ما الطارق ) ثم فسره بقوله : ( النجم الثاقب )\nقال قتادة وغيره : إنما سمي النجم طارقا ; لأنه إنما يرى بالليل ويختفي بالنهار . ويؤيده ما جاء في الحديث الصحيح : نهى أن يطرق الرجل أهله طروقا أي : يأتيهم فجأة بالليل . وفي الحديث الآخر المشتمل على الدعاء : \" إلا طارقا يطرق بخير يا رحمن \""
  }, {
    "id" : 3,
    "eya" : "النَّجْمُ الثَّاقِبُ (3) ",
    "tafsir" : "وقوله تعالى \"الثاقب\" قال ابن عباس المضيء وقال السدي يثقب الشياطين إذا أرسل عليها وقال عكرمة هو مضيء ومحرق للشيطان."
  }, {
    "id" : 4,
    "eya" : "إِن كُلُّ نَفْسٍ لَّمَّا عَلَيْهَا حَافِظٌ (4) ",
    "tafsir" : "وقوله : ( إن كل نفس لما عليها حافظ ) أي : كل نفس عليها من الله حافظ يحرسها من الآفات ، كما قال تعالى : ( له معقبات من بين يديه ومن خلفه يحفظونه من أمر الله )[ الرعد : 11 ]"
  }, {
    "id" : 5,
    "eya" : "فَلْيَنظُرِ الْإِنسَانُ مِمَّ خُلِقَ (5) ",
    "tafsir" : "وقوله : ( فلينظر الإنسان مم خلق ) تنبيه للإنسان على ضعف أصله الذي خلق منه ، وإرشاد له إلى الاعتراف بالمعاد ; لأن من قدر على البداءة فهو قادر على الإعادة بطريق الأولى ، كما قال : ( وهو الذي يبدأ الخلق ثم يعيده وهو أهون عليه )[ الروم : 27 ]"
  }, {
    "id" : 6,
    "eya" : "خُلِقَ مِن مَّاءٍ دَافِقٍ (6) ",
    "tafsir" : "يعني المني يخرج دفقا من الرجل ومن المرأة فيتولد منهما الولد بإذن الله عز وجل."
  }, {
    "id" : 7,
    "eya" : "يَخْرُجُ مِن بَيْنِ الصُّلْبِ وَالتَّرَائِبِ (7) ",
    "tafsir" : "قال شبيب بن بشر ، عن عكرمة ، عن ابن عباس : ( يخرج من بين الصلب والترائب ) صلب الرجل وترائب المرأة ، أصفر رقيق ، لا يكون الولد إلا منهما . وكذا قال سعيد بن جبير ، وعكرمة ، وقتادة والسدي ، وغيرهم .\nوقال ابن أبي حاتم : حدثنا أبو سعيد الأشج ، حدثنا أبو أسامة ، عن مسعر : سمعت الحكم ذكر عن ابن عباس : ( يخرج من بين الصلب والترائب ) قال : هذه الترائب . ووضع يده على صدره .\nوقال الضحاك وعطية ، عن ابن عباس : تريبة المرأة موضع القلادة . وكذا قال عكرمة ، وسعيد بن جبير . وقال علي بن أبي طلحة ، عن ابن عباس : الترائب : بين ثدييها .\nوعن مجاهد : الترائب ما بين المنكبين إلى الصدر . وعنه أيضا : الترائب أسفل من التراقي . وقال سفيان الثوري : فوق الثديين . وعن سعيد بن جبير : الترائب أربعة أضلاع من هذا الجانب الأسفل .\nوعن الضحاك : الترائب بين الثديين والرجلين والعينين .\nوقال الليث بن سعد عن معمر بن أبي حبيبة المدني : أنه بلغه في قول الله - عز وجل - : ( يخرج من بين الصلب والترائب ) قال : هو عصارة القلب ، من هناك يكون الولد .( يخرج من بين الصلب والترائب ) من بين صلبه ونحره ."
  }, {
    "id" : 8,
    "eya" : "إِنَّهُ عَلَىٰ رَجْعِهِ لَقَادِرٌ (8) ",
    "tafsir" : "وقوله : ( إنه على رجعه لقادر ) فيه قولان :\nأحدهما : على رجع هذا الماء الدافق إلى مقره الذي خرج منه لقادر على ذلك . قاله مجاهد ، وعكرمة ، وغيرهما .\nوالقول الثاني : إنه على رجع هذا الإنسان المخلوق من ماء دافق ، أي : إعادته وبعثه إلى الدار الآخرة لقادر ; لأن من قدر على البدء قدر على الإعادة .\nوقد ذكر الله ، - عز وجل - هذا الدليل في القرآن في غير ما موضع ، وهذا القول قال به الضحاك ، واختاره ابن جرير ،"
  }, {
    "id" : 9,
    "eya" : "يَوْمَ تُبْلَى السَّرَائِرُ (9) ",
    "tafsir" : "ولهذا قال : ( يوم تبلى السرائر ) أي : يوم القيامة تبلى فيه السرائر ، أي : تظهر وتبدو ، ويبقى السر علانية والمكنون مشهورا . وقد ثبت في الصحيحين ، عن ابن عمر : أن رسول الله - صلى الله عليه وسلم - قال : \" يرفع لكل غادر لواء عند استه يقال : هذه غدرة فلان بن فلان \""
  }, {
    "id" : 10,
    "eya" : "فَمَا لَهُ مِن قُوَّةٍ وَلَا نَاصِرٍ (10) ",
    "tafsir" : "وقوله تعالى \"فما له\" أي الإنسان يوم القيامة \"من قوة\" أي في نفسه \"ولا ناصر\" أي من خارج منه أي لا يقدر على أن ينقذ نفسه من عذاب الله ولا يستطيع له أحد ذلك."
  }, {
    "id" : 11,
    "eya" : "وَالسَّمَاءِ ذَاتِ الرَّجْعِ (11) ",
    "tafsir" : "قال ابن عباس : الرجع : المطر . وعنه : هو السحاب فيه المطر . وعنه : ( والسماء ذات الرجع ) تمطر ثم تمطر .\nوقال قتادة : ترجع رزق العباد كل عام ، ولولا ذلك لهلكوا وهلكت مواشيهم .\nوقال ابن زيد : ترجع نجومها وشمسها وقمرها ، يأتين من هاهنا ."
  }, {
    "id" : 12,
    "eya" : "وَالْأَرْضِ ذَاتِ الصَّدْعِ (12) ",
    "tafsir" : "قال ابن عباس هو انصداعها عن النبات وكذا قال سعيد بن جبير وعكرمة وأبو مالك والضحاك والحسن وقتادة والسدي وغير واحد."
  }, {
    "id" : 13,
    "eya" : "إِنَّهُ لَقَوْلٌ فَصْلٌ (13) ",
    "tafsir" : "قال ابن عباس حق وكذا قال قتادة وقال آخر حكم عدل."
  }, {
    "id" : 14,
    "eya" : "وَمَا هُوَ بِالْهَزْلِ (14) ",
    "tafsir" : "أي بل هو جد حق."
  }, {
    "id" : 15,
    "eya" : "إِنَّهُمْ يَكِيدُونَ كَيْدًا (15) ",
    "tafsir" : "أي يمكرون بالناس في دعوتهم إلى خلاف القرآن."
  }, {
    "id" : 16,
    "eya" : "وَأَكِيدُ كَيْدًا (16) ",
    "tafsir" : ""
  }, {
    "id" : 17,
    "eya" : "فَمَهِّلِ الْكَافِرِينَ أَمْهِلْهُمْ رُوَيْدًا (17) ",
    "tafsir" : "ثم قال : ( فمهل الكافرين ) أي : أنظرهم ولا تستعجل لهم ، ( أمهلهم رويدا ) أي : قليلا . أي : وترى ماذا أحل بهم من العذاب والنكال والعقوبة والهلاك ، كما قال : ( نمتعهم قليلا ثم نضطرهم إلى عذاب غليظ )[ لقمان : 24 ]\nآخر تفسير سورة \" الطارق \" ولله الحمد ."
  } ]
}