{
  "id" : 87,
  "nbAya" : 19,
  "name" : "الأَعْلَى",
  "type" : "مكيَّة",
  "ayets" : [ {
    "id" : 1,
    "eya" : "سَبِّحِ اسْمَ رَبِّكَ الْأَعْلَى (1) ",
    "tafsir" : "تفسير سورة سبح وهي مكية .\nوالدليل على ذلك ما رواه البخاري : حدثنا عبدان : أخبرني أبي ، عن شعبة ، عن أبي إسحاق ، عن البراء بن عازب قال : أول من قدم علينا من أصحاب النبي - صلى الله عليه وسلم - مصعب بن عمير وابن أم مكتوم ، فجعلا يقرئاننا القرآن . ثم جاء عمار وبلال وسعد . ثم جاء عمر بن الخطاب في عشرين . ثم جاء النبي - صلى الله عليه وسلم - فما رأيت أهل المدينة فرحوا بشيء فرحهم به ، حتى رأيت الولائد والصبيان يقولون : هذا رسول الله قد جاء ، فما جاء حتى قرأت : \" سبح اسم ربك الأعلى \" في سور مثلها .\nوقال الإمام أحمد : حدثنا وكيع ، حدثنا إسرائيل ، عن ثوير بن أبي فاختة ، عن أبيه ، عن علي قال : كان رسول الله - صلى الله عليه وسلم - يحب هذه السورة : \" سبح اسم ربك الأعلى \" . تفرد به أحمد .\nوثبت في الصحيحين : أن رسول الله - صلى الله عليه وسلم - قال لمعاذ : \" هلا صليت بسبح اسم ربك الأعلى ، والشمس وضحاها ، والليل إذا يغشى \"\nوقال الإمام أحمد : حدثنا سفيان ، عن إبراهيم بن محمد بن المنتشر ، عن أبيه ، عن حبيب بن سالم ، عن أبيه ، عن النعمان بن بشير : أن رسول الله - صلى الله عليه وسلم - قرأ في العيدين ب \" سبح اسم ربك الأعلى \"\" هل أتاك حديث الغاشية \" وإن وافق يوم الجمعة قرأهما جميعا .\nهكذا وقع في مسند الإمام أحمد إسناد هذا الحديث . وقد رواه مسلم - في صحيحه - وأبو داود والترمذي والنسائي ، من حديث أبي عوانة وجرير وشعبة ، ثلاثتهم عن إبراهيم بن محمد بن المنتشر ، عن أبيه ، عن حبيب بن سالم ، عن النعمان بن بشير ، به قال الترمذي : \" وكذا رواه الثوري ومسعر ، عن إبراهيم - قال : ورواه سفيان بن عيينة عن إبراهيم - عن أبيه ، عن حبيب بن سالم ، عن أبيه ، عن النعمان . ولا يعرف لحبيب رواية عن أبيه \"\nوقد رواه ابن ماجه عن محمد بن الصباح ، عن سفيان بن عيينة ، عن إبراهيم بن المنتشر ، عن أبيه عن حبيب بن سالم ، عن النعمان به كما رواه الجماعة ، والله أعلم .\nولفظ مسلم وأهل السنن : كان يقرأ في العيدين ويوم الجمعة ب \" سبح اسم ربك الأعلى \"\" هل أتاك حديث الغاشية \" وربما اجتمعا في يوم واحد فقرأهما .\nوقد روى الإمام أحمد في مسنده من حديث أبي بن كعب ، وعبد الله بن عباس ، وعبد الرحمن بن أبزى ، وعائشة أم المؤمنين : أن رسول الله - صلى الله عليه وسلم - كان يقرأ في الوتر ب \" سبح اسم ربك الأعلى \"\" قل يا أيها الكافرون \"\" قل هو الله أحد \" زادت عائشة : والمعوذتين .\nوهكذا روي هذا الحديث - من طريق - جابر وأبي أمامة صدي بن عجلان ، وعبد الله بن مسعود ، وعمران بن حصين ، وعلي بن أبي طالب ، رضي الله عنهم ولولا خشية الإطالة لأوردنا ما تيسر من أسانيد ذلك ومتونه ولكن في الإرشاد بهذا الاختصار كفاية ، والله أعلم .\nقال الإمام أحمد : حدثنا أبو عبد الرحمن ، حدثنا موسى - يعني ابن أيوب الغافقي - حدثنا عمي إياس بن عامر ، سمعت عقبة بن عامر الجهني لما نزلت : ( فسبح باسم ربك العظيم )[ الواقعة : 74 ، 96 ] قال لنا رسول الله - صلى الله عليه وسلم - : \" اجعلوها في ركوعكم \" . فلما نزلت : ( سبح اسم ربك الأعلى )\" اجعلوها في سجودكم \"\nورواه أبو داود وابن ماجه ، من حديث ابن المبارك ، عن موسى بن أيوب ، به .\nوقال الإمام أحمد : حدثنا وكيع ، حدثنا إسرائيل ، عن أبي إسحاق ، عن مسلم البطين ، عن سعيد بن جبير ، عن ابن عباس : أن رسول الله - صلى الله عليه وسلم - كان إذا قرأ : ( سبح اسم ربك الأعلى )\" سبحان ربي الأعلى \"\nوهكذا رواه أبو داود عن زهير بن حرب ، عن وكيع ، به وقال : \" خولف فيه وكيع ، رواه أبو وكيع وشعبة ، عن أبي إسحاق ، عن سعيد ، عن ابن عباس ، موقوفا \"\nوقال الثوري ، عن السدي ، عن عبد خير قال : سمعت عليا قرأ ( سبح اسم ربك الأعلى ) فقال : سبحان ربي الأعلى .\nوقال ابن جرير : حدثنا ابن حميد ، حدثنا حكام عن عنبسة ، عن أبي إسحاق الهمداني : أن ابن عباس كان إذا قرأ : ( سبح اسم ربك الأعلى ) يقول : سبحان ربي الأعلى ، وإذا قرأ : ( لا أقسم بيوم القيامة )[ القيامة : 1 ] فأتى على آخرها : ( أليس ذلك بقادر على أن يحيي الموتى )[ القيامة : 40 ] يقول : سبحانك وبلى .\nوقال قتادة : ( سبح اسم ربك الأعلى ) ذكر لنا أن نبي الله - صلى الله عليه وسلم - كان إذا قرأها ، قال : \" سبحان ربي الأعلى \""
  }, {
    "id" : 2,
    "eya" : "الَّذِي خَلَقَ فَسَوَّىٰ (2) ",
    "tafsir" : "أي خلق الخليقة وسوى كل مخلوق في أحسن الهيئات."
  }, {
    "id" : 3,
    "eya" : "وَالَّذِي قَدَّرَ فَهَدَىٰ (3) ",
    "tafsir" : "وقوله : ( والذي قدر فهدى ) قال مجاهد : هدى الإنسان للشقاوة والسعادة ، وهدى الأنعام لمراتعها .\nوهذه الآية كقوله تعالى إخبارا عن موسى أنه قال لفرعون : ( ربنا الذي أعطى كل شيء خلقه ثم هدى )[ طه : 5 ] أي : قدر قدرا ، وهدى الخلائق إليه ، كما ثبت في صحيح مسلم ، عن عبد الله بن عمرو : أن رسول الله - صلى الله عليه وسلم - قال : \" إن الله قدر مقادير الخلائق قبل أن يخلق السموات والأرض بخمسين ألف سنة ، وكان عرشه على الماء \""
  }, {
    "id" : 4,
    "eya" : "وَالَّذِي أَخْرَجَ الْمَرْعَىٰ (4) ",
    "tafsir" : "أي من جميع صنوف النباتات والزروع."
  }, {
    "id" : 5,
    "eya" : "فَجَعَلَهُ غُثَاءً أَحْوَىٰ (5) ",
    "tafsir" : "( فجعله غثاء أحوى ) قال ابن عباس : هشيما متغيرا . وعن مجاهد ، وقتادة ، وابن زيد ، نحوه .\nقال ابن جرير : وكان بعض أهل العلم بكلام العرب يرى أن ذلك من المؤخر الذي معناه التقديم ، وأن معنى الكلام : والذي أخرج المرعى أحوى ، أي : أخضر إلى السواد ، فجعله غثاء بعد ذلك . ثم قال ابن جرير : وهذا وإن كان محتملا إلا أنه غير صواب ; لمخالفته أقوال أهل التأويل ."
  }, {
    "id" : 6,
    "eya" : "سَنُقْرِئُكَ فَلَا تَنسَىٰ (6) ",
    "tafsir" : "وقوله : ( سنقرئك ) أي : يا محمد ( فلا تنسى ) وهذا إخبار من الله ، - عز وجل - ووعد منه له ، بأنه سيقرئه قراءة لا ينساها ، ( إلا ما شاء الله ) وهذا اختيار ابن جرير .\nوقال قتادة : كان رسول الله - صلى الله عليه وسلم - لا ينسى شيئا إلا ما شاء الله .\nوقيل : المراد بقوله : ( فلا تنسى )"
  }, {
    "id" : 7,
    "eya" : "إِلَّا مَا شَاءَ اللَّهُ ۚ إِنَّهُ يَعْلَمُ الْجَهْرَ وَمَا يَخْفَىٰ (7) ",
    "tafsir" : "وجعلوا معنى الاستثناء على هذا ما يقع من النسخ ، أي : لا تنسى ما نقرئك إلا ما شاء الله رفعه ; فلا عليك أن تتركه .( إنه يعلم الجهر وما يخفى ) أي : يعلم ما يجهر به العباد وما يخفونه من أقوالهم وأفعالهم ، لا يخفى عليه من ذلك شيء ."
  }, {
    "id" : 8,
    "eya" : "وَنُيَسِّرُكَ لِلْيُسْرَىٰ (8) ",
    "tafsir" : "أي نسهل عليك أفعال الخير وأقواله ونشرع لك شرعا سهلا سمحا مستقيما عدلا لا اعوجاج فيه ولا حرج ولا عسر."
  }, {
    "id" : 9,
    "eya" : "فَذَكِّرْ إِن نَّفَعَتِ الذِّكْرَىٰ (9) ",
    "tafsir" : "وقوله : ( فذكر إن نفعت الذكرى ) أي : ذكر حيث تنفع التذكرة . ومن هاهنا يؤخذ الأدب في نشر العلم ، فلا يضعه عند غير أهله ، كما قال أمير المؤمنين علي ، رضي الله عنه : ما أنت بمحدث قوما حديثا لا تبلغه عقولهم إلا كان فتنة لبعضهم . وقال : حدث الناس بما يعرفون ، أتحبون أن يكذب الله ورسوله ؟!"
  }, {
    "id" : 10,
    "eya" : "سَيَذَّكَّرُ مَن يَخْشَىٰ (10) ",
    "tafsir" : "أي سيتعظ بما تبلغه يا محمد من قلبه يخشى الله ويعلم أنه ملاقيه."
  }, {
    "id" : 11,
    "eya" : "وَيَتَجَنَّبُهَا الْأَشْقَى (11) ",
    "tafsir" : "وَيَتَجَنَّبُهَا الْأَشْقَى"
  }, {
    "id" : 12,
    "eya" : "الَّذِي يَصْلَى النَّارَ الْكُبْرَىٰ (12) ",
    "tafsir" : "الَّذِي يَصْلَى النَّارَ الْكُبْرَىٰ"
  }, {
    "id" : 13,
    "eya" : "ثُمَّ لَا يَمُوتُ فِيهَا وَلَا يَحْيَىٰ (13) ",
    "tafsir" : "أي لا يموت فيستريح ولا يحيي حياة تنفعه بل هي مضرة عليه لأن بسببها يشعر ما يعاقب به من أليم العذاب وأنواع النكال.\nقال الإمام أحمد : حدثنا ابن أبي عدي ، عن سليمان - يعني التيمي - عن أبي نضرة ، عن أبي سعيد قال : قال رسول الله - صلى الله عليه وسلم - : \" أما أهل النار الذين هم أهلها لا يموتون ولا يحيون ، وأما أناس يريد الله بهم الرحمة فيميتهم في النار فيدخل عليهم الشفعاء فيأخذ الرجل أنصاره فينبتهم - أو قال : ينبتون - في نهر الحياء - أو قال : الحياة - أو قال : الحيوان - أو قال : نهر الجنة فينبتون - نبات الحبة في حميل السيل \" . قال : وقال النبي - صلى الله عليه وسلم - : \" أما ترون الشجرة تكون خضراء ، ثم تكون صفراء أو قال : تكون صفراء ثم تكون خضراء ؟ \" . قال : فقال بعضهم : كأن النبي - صلى الله عليه وسلم - كان بالبادية .\nوقال أحمد أيضا : حدثنا إسماعيل ، حدثنا سعيد بن يزيد ، عن أبي نضرة ، عن أبي سعيد الخدري قال : قال رسول الله - صلى الله عليه وسلم - : \" أما أهل النار الذين هم أهلها ، فإنهم لا يموتون فيها ولا يحيون ، ولكن أناس - أو كما قال - تصيبهم النار بذنوبهم - أو قال : بخطاياهم - فيميتهم إماتة ، حتى إذا صاروا فحما أذن في الشفاعة ، فجيء بهم ضبائر ضبائر ، فنبتوا على أنهار الجنة ، فيقال : يا أهل الجنة ، اقبضوا عليهم . فينبتون نبات الحبة تكون في حميل السيل \" . قال : فقال رجل من القوم حينئذ : كأن رسول الله - صلى الله عليه وسلم - كان بالبادية .\nورواه مسلم في حديث بشر بن المفضل وشعبة ، كلاهما عن أبي مسلمة سعيد بن زيد ، به مثله ورواه أحمد أيضا عن يزيد ، عن سعيد بن إياس الجريري ، عن أبي نضرة ، عن أبي سعيد ، عن النبي - صلى الله عليه وسلم - قال : \" إن أهل النار الذين لا يريد الله إخراجهم لا يموتون فيها ولا يحيون ، وإن أهل النار الذين يريد الله إخراجهم يميتهم فيها إماتة ، حتى يصيروا فحما ، ثم يخرجون ضبائر فيلقون على أنهار الجنة ، أو : يرش عليهم من أنهار الجنة فينبتون كما تنبت الحبة في حميل السيل \"\nوقد قال الله إخبارا عن أهل النار : ( ونادوا يا مالك ليقض علينا ربك قال إنكم ماكثون )[ الزخرف : 77 ] وقال تعالى : ( لا يقضى عليهم فيموتوا ولا يخفف عنهم من عذابها )[ فاطر : 36 ] إلى غير ذلك من الآيات في هذا المعنى ."
  }, {
    "id" : 14,
    "eya" : "قَدْ أَفْلَحَ مَن تَزَكَّىٰ (14) ",
    "tafsir" : "أي طهر نفسه من الأخلاق الرذيلة وتابع ما أنزل الله على الرسول صلى الله عليه وسلم."
  }, {
    "id" : 15,
    "eya" : "وَذَكَرَ اسْمَ رَبِّهِ فَصَلَّىٰ (15) ",
    "tafsir" : "يقول تعالى : ( قد أفلح من تزكى ) أي : طهر نفسه من الأخلاق الرذيلة ، وتابع ما أنزل الله على رسوله ، صلوات الله وسلامه عليه ، ( وذكر اسم ربه فصلى ) أي : أقام الصلاة في أوقاتها ; ابتغاء رضوان الله وطاعة لأمر الله وامتثالا لشرع الله . وقد قال الحافظ أبو بكر البزار :\nحدثنا عباد بن أحمد العرزمي ، حدثنا عمي محمد بن عبد الرحمن ، عن أبيه ، عن عطاء بن السائب ، عن عبد الرحمن بن سابط ، عن جابر بن عبد الله ، عن النبي - صلى الله عليه وسلم - : ( قد أفلح من تزكى )\" من شهد أن لا إله إلا الله ، وخلع الأنداد ، وشهد أني رسول الله \"( وذكر اسم ربه فصلى )\" هي الصلوات الخمس والمحافظة عليها والاهتمام بها \"\nثم قال لا يروى عن جابر إلا من هذا الوجه .\nوكذا قال ابن عباس : إن المراد بذلك الصلوات الخمس . واختاره ابن جرير .\nوقال ابن جرير : حدثني عمرو بن عبد الحميد الآملي حدثنا مروان بن معاوية ، عن أبي خلدة قال : دخلت على أبي العالية فقال لي : إذا غدوت غدا إلى العيد فمر بي . قال : فمررت به فقال : هل طعمت شيئا ؟ قلت : نعم . قال : أفضت على نفسك من الماء ؟ قلت : نعم . قال : فأخبرني ما فعلت بزكاتك ؟ قلت : وكأنك قلت : قد وجهتها ؟ قال : إنما أردتك لهذا . ثم قرأ : ( قد أفلح من تزكى وذكر اسم ربه فصلى ) وقال : إن أهل المدينة لا يرون صدقة أفضل منها ومن سقاية الماء .\nقلت : وكذلك روينا عن أمير المؤمنين عمر بن عبد العزيز أنه كان يأمر الناس بإخراج صدقة الفطر ، ويتلو هذه الآية ( قد أفلح من تزكى وذكر اسم ربه فصلى )\nوقال أبو الأحوص : إذا أتى أحدكم سائل وهو يريد الصلاة ، فليقدم بين يدي صلاته زكاته ، فإن الله يقول : ( قد أفلح من تزكى وذكر اسم ربه فصلى )\nوقال قتادة في هذه الآية ( قد أفلح من تزكى وذكر اسم ربه فصلى ) زكى ماله وأرضى خالقه ."
  }, {
    "id" : 16,
    "eya" : "بَلْ تُؤْثِرُونَ الْحَيَاةَ الدُّنْيَا (16) ",
    "tafsir" : "أي تقدمونها على أمر الآخرة وتبدونها على ما فيه نفعكم وصلاحكم في معاشكم ومعادكم."
  }, {
    "id" : 17,
    "eya" : "وَالْآخِرَةُ خَيْرٌ وَأَبْقَىٰ (17) ",
    "tafsir" : "( والآخرة خير وأبقى ) أي : ثواب الله في الدار الآخرة خير من الدنيا وأبقى ، فإن الدنيا دنية فانية ، والآخرة شريفة باقية ، فكيف يؤثر عاقل ما يفنى على ما يبقى ، ويهتم بما يزول عنه قريبا ، ويترك الاهتمام بدار البقاء والخلد ؟!\nقال الإمام أحمد : حدثنا حسين بن محمد ، حدثنا ذويد ، عن أبي إسحاق ، عن عروة ، عن عائشة قالت : قال رسول الله - صلى الله عليه وسلم - : \" الدنيا دار من لا دار له ، ومال من لا مال له ، ولها يجمع من لا عقل له \"\nوقال ابن جرير : حدثنا ابن حميد ، حدثنا يحيى بن واضح ، حدثنا أبو حمزة ، عن عطاء ، عن عرفجة الثقفي قال : استقرأت ابن مسعود : ( سبح اسم ربك الأعلى ) فلما بلغ : ( بل تؤثرون الحياة الدنيا ) ترك القراءة ، وأقبل على أصحابه وقال : آثرنا الدنيا على الآخرة . فسكت القوم ، فقال : آثرنا الدنيا لأنا رأينا زينتها ونساءها وطعامها وشرابها ، وزويت عنا الآخرة فاخترنا هذا العاجل وتركنا الآجل .\nوهذا منه على وجه التواضع والهضم ، أو هو إخبار عن الجنس من حيث هو ، والله أعلم .\nوقد قال الإمام أحمد : حدثنا سليمان بن داود الهاشمي ، حدثنا إسماعيل بن جعفر ، أخبرني عمرو بن أبي عمرو ، عن المطلب بن عبد الله ، عن أبي موسى الأشعري : أن رسول الله - صلى الله عليه وسلم - قال : \" من أحب دنياه أضر بآخرته ، ومن أحب آخرته أضر بدنياه ، فآثروا ما يبقى على ما يفنى \" . تفرد به أحمد .\nوقد رواه أيضا عن أبي سلمة الخزاعي ، عن الدراوردي ، عن عمرو بن أبي عمرو ، به مثله سواء ."
  }, {
    "id" : 18,
    "eya" : "إِنَّ هَٰذَا لَفِي الصُّحُفِ الْأُولَىٰ (18) ",
    "tafsir" : "وقوله : ( إن هذا لفي الصحف الأولى صحف إبراهيم وموسى ) قال الحافظ أبو بكر البزار : حدثنا نصر بن علي ، حدثنا معتمر بن سليمان ، عن أبيه عن عطاء بن السائب ، عن عكرمة ، عن ابن عباس قال : لما نزلت : ( إن هذا لفي الصحف الأولى صحف إبراهيم وموسى ) قال النبي - صلى الله عليه وسلم - : \" كان كل هذا - أو : كان هذا - في صحف إبراهيم وموسى \"\nثم قال : لا نعلم أسند الثقات عن عطاء بن السائب ، عن عكرمة ، عن ابن عباس غير هذا ، وحديثا آخر أورده قبل هذا .\nوقال النسائي : أخبرنا زكريا بن يحيى ، أخبرنا نصر بن علي ، حدثنا المعتمر بن سليمان ، عن أبيه ، عن عطاء بن السائب ، عن عكرمة ، عن ابن عباس قال : لما نزلت ( سبح اسم ربك الأعلى ) قال : كلها في صحف إبراهيم وموسى ، فلما نزلت : ( وإبراهيم الذي وفى )[ النجم : 37 ] قال : وفى ( ألا تزر وازرة وزر أخرى )[ النجم : 38 ]\nيعني أن هذه الآية كقوله في سورة \" النجم \"( أم لم ينبأ بما في صحف موسى وإبراهيم الذي وفى ألا تزر وازرة وزر أخرى وأن ليس للإنسان إلا ما سعى وأن سعيه سوف يرى ثم يجزاه الجزاء الأوفى وأن إلى ربك المنتهى )[ النجم : 36 - 42 ] الآيات إلى آخرهن . وهكذا قال عكرمة - فيما رواه ابن جرير ، عن ابن حميد ، عن مهران ، عن سفيان الثوري ، عن أبيه ، عن عكرمة - في قوله : ( إن هذا لفي الصحف الأولى صحف إبراهيم وموسى ) يقول : الآيات التي في سبح اسم ربك الأعلى .\nوقال أبو العالية : قصة هذه السورة في الصحف الأولى .\nواختار ابن جرير أن المراد بقوله : ( إن هذا ) إشارة إلى قوله : ( قد أفلح من تزكى وذكر اسم ربه فصلى بل تؤثرون الحياة الدنيا والآخرة خير وأبقى ) ثم قال : ( إن هذا ) أي : مضمون هذا الكلام ( لفي الصحف الأولى صحف إبراهيم وموسى )\nوهذا اختيار حسن قوي . وقد روي عن قتادة وابن زيد ، نحوه . والله أعلم ."
  }, {
    "id" : 19,
    "eya" : "صُحُفِ إِبْرَاهِيمَ وَمُوسَىٰ (19) ",
    "tafsir" : "وقوله : ( إن هذا لفي الصحف الأولى صحف إبراهيم وموسى ) قال الحافظ أبو بكر البزار : حدثنا نصر بن علي ، حدثنا معتمر بن سليمان ، عن أبيه عن عطاء بن السائب ، عن عكرمة ، عن ابن عباس قال : لما نزلت : ( إن هذا لفي الصحف الأولى صحف إبراهيم وموسى ) قال النبي - صلى الله عليه وسلم - : \" كان كل هذا - أو : كان هذا - في صحف إبراهيم وموسى \"\nثم قال : لا نعلم أسند الثقات عن عطاء بن السائب ، عن عكرمة ، عن ابن عباس غير هذا ، وحديثا آخر أورده قبل هذا .\nوقال النسائي : أخبرنا زكريا بن يحيى ، أخبرنا نصر بن علي ، حدثنا المعتمر بن سليمان ، عن أبيه ، عن عطاء بن السائب ، عن عكرمة ، عن ابن عباس قال : لما نزلت ( سبح اسم ربك الأعلى ) قال : كلها في صحف إبراهيم وموسى ، فلما نزلت : ( وإبراهيم الذي وفى )[ النجم : 37 ] قال : وفى ( ألا تزر وازرة وزر أخرى )[ النجم : 38 ]\nيعني أن هذه الآية كقوله في سورة \" النجم \"( أم لم ينبأ بما في صحف موسى وإبراهيم الذي وفى ألا تزر وازرة وزر أخرى وأن ليس للإنسان إلا ما سعى وأن سعيه سوف يرى ثم يجزاه الجزاء الأوفى وأن إلى ربك المنتهى )[ النجم : 36 - 42 ] الآيات إلى آخرهن . وهكذا قال عكرمة - فيما رواه ابن جرير ، عن ابن حميد ، عن مهران ، عن سفيان الثوري ، عن أبيه ، عن عكرمة - في قوله : ( إن هذا لفي الصحف الأولى صحف إبراهيم وموسى ) يقول : الآيات التي في سبح اسم ربك الأعلى .\nوقال أبو العالية : قصة هذه السورة في الصحف الأولى .\nواختار ابن جرير أن المراد بقوله : ( إن هذا ) إشارة إلى قوله : ( قد أفلح من تزكى وذكر اسم ربه فصلى بل تؤثرون الحياة الدنيا والآخرة خير وأبقى ) ثم قال : ( إن هذا ) أي : مضمون هذا الكلام ( لفي الصحف الأولى صحف إبراهيم وموسى )\nوهذا اختيار حسن قوي . وقد روي عن قتادة وابن زيد ، نحوه . والله أعلم .\nآخر تفسير سورة \" سبح \" ولله الحمد والمنة ."
  } ]
}