{
  "id" : 88,
  "nbAya" : 26,
  "name" : "الغَاشِيَة",
  "type" : "مكيَّة",
  "ayets" : [ {
    "id" : 1,
    "eya" : "هَلْ أَتَاكَ حَدِيثُ الْغَاشِيَةِ (1) ",
    "tafsir" : "تفسير سورة الغاشية وهي مكية .\nقد تقدم عن النعمان بن بشير : أن رسول الله - صلى الله عليه وسلم - كان يقرأ ب \" سبح اسم ربك الأعلى \" والغاشية في صلاة العيد ويوم الجمعة .\nوقال الإمام مالك ، عن ضمرة بن سعيد ، عن عبيد الله بن عبد الله : أن الضحاك بن قيس سأل النعمان بن بشير : بم كان رسول الله - صلى الله عليه وسلم - يقرأ في الجمعة مع سورة الجمعة ؟ قال : \" هل أتاك حديث الغاشية \"\nرواه أبو داود عن القعنبي ، والنسائي عن قتيبة ، كلاهما عن مالك به ، ورواه مسلم وابن ماجه ، من حديث سفيان بن عيينة ، عن ضمرة بن سعيد ، به .\nالغاشية : من أسماء يوم القيامة . قاله ابن عباس ، وقتادة ، وابن زيد ; لأنها تغشى الناس وتعمهم . وقد قال ابن أبي حاتم :\nحدثنا أبي ، حدثنا علي بن محمد الطنافسي ، حدثنا أبو بكر بن عياش ، عن أبي إسحاق ، عن عمرو بن ميمون قال : مر النبي - صلى الله عليه وسلم - على امرأة تقرأ : ( هل أتاك حديث الغاشية ) فقام يستمع ويقول : \" نعم ، قد جاءني \""
  }, {
    "id" : 2,
    "eya" : "وُجُوهٌ يَوْمَئِذٍ خَاشِعَةٌ (2) ",
    "tafsir" : "أي ذليلة قاله قتادة وقال ابن عباس تخشع ولا ينفعها عملها."
  }, {
    "id" : 3,
    "eya" : "عَامِلَةٌ نَّاصِبَةٌ (3) ",
    "tafsir" : "وقوله : ( عاملة ناصبة ) أي : قد عملت عملا كثيرا ، ونصبت فيه ، وصليت يوم القيامة نارا حامية .\nوقال الحافظ أبو بكر البرقاني : حدثنا إبراهيم بن محمد المزكى ، حدثنا محمد بن إسحاق السراج ، حدثنا هارون بن عبد الله ، حدثنا سيار حدثنا جعفر قال : سمعت أبا عمران الجوني يقول : مر عمر بن الخطاب ، رضي الله عنه ، بدير راهب ، قال : فناداه : يا راهب [ يا راهب ] فأشرف . قال : فجعل عمر ينظر إليه ويبكي . فقيل له : يا أمير المؤمنين ، ما يبكيك من هذا ؟ قال : ذكرت قول الله ، - عز وجل - في كتابه : ( عاملة ناصبة تصلى نارا حامية ) فذاك الذي أبكاني .\nوقال البخاري : قال ابن عباس : ( عاملة ناصبة ) النصارى .\nوعن عكرمة ، والسدي : ( عاملة ) في الدنيا بالمعاصي ( ناصبة ) في النار بالعذاب والأغلال ."
  }, {
    "id" : 4,
    "eya" : "تَصْلَىٰ نَارًا حَامِيَةً (4) ",
    "tafsir" : "قال ابن عباس والحسن وقتادة\" تصلى نارا حامية\" أي حارة شديدة الحر."
  }, {
    "id" : 5,
    "eya" : "تُسْقَىٰ مِنْ عَيْنٍ آنِيَةٍ (5) ",
    "tafsir" : "أي قد انتهى حرها وغليانها قاله ابن عباس ومجاهد والحسن والسدي."
  }, {
    "id" : 6,
    "eya" : "لَّيْسَ لَهُمْ طَعَامٌ إِلَّا مِن ضَرِيعٍ (6) ",
    "tafsir" : "وقوله : ( ليس لهم طعام إلا من ضريع ) قال علي بن أبي طلحة ، عن ابن عباس : شجر من نار .\nوقال سعيد بن جبير : هو الزقوم . وعنه : أنها الحجارة .\nوقال ابن عباس ، ومجاهد ، وعكرمة ، وأبو الجوزاء ، وقتادة : هو الشبرق . قال قتادة : قريش تسميه في الربيع الشبرق ، وفي الصيف الضريع . قال عكرمة : وهو شجرة ذات شوك لاطئة بالأرض .\nوقال البخاري : قال مجاهد : الضريع نبت يقال له : الشبرق ، يسميه أهل الحجاز الضريع إذا يبس ، وهو سم .\nوقال معمر ، عن قتادة : ( إلا من ضريع ) هو الشبرق ، إذا يبس سمي الضريع .\nوقال سعيد ، عن قتادة : ( ليس لهم طعام إلا من ضريع ) من شر الطعام وأبشعه وأخبثه ."
  }, {
    "id" : 7,
    "eya" : "لَّا يُسْمِنُ وَلَا يُغْنِي مِن جُوعٍ (7) ",
    "tafsir" : "يعني لا يحصل به مقصود ولا يندفع به محذور."
  }, {
    "id" : 8,
    "eya" : "وُجُوهٌ يَوْمَئِذٍ نَّاعِمَةٌ (8) ",
    "tafsir" : "لما ذكر حال الأشقياء ثنى بذكر السعداء فقال \"وجوه يومئذ\" أي يوم القيامة \"ناعمة\" أي يعرف النعيم فيها وإنما حصل لها ذلك بسعيها."
  }, {
    "id" : 9,
    "eya" : "لِّسَعْيِهَا رَاضِيَةٌ (9) ",
    "tafsir" : "وقال سفيان لسعيها راضية قد رضيت عملها."
  }, {
    "id" : 10,
    "eya" : "فِي جَنَّةٍ عَالِيَةٍ (10) ",
    "tafsir" : "أي رفيعة بهية في الغرفات آمنون."
  }, {
    "id" : 11,
    "eya" : "لَّا تَسْمَعُ فِيهَا لَاغِيَةً (11) ",
    "tafsir" : "( لا تسمع فيها لاغية ) أي : لا يسمع في الجنة التي هم فيها كلمة لغو . كما قال : ( لا يسمعون فيها لغوا إلا سلاما )[ مريم : 62 ]( لا لغو فيها ولا تأثيم )[ الطور : 23 ]( لا يسمعون فيها لغوا ولا تأثيما إلا قيلا سلاما سلاما )[ الواقعة : 25 ، 26 ]"
  }, {
    "id" : 12,
    "eya" : "فِيهَا عَيْنٌ جَارِيَةٌ (12) ",
    "tafsir" : "( فيها عين جارية ) أي : سارحة . وهذه نكرة في سياق الإثبات ، وليس المراد بها عينا واحدة ، وإنما هذا جنس ، يعني : فيها عيون جاريات .\nوقال ابن أبي حاتم : قرئ على الربيع بن سليمان : حدثنا أسد بن موسى ، حدثنا ابن ثوبان ، عن عطاء بن قرة ، عن عبد الله بن ضمرة ، عن أبي هريرة قال : قال النبي - صلى الله عليه وسلم - : \" أنهار الجنة تفجر من تحت تلال - أو : من تحت جبال - المسك \""
  }, {
    "id" : 13,
    "eya" : "فِيهَا سُرُرٌ مَّرْفُوعَةٌ (13) ",
    "tafsir" : "أي عالية ناعمة كثيرة الفرش مرتفعة السمك عليها الحور العين قالوا فإذا أراد ولي الله أن يجلس على تلك السرر العالية تواضعت له."
  }, {
    "id" : 14,
    "eya" : "وَأَكْوَابٌ مَّوْضُوعَةٌ (14) ",
    "tafsir" : "يعني أواني الشرب معدة مرصدة لمن أرادها من أربابها."
  }, {
    "id" : 15,
    "eya" : "وَنَمَارِقُ مَصْفُوفَةٌ (15) ",
    "tafsir" : "قال ابن عباس النمارق الوسائد وكذا قال عكرمة وقتادة والضحاك والسدى والثوري وغيرهم."
  }, {
    "id" : 16,
    "eya" : "وَزَرَابِيُّ مَبْثُوثَةٌ (16) ",
    "tafsir" : "( فيها سرر مرفوعة ) أي : عالية ناعمة كثيرة الفرش ، مرتفعة السمك ، عليها الحور العين . قالوا : فإذا أراد ولي الله أن يجلس على تلك السرر العالية تواضعت له ، ( وأكواب موضوعة ) يعني : أواني الشرب معدة مرصدة لمن أرادها من أربابها ، ( ونمارق مصفوفة ) قال ابن عباس : النمارق : الوسائد . وكذا قال عكرمة ، وقتادة ، والضحاك ، والسدي ، والثوري ، وغيرهم .( وزرابي مبثوثة ) قال ابن عباس : الزرابي : البسط . وكذا قال الضحاك ، وغير واحد .\nومعنى مبثوثة ، أي : هاهنا وهاهنا لمن أراد الجلوس عليها .\nونذكر هاهنا هذا الحديث الذي رواه أبو بكر بن أبي داود : حدثنا عمرو بن عثمان حدثنا أبي ، عن محمد بن مهاجر ، عن الضحاك المعافري عن سليمان بن موسى : حدثني كريب أنه سمع أسامة بن زيد يقول : قال رسول الله - صلى الله عليه وسلم - : \" ألا هل من مشمر للجنة ، فإن الجنة لا خطر لها ، هي ورب الكعبة نور يتلألأ وريحانة تهتز ، وقصر مشيد ، ونهر مطرد ، وثمرة نضيجة وزوجة حسناء جميلة ، وحلل كثيرة ، ومقام في أبد في دار سليمة ، وفاكهة وخضرة ، وحبرة ونعمة ، في محلة عالية بهية ؟ \" . قالوا : نعم يا رسول الله ، نحن المشمرون لها . قال : \" قولوا : إن شاء الله \" . قال القوم : إن شاء الله .\nورواه ابن ماجه عن العباس بن عثمان الدمشقي ، عن الوليد بن مسلم عن محمد بن مهاجر به ."
  }, {
    "id" : 17,
    "eya" : "أَفَلَا يَنظُرُونَ إِلَى الْإِبِلِ كَيْفَ خُلِقَتْ (17) ",
    "tafsir" : "يقول تعالى آمرا عباده بالنظر في مخلوقاته الدالة على قدرته وعظمته : ( أفلا ينظرون إلى الإبل كيف خلقت ) ؟ فإنها خلق عجيب ، وتركيبها غريب ، فإنها في غاية القوة والشدة ، وهي مع ذلك تلين للحمل الثقيل ، وتنقاد للقائد الضعيف ، وتؤكل ، وينتفع بوبرها ، ويشرب لبنها . ونبهوا بذلك لأن العرب غالب دوابهم كانت الإبل ، وكان شريح القاضي يقول : اخرجوا بنا حتى ننظر إلى الإبل كيف خلقت ،"
  }, {
    "id" : 18,
    "eya" : "وَإِلَى السَّمَاءِ كَيْفَ رُفِعَتْ (18) ",
    "tafsir" : "وإلى السماء كيف رفعت ؟ أي : كيف رفعها الله ، - عز وجل - عن الأرض هذا الرفع العظيم ، كما قال تعالى : ( أفلم ينظروا إلى السماء فوقهم كيف بنيناها وزيناها وما لها من فروج )[ ق : 6 ]"
  }, {
    "id" : 19,
    "eya" : "وَإِلَى الْجِبَالِ كَيْفَ نُصِبَتْ (19) ",
    "tafsir" : "أي جعلت منصوبة فإنها ثابتة راسية لئلا تميد الأرض بأهلها وجعل فيها ما جعل من المنافع والمعادن."
  }, {
    "id" : 20,
    "eya" : "وَإِلَى الْأَرْضِ كَيْفَ سُطِحَتْ (20) ",
    "tafsir" : "( وإلى الأرض كيف سطحت ) ؟ أي : كيف بسطت ومدت ومهدت ، فنبه البدوي على الاستدلال بما يشاهده من بعيره الذي هو راكب عليه ، والسماء التي فوق رأسه ، والجبل الذي تجاهه ، والأرض التي تحته - على قدرة خالق ذلك وصانعه ، وأنه الرب العظيم الخالق المتصرف المالك ، وأنه الإله الذي لا يستحق العبادة سواه . وهكذا أقسم \" ضمام \" في سؤاله على رسول الله - صلى الله عليه وسلم - كما رواه الإمام أحمد حيث قال :\nحدثنا هاشم بن القاسم ، حدثنا سليمان بن المغيرة ، عن ثابت ، عن أنس قال : كنا نهينا أن نسأل رسول الله - صلى الله عليه وسلم - عن شيء ، فكان يعجبنا أن يجيء الرجل من أهل البادية العاقل فيسأله ونحن نسمع ، فجاء رجل من أهل البادية فقال : يا محمد ، إنه أتانا رسولك فزعم لنا أنك تزعم أن الله أرسلك . قال : \" صدق \" . قال : فمن خلق السماء ؟ قال : \" الله \" . قال : فمن خلق الأرض ؟ قال : \" الله \" . قال : فمن نصب هذه الجبال وجعل فيها ما جعل ؟ قال : \" الله \" . قال : فبالذي خلق السماء والأرض ونصب هذه الجبال ، آلله أرسلك ؟ قال : \" نعم \" . قال : وزعم رسولك أن علينا خمس صلوات في يومنا وليلتنا . قال : \" صدق \" . قال : فبالذي أرسلك ، آلله أمرك بهذا ؟ قال : \" نعم \" . قال : وزعم رسولك أن علينا زكاة في أموالنا ؟ قال : \" صدق \" . قال : فبالذي أرسلك ، آلله أمرك بهذا ؟ . قال : \" نعم \" . قال : وزعم رسولك أن علينا حج البيت من استطاع إليه سبيلا . قال : \" صدق \" . قال : ثم ولى فقال : والذي بعثك بالحق لا أزيد عليهن ولا أنقص منهن شيئا . فقال النبي - صلى الله عليه وسلم - : \" إن صدق ليدخلن الجنة \"\nوقد رواه مسلم ، عن عمرو الناقد ، عن أبي النضر هاشم بن القاسم ، به وعلقه البخاري ، ورواه الترمذي والنسائي ، من حديث سليمان بن المغيرة به ورواه الإمام أحمد والبخاري وأبو داود والنسائي وابن ماجه من حديث الليث بن سعد ، عن سعيد المقبري ، عن شريك بن عبد الله بن أبي نمر ، عن أنس ، به بطوله وقال في آخره : \" وأنا ضمام بن ثعلبة أخو بني سعد بن بكر \"\nوقال الحافظ أبو يعلى : حدثنا إسحاق ، حدثنا عبد الله بن جعفر ، حدثني عبد الله بن دينار عن ابن عمر قال : كان رسول الله - صلى الله عليه وسلم - كثيرا ما كان يحدث عن امرأة في الجاهلية على رأس جبل ، معها ابن لها ترعى غنما ، فقال لها ابنها : يا أمه ، من خلقك ؟ قالت : الله . قال : فمن خلق أبي ؟ قالت : الله . قال : فمن خلقني ؟ قالت : الله . قال : فمن خلق السماء ؟ قالت : الله . قال : فمن خلق الأرض ؟ قالت : الله . قال : فمن خلق الجبل ؟ قالت : الله . قال : فمن خلق هذه الغنم ؟ قالت : الله . قال : إني لأسمع لله شأنا . وألقى نفسه من الجبل فتقطع .\nقال ابن عمر : كان رسول الله - صلى الله عليه وسلم - كثيرا ما يحدثنا هذا .\nقال ابن دينار : كان ابن عمر كثيرا ما يحدثنا بهذا .\nفي إسناده ضعف ، وعبد الله بن جعفر هذا هو المديني ، ضعفه ولده الإمام علي بن المديني وغيره ."
  }, {
    "id" : 21,
    "eya" : "فَذَكِّرْ إِنَّمَا أَنتَ مُذَكِّرٌ (21) ",
    "tafsir" : "أي فذكر يا محمد الناس بما أرسلت به إليهم فإنما عليك البلاغ وعلينا الحساب."
  }, {
    "id" : 22,
    "eya" : "لَّسْتَ عَلَيْهِم بِمُصَيْطِرٍ (22) ",
    "tafsir" : "ولهذا قال : ( لست عليهم بمسيطر ) قال ابن عباس ، ومجاهد ، وغيرهما : لست عليهم بجبار .\nوقال ابن زيد : لست بالذي تكرههم على الإيمان .\nقال الإمام أحمد : حدثنا وكيع ، عن سفيان ، عن أبي الزبير ، عن جابر قال : قال رسول الله - صلى الله عليه وسلم - : \" أمرت أن أقاتل الناس حتى يقولوا : لا إله إلا الله ، فإذا قالوها عصموا مني دماءهم وأموالهم إلا بحقها ، وحسابهم على الله - عز وجل - \" . ثم قرأ : ( فذكر إنما أنت مذكر لست عليهم بمسيطر )\nوهكذا رواه مسلم في كتاب \" الإيمان \" ، والترمذي والنسائي في كتابي التفسير \" من سننيهما ، من حديث سفيان بن سعيد الثوري ، به بهذه الزيادة وهذا الحديث مخرج في الصحيحين من رواية أبي هريرة ، بدون ذكر هذه الآية ."
  }, {
    "id" : 23,
    "eya" : "إِلَّا مَن تَوَلَّىٰ وَكَفَرَ (23) ",
    "tafsir" : "وقوله : ( إلا من تولى وكفر ) أي : تولى عن العمل بأركانه ، وكفر بالحق بجنانه ولسانه . وهذه كقوله : ( فلا صدق ولا صلى ولكن كذب وتولى )[ القيامة : 31 ، 32 ]"
  }, {
    "id" : 24,
    "eya" : "فَيُعَذِّبُهُ اللَّهُ الْعَذَابَ الْأَكْبَرَ (24) ",
    "tafsir" : "ولهذا قال : ( فيعذبه الله العذاب الأكبر ) قال الإمام أحمد :\nحدثنا قتيبة ، حدثنا ليث ، عن سعيد بن أبي هلال ، عن علي بن خالد أن أبا أمامة الباهلي مر على خالد بن يزيد بن معاوية ، فسأله عن ألين كلمة سمعها من رسول الله - صلى الله عليه وسلم - فقال : سمعت رسول الله - صلى الله عليه وسلم - يقول : \" ألا كلكم يدخل الجنة ، إلا من شرد على الله شراد البعير على أهله \"\nتفرد بإخراجه الإمام أحمد وعلي بن خالد هذا ذكره ابن أبي حاتم عن أبيه ، ولم يزد على ما هاهنا : \" روى عن أبي أمامة ، وعنه سعيد بن أبي هلال \""
  }, {
    "id" : 25,
    "eya" : "إِنَّ إِلَيْنَا إِيَابَهُمْ (25) ",
    "tafsir" : "وقوله : ( إن إلينا إيابهم ) أي : مرجعهم ومنقلبهم"
  }, {
    "id" : 26,
    "eya" : "ثُمَّ إِنَّ عَلَيْنَا حِسَابَهُم (26) ",
    "tafsir" : "( ثم إن علينا حسابهم ) أي : نحن نحاسبهم على أعمالهم ونجازيهم بها ، إن خيرا فخير ، وإن شرا فشر .\nآخر تفسير سورة \" الغاشية \" ولله الحمد والمنة ."
  } ]
}