{
  "id" : 90,
  "nbAya" : 20,
  "name" : "البَلَد",
  "type" : "مكيَّة",
  "ayets" : [ {
    "id" : 1,
    "eya" : "لَا أُقْسِمُ بِهَٰذَا الْبَلَدِ (1) ",
    "tafsir" : "هذا قسم من الله تبارك وتعالي بمكة أم القرى في حال كون الساكن فيها حلالا لينبه على عظمة قدرها في حال إحرام أهلها قال خصيف عن مجاهد \"لا أقسم بهذا البلد\" لا رد عليهم أقسم بهذا اتفسير سورة البلد وهي مكية .\nهذا قسم من الله - عز وجل - بمكة أم القرى في حال كون الساكن فيها حالا ; لينبه على عظمة قدرها في حال إحرام أهلها .\nقال خصيف ، عن مجاهد : ( لا أقسم بهذا البلد ) لا رد عليهم ; أقسم بهذا البلد .\nوقال شبيب بن بشر ، عن عكرمة ، عن ابن عباس : ( لا أقسم بهذا البلد ) يعني : مكة ،"
  }, {
    "id" : 2,
    "eya" : "وَأَنتَ حِلٌّ بِهَٰذَا الْبَلَدِ (2) ",
    "tafsir" : "( وأنت حل بهذا البلد ) قال : أنت - يا محمد - يحل لك أن تقابل به . وكذا روي عن سعيد بن جبير ، وأبي صالح ، وعطية ، والضحاك ، وقتادة ، والسدي ، وابن زيد .\nوقال مجاهد : ما أصبت فيه فهو حلال لك .\nوقال قتادة : ( وأنت حل بهذا البلد ) قال : أنت به من غير حرج ولا إثم .\nوقال الحسن البصري : أحلها الله له ساعة من نهار .\nوهذا المعنى الذي قالوه قد ورد به الحديث المتفق على صحته : \" إن هذا البلد حرمه الله يوم خلق السماوات والأرض ، فهو حرام بحرمة الله إلى يوم القيامة ، لا يعضد شجره ولا يختلى خلاه . وإنما أحلت لي ساعة من نهار ، وقد عادت حرمتها اليوم كحرمتها بالأمس ، ألا فليبلغ الشاهد الغائب \" . وفي لفظ [ آخر ] فإن أحد ترخص بقتال رسول الله فقولوا : إن الله أذن لرسوله ولم يأذن لكم \" ."
  }, {
    "id" : 3,
    "eya" : "وَوَالِدٍ وَمَا وَلَدَ (3) ",
    "tafsir" : "وقوله : ( ووالد وما ولد ) قال ابن جرير : حدثنا أبو كريب ، حدثنا ابن عطية ، عن شريك ، عن خصيف ، عن عكرمة ، عن ابن عباس في قوله : ( ووالد وما ولد ) الوالد : الذي يلد ، وما ولد : العاقر الذي لا يولد له .[ ابن جرير و ] ابن أبي حاتم ، من حديث شريك - وهو ابن عبد الله القاضي - به .\nوقال عكرمة : الوالد : العاقر ، وما ولد : الذي يلد . رواه ابن أبي حاتم .\nوقال مجاهد ، وأبو صالح ، وقتادة ، والضحاك ، وسفيان الثوري ، وسعيد بن جبير ، والسدي ، والحسن البصري ، وخصيف ، وشرحبيل بن سعد وغيرهم : يعني بالوالد آدم ، وما ولد ولده .\nوهذا الذي ذهب إليه مجاهد وأصحابه حسن قوي ; لأنه تعالى لما أقسم بأم القرى وهي المساكن أقسم بعده بالساكن ، وهو آدم أبو البشر وولده .\nوقال أبو عمران الجوني : هو إبراهيم وذريته . رواه ابن جرير ، وابن أبي حاتم .\nواختار ابن جرير أنه عام في كل والد وولده . وهو محتمل أيضا ."
  }, {
    "id" : 4,
    "eya" : "لَقَدْ خَلَقْنَا الْإِنسَانَ فِي كَبَدٍ (4) ",
    "tafsir" : "وقوله : ( لقد خلقنا الإنسان في كبد ) روي عن ابن مسعود ، وابن عباس ، وعكرمة ، ومجاهد ، وإبراهيم النخعي ، وخيثمة ، والضحاك ، وغيرهم : يعني منتصبا - زاد ابن عباس في رواية عنه - في بطن أمه .\nوالكبد : الاستواء والاستقامة . ومعنى هذا القول : لقد خلقنا الإنسان سويا مستقيما كقوله : ( يا أيها الإنسان ما غرك بربك الكريم الذي خلقك فسواك فعدلك )[ الانفطار : 6 ، 7 ] ، وكقوله ( لقد خلقنا الإنسان في أحسن تقويم )[ التين : 4 ][ أبي نجيح ] عن جريج وعطاء عن ابن عباس : في كبد ، قال : في شدة خلق ، ألم تر إليه . . وذكر مولده ونبات أسنانه .( في كبد ) نطفة ، ثم علقة ، ثم مضغة يتكبد في الخلق - قال مجاهد : وهو كقوله : ( حملته أمه كرها ووضعته كرها ) وأرضعته كرها ، ومعيشته كره ، فهو يكابد ذلك .\nوقال سعيد بن جبير : ( لقد خلقنا الإنسان في كبد ) في شدة وطلب معيشة . وقال عكرمة : في شدة وطول . وقال قتادة : في مشقة .\nوقال ابن أبي حاتم : حدثنا أحمد بن عصام ، حدثنا أبو عاصم ، أخبرنا عبد الحميد بن جعفر ، سمعت محمد بن علي أبا جعفر الباقر سأل رجلا من الأنصار عن قول الله : ( لقد خلقنا الإنسان في كبد ) قال : في قيامه واعتداله . فلم ينكر عليه أبو جعفر .\nوروى من طريق أبي مودود : سمعت الحسن قرأ هذه الآية : ( لقد خلقنا الإنسان في كبد ) قال : يكابد أمرا من أمر الدنيا ، وأمرا من أمر الآخرة - وفي رواية : يكابد مضايق الدنيا وشدائد الآخرة .\nوقال ابن زيد : ( لقد خلقنا الإنسان في كبد ) قال : آدم خلق في السماء ، فسمي ذلك الكبد .\nواختار ابن جرير أن المراد [ بذلك ] مكابدة الأمور ومشاقها ."
  }, {
    "id" : 5,
    "eya" : "أَيَحْسَبُ أَن لَّن يَقْدِرَ عَلَيْهِ أَحَدٌ (5) ",
    "tafsir" : "وقوله : ( أيحسب أن لن يقدر عليه أحد ) قال الحسن البصري : يعني أيحسب أن لن يقدر عليه أحد يأخذ ماله .\nوقال قتادة : ( أيحسب أن لن يقدر عليه أحد ) قال : ابن آدم يظن أن لن يسأل عن هذا المال : من أين اكتسبه ؟ وأين أنفقه ؟\nوقال السدي : ( أيحسب أن لن يقدر عليه أحد ) قال : الله - عز وجل - ."
  }, {
    "id" : 6,
    "eya" : "يَقُولُ أَهْلَكْتُ مَالًا لُّبَدًا (6) ",
    "tafsir" : "قوله تعالى \"يقول أهلكت مالا لبدا\" أي يقول ابن آدم أنفقت مالا لبدا أي كثيرا قاله مجاهد والحسن وقتادة والسدي وغيرهم."
  }, {
    "id" : 7,
    "eya" : "أَيَحْسَبُ أَن لَّمْ يَرَهُ أَحَدٌ (7) ",
    "tafsir" : "قال مجاهد أي أيحسب أن لم يره الله عز وجل وكذا قال غيره من السلف."
  }, {
    "id" : 8,
    "eya" : "أَلَمْ نَجْعَل لَّهُ عَيْنَيْنِ (8) ",
    "tafsir" : "أى يبصر بهما فانظر بعينيك إلى ما أحللت لك وإن رأيت ما حرمت عليك فأطبق عليهما غطاءهما."
  }, {
    "id" : 9,
    "eya" : "وَلِسَانًا وَشَفَتَيْنِ (9) ",
    "tafsir" : "( ولسانا ) أي : ينطق به ، فيعبر عما في ضميره ، ( وشفتين ) يستعين بهما على الكلام وأكل الطعام ، وجمالا لوجهه وفمه .\nوقد روى الحافظ ابن عساكر في ترجمة أبي الربيع الدمشقي ، عن مكحول قال : قال النبي - صلى الله عليه وسلم - : \" يقول الله تعالى : يا ابن آدم ، قد أنعمت عليك نعما عظاما لا تحصي عددها ولا تطيق شكرها ، وإن مما أنعمت عليك أن جعلت لك عينين تنظر بهما ، وجعلت لهما غطاء ، فانظر بعينيك إلى ما أحللت لك ، وإن رأيت ما حرمت عليك فأطبق عليهما غطاءهما . وجعلت لك لسانا ، وجعلت له غلافا ، فانطق بما أمرتك وأحللت لك ، فإن عرض لك ما حرمت عليك فأغلق عليك لسانك . وجعلت لك فرجا ، وجعلت لك سترا ، فأصب بفرجك ما أحللت لك ، فإن عرض لك ما حرمت عليك فأرخ عليك سترك . يا ابن آدم ، إنك لا تحمل سخطي ، ولا تطيق انتقامي \""
  }, {
    "id" : 10,
    "eya" : "وَهَدَيْنَاهُ النَّجْدَيْنِ (10) ",
    "tafsir" : "( وهديناه النجدين ) قال سفيان الثوري ، عن عاصم ، عن زر ، عن عبد الله - هو ابن مسعود - : ( وهديناه النجدين ) قال : الخير والشر . وكذا روي عن علي ، وابن عباس ، ومجاهد ، وعكرمة ، وأبي وائل ، وأبي صالح ، ومحمد بن كعب ، والضحاك ، وعطاء الخراساني في آخرين .\nوقال عبد الله بن وهب : أخبرني ابن لهيعة ، عن يزيد بن أبي حبيب ، عن سنان بن سعد ، عن أنس بن مالك قال : قال رسول الله - صلى الله عليه وسلم - : \" هما نجدان ، فما جعل نجد الشر أحب إليكم من نجد الخير \"\nتفرد به سنان بن سعد - ويقال : سعد بن سنان - وقد وثقه ابن معين . وقال الإمام أحمد والنسائي والجوزجاني : منكر الحديث . وقال أحمد : تركت حديثه لاضطرابه . وروى خمسة عشر حديثا منكرة كلها ، ما أعرف منها حديثا واحدا . يشبه حديثه حديث الحسن - يعني البصري - لا يشبه حديث أنس .\nوقال ابن جرير : حدثني يعقوب ، حدثنا ابن علية ، عن أبي رجاء قال : سمعت الحسن يقول : ( وهديناه النجدين ) قال : ذكر لنا أن نبي الله - صلى الله عليه وسلم - كان يقول : \" يا أيها الناس ، إنهما النجدان ، نجد الخير ونجد الشر ، فما جعل نجد الشر أحب إليكم من نجد الخير \"\nوكذا رواه حبيب بن الشهيد ، ويونس بن عبيد ، وأبو وهب ، عن الحسن مرسلا . وهكذا أرسله قتادة .\nوقال ابن أبي حاتم : حدثنا أحمد بن عصام الأنصاري ، حدثنا أبو أحمد الزبيري ، حدثنا عيسى بن عقال عن أبيه ، عن ابن عباس في قوله : ( وهديناه النجدين ) قال : الثديين .\nوروي عن الربيع بن خثيم وقتادة وأبي حازم ، مثل ذلك . ورواه ابن جرير عن أبي كريب ، عن وكيع ، عن عيسى بن عقال ، به . ثم قال : والصواب القول الأول .\nونظير هذه الآية قوله : ( إنا خلقنا الإنسان من نطفة أمشاج نبتليه فجعلناه سميعا بصيرا إنا هديناه السبيل إما شاكرا وإما كفورا )[ سورة الإنسان : 2 ، 3 ]"
  }, {
    "id" : 11,
    "eya" : "فَلَا اقْتَحَمَ الْعَقَبَةَ (11) ",
    "tafsir" : "قال ابن جرير حدثني عمر بن إسماعيل بن مجالد حدثنا عبدالله بن إدريس عن أبيه عن أبي عطية عن ابن عمر في قوله تعالى \"فلا اقتحم\"\"العقبة\" قال جبل في جهنم وقال كعب الأحبار \"فلا اقتحم العقبة\" هو سبعون درجة في جهنم وقال الحسن البصري \"فلا اقتحم العقبة\" قال عقبة في جهنم وقال قتادة إنها عقبة قحمة شديدة فاقتحموها."
  }, {
    "id" : 12,
    "eya" : "وَمَا أَدْرَاكَ مَا الْعَقَبَةُ (12) ",
    "tafsir" : "وقال قتادة \"وما أدراك ما العقبة\"\nثم أخبر تعالى عن اقتحامها."
  }, {
    "id" : 13,
    "eya" : "فَكُّ رَقَبَةٍ (13) ",
    "tafsir" : "فقال : ( فك رقبة أو إطعام )\nوقال ابن زيد : ( اقتحم العقبة ) أي : أفلا سلك الطريق التي فيها النجاة والخير . ثم بينها فقال : ( وما أدراك ما العقبة فك رقبة أو إطعام )( فك رقبة ) بالإضافة ، وقرئ على أنه فعل ، وفيه ضمير الفاعل والرقبة مفعوله وكلتا القراءتين معناهما متقارب .\nقال الإمام أحمد : حدثنا علي بن إبراهيم ، حدثنا عبد الله - يعني ابن سعيد بن أبي هند - عن إسماعيل بن أبي حكيم - مولى آل الزبير - عن سعيد بن مرجانة : أنه سمع أبا هريرة يقول : قال رسول الله - صلى الله عليه وسلم - : \" من أعتق رقبة مؤمنة أعتق الله بكل إرب منها إربا منه من النار ، حتى إنه ليعتق باليد اليد ، وبالرجل الرجل ، وبالفرج الفرج \" . فقال علي بن الحسين : أنت سمعت هذا من أبي هريرة ؟ فقال سعيد : نعم . فقال علي بن الحسين لغلام له - أفره غلمانه - : ادع مطرفا . فلما قام بين يديه قال : اذهب فأنت حر لوجه الله .\nوقد رواه البخاري ومسلم والترمذي والنسائي ، من طرق ، عن سعيد بن مرجانة ، به وعند مسلم أن هذا الغلام الذي أعتقه علي بن الحسين زين العابدين كان قد أعطي فيه عشرة آلاف درهم .\nوقال قتادة ، عن سالم بن أبي الجعد ، عن معدان بن أبي طلحة ، عن أبي نجيح قال : سمعت رسول الله - صلى الله عليه وسلم - يقول : \" أيما مسلم أعتق رجلا مسلما ، فإن الله جاعل وفاء كل عظم من عظامه عظما من عظام محرره من النار ، وأيما امرأة مسلمة أعتقت امرأة مسلمة ، فإن الله جاعل وفاء كل عظم من عظامها عظما من عظامها من النار \"\nرواه ابن جرير هكذا وأبو نجيح هذا هو عمرو بن عبسة السلمي ، رضي الله عنه .\nقال الإمام أحمد : حدثنا حيوة بن شريح ، حدثنا بقية ، حدثني بحير بن سعد ، عن خالد بن معدان ، عن كثير بن مرة ، عن عمرو بن عبسة أنه حدثهم : أن النبي - صلى الله عليه وسلم - قال : \" من بنى مسجدا ليذكر الله فيه ، بنى الله له بيتا في الجنة . ومن أعتق نفسا مسلمة ، كانت فديته من جهنم . ومن شاب شيبة في الإسلام ، كانت له نورا يوم القيامة \"\nطريق أخرى : قال أحمد : حدثنا الحكم بن نافع ، حدثنا حريز ; عن سليم بن عامر : أن شرحبيل بن السمط قال لعمرو بن عبسة حدثنا حديثا ليس فيه تزيد ولا نسيان . قال عمرو : سمعت رسول الله - صلى الله عليه وسلم - يقول : \" من أعتق رقبة مسلمة كانت فكاكه من النار ، عضوا بعضو . ومن شاب شيبة في سبيل الله ، كانت له نورا يوم القيامة ، ومن رمى بسهم فبلغ فأصاب أو أخطأ ، كان كمعتق رقبة من بني إسماعيل \"\nوروى أبو داود ، والنسائي بعضه .\nطريق أخرى : قال أحمد : حدثنا هاشم بن القاسم ، حدثنا الفرج ، حدثنا لقمان ، عن أبي أمامة ، عن عمرو بن عبسة قال السلمي قلت له : حدثنا حديثا سمعته من رسول الله - صلى الله عليه وسلم - ليس فيه انتقاص ولا وهم . قال : سمعته يقول : \" من ولد له ثلاثة أولاد في الإسلام فماتوا قبل أن يبلغوا الحنث ، أدخله الله الجنة بفضل رحمته إياهم ، ومن شاب شيبة في سبيل الله كانت له نورا يوم القيامة ، ومن رمى بسهم في سبيل الله ، بلغ به العدو ، أصاب أو أخطأ ، كان له عتق رقبة . ومن أعتق رقبة مؤمنة أعتق الله بكل عضو منه عضوا منه من النار ، ومن أنفق زوجين في سبيل الله ، فإن للجنة ثمانية أبواب ، يدخله الله من أي باب شاء منها \"\nوهذه أسانيد جيدة قوية ، ولله الحمد [ والمنة ]\nحديث آخر : قال أبو داود : حدثنا عيسى بن محمد الرملي ، حدثنا ضمرة ، عن ابن أبي عبلة ، عن الغريف بن الديلمي قال : أتينا واثلة بن الأسقع فقلنا له : حدثنا حديثا ليس فيه زيادة ولا نقصان . فغضب وقال : إن أحدكم ليقرأ ومصحفه معلق في بيته ، فيزيد وينقص . قلنا : إنما أردنا حديثا سمعته من رسول الله - صلى الله عليه وسلم - . قال : أتينا رسول الله - صلى الله عليه وسلم - في صاحب لنا قد أوجب - يعني النار - بالقتل ، فقال : \" أعتقوا عنه يعتق الله بكل عضو منه عضوا منه من النار \"\nوكذا رواه النسائي من حديث إبراهيم بن أبي عبلة ، عن الغريف بن عياش الديلمي ، عن واثلة ، به .\nحديث آخر : قال أحمد : حدثنا عبد الصمد ، حدثنا هشام ، عن قتادة ، عن قيس الجذامي ، عن عقبة بن عامر الجهني : أن رسول الله - صلى الله عليه وسلم - قال : \" من أعتق رقبة مسلمة فهو فداؤه من النار \"\nوحدثنا عبد الوهاب الخفاف ، عن سعيد ، عن قتادة قال : ذكر أن قيسا الجذامي حدث عن عقبة بن عامر أن رسول الله - صلى الله عليه وسلم - قال : \" من أعتق رقبة مؤمنة فهي فكاكه من النار \"\nتفرد به أحمد من هذا الوجه .\nحديث آخر : قال الإمام أحمد : حدثنا يحيى بن آدم وأبو أحمد قالا حدثنا عيسى بن عبد الرحمن البجلي - من بني بجيلة - من بني سليم - عن طلحة - قال أبو أحمد : حدثنا طلحة بن مصرف - عن عبد الرحمن بن عوسجة ، عن البراء بن عازب قال : جاء أعرابي إلى رسول الله - صلى الله عليه وسلم - فقال : يا رسول الله ، علمني عملا يدخلني الجنة . فقال : \" لئن كنت أقصرت الخطبة لقد أعرضت المسألة . أعتق النسمة ، وفك الرقبة \" . فقال : يا رسول الله ، أوليستا بواحدة ؟ قال : \" لا إن عتق النسمة أن تنفرد بعتقها ، وفك الرقبة أن تعين في عتقها . والمنحة الوكوف ، والفيء على ذي الرحم الظالم ; فإن لم تطق ذلك فأطعم الجائع ، واسق الظمآن ، وأمر بالمعروف ، وانه عن المنكر ، فإن لم تطق ذلك فكف لسانك إلا من الخير \""
  }, {
    "id" : 14,
    "eya" : "أَوْ إِطْعَامٌ فِي يَوْمٍ ذِي مَسْغَبَةٍ (14) ",
    "tafsir" : "وقوله : ( أو إطعام في يوم ذي مسغبة ) قال ابن عباس : ذي مجاعة . وكذا قال عكرمة ، ومجاهد ، والضحاك ، وقتادة ، وغير واحد . والسغب : هو الجوع .\nوقال إبراهيم النخعي : في يوم الطعام فيه عزيز .\nوقال قتادة : في يوم يشتهى فيه الطعام ."
  }, {
    "id" : 15,
    "eya" : "يَتِيمًا ذَا مَقْرَبَةٍ (15) ",
    "tafsir" : "وقوله : ( يتيما ) أي : أطعم في مثل هذا اليوم يتيما ، ( ذا مقربة ) أي : ذا قرابة منه . قاله ابن عباس ، وعكرمة ، والحسن ، والضحاك ، والسدي . كما جاء في الحديث الذي رواه الإمام أحمد :\nحدثنا يزيد ، أخبرنا هشام ، عن حفصة بنت سيرين ، عن سليمان بن عامر قال : سمعت رسول الله - صلى الله عليه وسلم - يقول : \" الصدقة على المسكين صدقة ، وعلى ذي الرحم اثنتان ، صدقة وصلة \"\nوقد رواه الترمذي والنسائي وهذا إسناد صحيح ."
  }, {
    "id" : 16,
    "eya" : "أَوْ مِسْكِينًا ذَا مَتْرَبَةٍ (16) ",
    "tafsir" : "وقوله : ( أو مسكينا ذا متربة ) أي : فقيرا مدقعا لاصقا بالتراب ، وهو الدقعاء أيضا .\nقال ابن عباس : ( ذا متربة ) هو المطروح في الطريق الذي لا بيت له ، ولا شيء يقيه من التراب - وفي رواية : هو الذي لصق بالدقعاء من الفقر والحاجة ، ليس له شيء - وفي رواية عنه : هو البعيد التربة .\nقال ابن أبي حاتم : يعني الغريب عن وطنه .\nوقال عكرمة : هو الفقير المديون المحتاج .\nوقال سعيد بن جبير : هو الذي لا أحد له .\nوقال ابن عباس ، وسعيد ، وقتادة ، ومقاتل بن حيان : هو ذو العيال .\nوكل هذه قريبة المعنى ."
  }, {
    "id" : 17,
    "eya" : "ثُمَّ كَانَ مِنَ الَّذِينَ آمَنُوا وَتَوَاصَوْا بِالصَّبْرِ وَتَوَاصَوْا بِالْمَرْحَمَةِ (17) ",
    "tafsir" : "وقوله : ( ثم كان من الذين آمنوا ) أي : ثم هو مع هذه الأوصاف الجميلة الطاهرة مؤمن بقلبه ، محتسب ثواب ذلك عند الله - عز وجل - . كما قال تعالى : ( ومن أراد الآخرة وسعى لها سعيها وهو مؤمن فأولئك كان سعيهم مشكورا )[ الإسراء : 19 ]( من عمل صالحا من ذكر أو أنثى وهو مؤمن )[ النحل : 97 ]( وتواصوا بالصبر وتواصوا بالمرحمة ) أي : كان من المؤمنين العاملين صالحا ، المتواصين بالصبر على أذى الناس ، وعلى الرحمة بهم . كما جاء في الحديث : \" الراحمون يرحمهم الرحمن ، ارحموا من في الأرض يرحمكم من في السماء \" وفي الحديث الآخر : \" لا يرحم الله من لا يرحم الناس \"\nوقال أبو داود : حدثنا [ أبو بكر ] بن أبي شيبة ، حدثنا سفيان ، عن ابن أبي نجيح ، عن ابن عامر عن عبد الله بن عمرو - يرويه - قال : \" من لم يرحم صغيرنا ويعرف حق كبيرنا ، فليس منا \""
  }, {
    "id" : 18,
    "eya" : "أُولَٰئِكَ أَصْحَابُ الْمَيْمَنَةِ (18) ",
    "tafsir" : "قوله تعالى \"أولئك أصحاب الميمنة\" أى المتصفون بهذه الصفات من أصحاب اليمين."
  }, {
    "id" : 19,
    "eya" : "وَالَّذِينَ كَفَرُوا بِآيَاتِنَا هُمْ أَصْحَابُ الْمَشْأَمَةِ (19) ",
    "tafsir" : "قال \"والذين كفروا بآياتنا هم أصحاب المشئمة\" أي أصحاب الشمال."
  }, {
    "id" : 20,
    "eya" : "عَلَيْهِمْ نَارٌ مُّؤْصَدَةٌ (20) ",
    "tafsir" : "( عليهم نار مؤصدة ) أي : مطبقة عليهم ، فلا محيد لهم عنها ، ولا خروج لهم منها .\nقال أبو هريرة ، وابن عباس ، وعكرمة ، وسعيد بن جبير ، ومجاهد ، ومحمد بن كعب القرظي ، وعطية العوفي ، والحسن ، وقتادة ، والسدي : ( مؤصدة ) أي : مطبقة - قال ابن عباس : مغلقة الأبواب . وقال مجاهد : أصد الباب بلغة قريش : أي أغلقه .\nوسيأتي في ذلك حديث في سورة : ( ويل لكل همزة لمزة )\nوقال الضحاك : ( مؤصدة ) حيط لا باب له .\nوقال قتادة : ( مؤصدة ) مطبقة فلا ضوء فيها ولا فرج ، ولا خروج منها آخر الأبد .\nوقال أبو عمران الجوني : إذا كان يوم القيامة أمر الله بكل جبار وكل شيطان وكل من كان يخاف الناس في الدنيا شره ، فأوثقوا في الحديد ، ثم أمر بهم إلى جهنم ، ثم أوصدوها عليهم ، أي : أطبقوها - قال : فلا والله لا تستقر أقدامهم على قرار أبدا ، ولا والله لا ينظرون فيها إلى أديم سماء أبدا ، ولا والله لا تلتقي جفون أعينهم على غمض نوم أبدا ، . ولا والله لا يذوقون فيها بارد شراب أبدا . رواه ابن أبي حاتم .\nآخر تفسير سورة البلد ولله الحمد والمنة."
  } ]
}